Iteration	Posterior	Likelihood	Prior	rate_log_sd	root_freqs[1]	root_freqs[2]	tree_length
0	-3977.969	-4239.216	261.247	1.949686	0.655747	0.344253	1.324025
6	-3986.921	-4247.959	261.0379	1.941259	0.730309	0.269691	1.492793
12	-3993.084	-4254.061	260.9773	1.845818	0.723077	0.276923	1.60797
18	-3987.727	-4248.516	260.7888	1.698395	0.656221	0.343779	1.844594
24	-3988.12	-4249.178	261.0579	1.919961	0.639087	0.360913	1.493744
30	-3979.388	-4240.507	261.1189	1.817878	0.691352	0.308648	1.524499
36	-3975.376	-4236.573	261.1966	1.92886	0.747923	0.252077	1.380527
42	-3987.707	-4248.762	261.0545	1.930628	0.698933	0.301067	1.488287
48	-3992.453	-4253.707	261.2533	1.875969	0.719787	0.280213	1.377602
54	-3990.762	-4251.926	261.165	1.914226	0.707475	0.292525	1.416575
60	-3978.956	-4240.035	261.079	2.007404	0.757127	0.242873	1.410974
66	-3975.629	-4236.927	261.2977	2.007404	0.703104	0.296896	1.235046
72	-3972.412	-4233.823	261.4114	2.044525	0.728714	0.271286	1.103151
78	-3979.848	-4241.096	261.2479	1.997026	0.687309	0.312691	1.284914
84	-3972.915	-4234.122	261.2079	2.031829	0.7334	0.2666	1.289197
90	-3988.57	-4249.776	261.2062	2.033514	0.563817	0.436183	1.289197
96	-3975.93	-4237.117	261.1874	1.874852	0.770785	0.229215	1.429636
102	-3970.31	-4231.522	261.2122	1.977751	0.737387	0.262613	1.329433
108	-3992.69	-4253.956	261.2658	1.993665	0.671003	0.328997	1.272992
114	-3985.011	-4246.216	261.2046	2.054421	0.657782	0.342218	1.273333
120	-3982.793	-4243.563	260.7702	1.863628	0.657782	0.342218	1.742926
126	-3995.096	-4256.237	261.1412	1.991964	0.657782	0.342218	1.374508
132	-3984.814	-4246.175	261.3617	2.108507	0.664712	0.335288	1.090028
138	-3991.73	-4252.872	261.1421	2.143601	0.768624	0.231376	1.251248
144	-3982.368	-4243.68	261.3119	2.217988	0.696147	0.303853	1.033625
150	-3995.05	-4256.409	261.3598	2.170091	0.714393	0.285607	1.033625
156	-3988.304	-4249.592	261.2881	2.170091	0.653633	0.346367	1.101076
162	-3983.53	-4244.821	261.2907	2.10286	0.749564	0.250436	1.159043
168	-3982.764	-4244.129	261.3658	2.133462	0.677086	0.322914	1.062897
174	-3989.734	-4251.176	261.4421	2.133462	0.686419	0.313581	0.988453
180	-3972.578	-4233.911	261.333	2.144245	0.611031	0.388969	1.083581
186	-3989.414	-4250.834	261.4199	2.124245	0.711017	0.288983	1.019707
192	-3989.337	-4250.763	261.4263	2.118852	0.764102	0.235898	1.018812
198	-3982.827	-4244.18	261.3525	2.11421	0.744854	0.255146	1.093255
204	-3979.963	-4241.286	261.323	2.178154	0.71284	0.28716	1.061139
210	-3972.176	-4233.63	261.4541	2.178154	0.71284	0.28716	0.9291638
216	-3991.87	-4253.276	261.4063	2.225988	0.751868	0.248132	0.9291638
222	-3992.856	-4254.273	261.4169	2.225988	0.706729	0.293271	0.9176309
228	-3983.2	-4244.67	261.4696	2.235593	0.70677	0.29323	0.8455286
234	-3986.681	-4248.103	261.4213	2.242384	0.70677	0.29323	0.894449
240	-3980.957	-4242.337	261.3792	2.345882	0.602487	0.397513	0.8207385
246	-3983.579	-4244.919	261.3401	2.27771	0.633623	0.366377	0.9446968
252	-4012.082	-4273.359	261.2766	2.27771	0.690138	0.309862	1.009706
258	-3993.225	-4254.606	261.3814	2.412453	0.693915	0.306085	0.7228628
264	-3994.046	-4255.51	261.4639	2.303338	0.609894	0.390106	0.7634457
270	-3985.353	-4246.765	261.4125	2.285575	0.677419	0.322581	0.8542378
276	-3990.379	-4251.803	261.4239	2.231877	0.724995	0.275005	0.90328
282	-3995.365	-4256.826	261.4608	2.231877	0.710605	0.289395	0.8607575
288	-3976.275	-4237.756	261.4803	2.201341	0.745041	0.254959	0.8737782
294	-3992.286	-4253.681	261.395	2.20408	0.739756	0.260244	0.9643819
300	-3989.586	-4250.973	261.3876	2.182169	0.687894	0.312106	0.9942846
306	-3981.781	-4243.091	261.31	2.085951	0.687894	0.312106	1.156939
312	-3984.743	-4246.085	261.3421	2.086649	0.726615	0.273385	1.127825
318	-3978.441	-4239.696	261.2551	2.040418	0.752142	0.247858	1.243064
324	-3988.631	-4249.919	261.2886	2.110337	0.618802	0.381198	1.154331
330	-3998.055	-4259.288	261.2334	1.846121	0.623573	0.376427	1.416297
336	-4015.59	-4276.628	261.0384	1.825638	0.676098	0.323902	1.578135
342	-4006.748	-4267.893	261.1454	1.955495	0.729974	0.270026	1.399744
348	-3980.611	-4241.819	261.2079	1.998033	0.729974	0.270026	1.316592
354	-3981.473	-4242.569	261.0964	1.998033	0.647643	0.352357	1.40475
360	-3993.412	-4254.659	261.2468	2.102089	0.685385	0.314615	1.197899
366	-3980.969	-4242.254	261.2848	2.016685	0.693627	0.306373	1.238096
372	-3989.488	-4250.759	261.2703	2.022138	0.693627	0.306373	1.245686
378	-3979.502	-4240.687	261.1853	1.874931	0.703841	0.296159	1.431188
384	-3990.152	-4251.33	261.1785	1.929558	0.703841	0.296159	1.394165
390	-3988.244	-4249.25	261.0063	1.902968	0.750456	0.249544	1.544874
396	-3984.348	-4245.489	261.1409	1.908721	0.663936	0.336064	1.439282
402	-3992.819	-4253.967	261.1476	1.863498	0.714025	0.285975	1.468705
408	-3981.741	-4242.836	261.0956	1.887986	0.714025	0.285975	1.489475
414	-3990.707	-4251.905	261.1984	1.94964	0.741235	0.258765	1.362809
420	-3989.236	-4250.479	261.2431	2.032683	0.76845	0.23155	1.259501
426	-3996.808	-4258.193	261.3852	2.057938	0.739956	0.260044	1.114835
432	-3995.414	-4256.715	261.3012	2.051217	0.646386	0.353614	1.194817
438	-3987.071	-4248.392	261.3209	2.031577	0.705681	0.294319	1.194817
444	-3983.61	-4244.923	261.3132	2.039249	0.625043	0.374957	1.194817
450	-3995.551	-4256.765	261.2144	2.016286	0.726491	0.273509	1.296561
456	-3982.365	-4243.598	261.2332	2.012703	0.699654	0.300346	1.284128
462	-3982.247	-4243.465	261.218	1.933313	0.686408	0.313592	1.360182
468	-3990.416	-4251.421	261.0047	1.888251	0.677332	0.322668	1.556924
474	-3987.501	-4248.748	261.2475	2.090467	0.694481	0.305519	1.207263
480	-4004.821	-4265.569	260.7488	1.841306	0.757987	0.242013	1.773434
486	-3988.182	-4248.886	260.704	1.765371	0.689595	0.310405	1.856749
492	-3999.619	-4260.386	260.767	1.765371	0.639414	0.360586	1.813501
498	-3991.648	-4252.404	260.7561	1.82746	0.631095	0.368905	1.777993
504	-3985.261	-4246.317	261.0563	1.891847	0.578591	0.421409	1.516029
510	-3970.934	-4231.99	261.0563	1.891847	0.731721	0.268279	1.516029
516	-3976.648	-4237.611	260.9625	1.885159	0.765448	0.234552	1.590102
522	-3972.041	-4233.041	261	1.824808	0.724886	0.275114	1.606749
528	-3983.746	-4245.071	261.3252	1.952382	0.701215	0.298785	1.258005
534	-3991.008	-4252.278	261.2703	1.907146	0.69728	0.30272	1.33942
540	-3977.321	-4238.593	261.2717	2.00908	0.663178	0.336822	1.255369
546	-3986.376	-4247.492	261.1154	1.888121	0.696818	0.303182	1.474415
552	-3973.725	-4235.081	261.3559	1.924695	0.711798	0.288202	1.255495
558	-3978.879	-4239.952	261.0731	1.922149	0.70204	0.29796	1.480675
564	-3979.704	-4240.839	261.1346	1.915242	0.70204	0.29796	1.439171
570	-3978.825	-4239.881	261.0569	1.949605	0.560963	0.439037	1.472128
576	-3980.313	-4241.478	261.165	2.043217	0.777516	0.222484	1.314748
582	-3990.926	-4252.273	261.3471	2.041293	0.711035	0.288965	1.163652
588	-3981.603	-4242.883	261.2797	1.998327	0.714029	0.285971	1.257668
594	-3993.802	-4255.136	261.3339	2.051373	0.683949	0.316051	1.166359
600	-3974.867	-4236.189	261.3226	2.092343	0.751595	0.248405	1.140112
606	-3975.734	-4237.129	261.3949	2.070279	0.642118	0.357882	1.094652
612	-3992.319	-4253.705	261.3856	2.172443	0.742031	0.257969	1.005988
618	-3993.333	-4254.749	261.4163	2.168287	0.714658	0.285342	0.9793337
624	-3974.486	-4235.883	261.3976	2.234265	0.714658	0.285342	0.9295774
630	-3962.237	-4223.506	261.2688	2.363108	0.570756	0.429244	0.9295774
636	-3963.235	-4224.64	261.4057	2.226181	0.660027	0.339973	0.9295774
642	-3982.659	-4244.169	261.5101	2.173954	0.61908	0.38092	0.8709655
648	-3996.053	-4257.445	261.3922	2.173636	0.754576	0.245424	0.9982261
654	-3994.566	-4255.884	261.3172	2.24865	0.667648	0.332352	0.9982261
660	-3972.422	-4233.83	261.4076	2.181456	0.612019	0.387981	0.9746994
666	-3981.904	-4243.226	261.3215	2.239172	0.673488	0.326512	1.00346
672	-3974.959	-4236.304	261.3453	2.236979	0.669298	0.330702	0.9816722
678	-3987.473	-4248.891	261.4178	2.253488	0.772539	0.227461	0.8856815
684	-3977.542	-4238.811	261.2689	2.14569	0.646844	0.353156	1.140464
690	-3970.314	-4231.626	261.3121	2.169859	0.665694	0.334306	1.079169
696	-3968.425	-4229.715	261.2903	2.140058	0.675608	0.324392	1.12637
702	-3974.61	-4235.977	261.3666	2.195208	0.708084	0.291916	1.002264
708	-3983.722	-4245.125	261.4023	2.231125	0.597565	0.402435	0.9279459
714	-3973.857	-4235.281	261.424	2.216951	0.731113	0.268887	0.9196818
720	-3975.069	-4236.451	261.3822	2.380084	0.652022	0.347978	0.7706231
726	-3973.301	-4234.686	261.3859	2.395023	0.756658	0.243342	0.7431671
732	-3980.623	-4241.961	261.3375	2.417182	0.756658	0.243342	0.7813216
738	-3980.966	-4242.391	261.4252	2.289668	0.578227	0.421773	0.8335689
744	-3978.45	-4239.837	261.3879	2.327044	0.691935	0.308065	0.8335689
750	-3988.879	-4250.27	261.3912	2.342833	0.690307	0.309693	0.8090708
756	-3981.99	-4243.404	261.4147	2.304471	0.680313	0.319687	0.8281607
762	-3980.118	-4241.54	261.4211	2.280233	0.752742	0.247258	0.8502992
768	-3979.912	-4241.227	261.3143	2.378322	0.733382	0.266618	0.8607866
774	-3980.905	-4242.255	261.3508	2.186467	0.655337	0.344663	1.026486
780	-3997.875	-4259.261	261.3866	2.174991	0.706791	0.293209	1.002469
786	-3996.465	-4257.888	261.423	2.138613	0.671399	0.328601	1.002469
792	-3980.618	-4242.041	261.4226	2.138613	0.692823	0.307177	1.002869
798	-3990.523	-4251.903	261.3805	2.138613	0.711921	0.288079	1.044031
804	-3987.649	-4248.862	261.2133	2.064573	0.719989	0.280011	1.257783
810	-3995.026	-4256.36	261.3346	2.023239	0.671412	0.328588	1.190143
816	-3999.636	-4260.926	261.2893	2.023239	0.69531	0.30469	1.228819
822	-3986.136	-4247.43	261.2944	2.033913	0.665638	0.334362	1.215431
828	-3987.228	-4248.509	261.2808	2.084738	0.744142	0.255858	1.183544
834	-3992.195	-4253.54	261.3453	2.070657	0.666969	0.333031	1.139234
840	-3979.8	-4241.103	261.3031	2.062736	0.725499	0.274501	1.183223
846	-3977.785	-4238.997	261.2123	1.97438	0.725499	0.274501	1.332102
852	-3980.842	-4241.868	261.0255	1.919725	0.748647	0.251353	1.518221
858	-3985.405	-4246.643	261.2378	1.91561	0.68236	0.31764	1.358581
864	-3996.926	-4258.12	261.1937	1.987942	0.641917	0.358083	1.336135
870	-3997.259	-4258.524	261.2651	1.98791	0.641917	0.358083	1.278323
876	-3982.001	-4243.386	261.3854	1.98791	0.667352	0.332648	1.176802
882	-3980.16	-4241.365	261.2045	2.005868	0.762859	0.237141	1.313008
888	-3980.038	-4241.298	261.2597	1.950664	0.714385	0.285615	1.313008
894	-3980.423	-4241.793	261.3698	1.91637	0.714385	0.285615	1.250862
900	-3984.655	-4246.008	261.3537	1.984707	0.738996	0.261004	1.206882
906	-4005.657	-4266.957	261.3	2.062698	0.558085	0.441915	1.186018
912	-3979.965	-4241.327	261.3617	2.069903	0.558085	0.441915	1.125226
918	-3980.126	-4241.387	261.2604	2.112792	0.72142	0.27858	1.176853
924	-3981.547	-4242.925	261.3783	2.187327	0.631039	0.368961	0.9984466
930	-3987.141	-4248.538	261.3975	2.176316	0.713636	0.286364	0.990208
936	-3967.94	-4229.317	261.3766	2.197266	0.781319	0.218681	0.990208
942	-3991.124	-4252.511	261.387	2.186882	0.752437	0.247563	0.990208
948	-3975.788	-4237.158	261.3698	2.075248	0.67473	0.32527	1.1131
954	-3966.658	-4227.929	261.2707	2.036039	0.791122	0.208878	1.233649
960	-3971.386	-4232.703	261.317	2.167179	0.689915	0.310085	1.077112
966	-3970.638	-4232.101	261.4625	2.190345	0.707539	0.292461	0.9065807
972	-3994.434	-4255.847	261.413	2.187097	0.734809	0.265191	0.9633378
978	-3991.945	-4253.291	261.3459	2.184725	0.663343	0.336657	1.032899
984	-3973.805	-4235.185	261.3794	2.206694	0.73111	0.26889	0.977768
990	-3981.412	-4242.805	261.3932	2.223851	0.775	0.225	0.9454977
996	-3979.384	-4240.652	261.2681	2.357562	0.712648	0.287352	0.9363135
1002	-3977.262	-4238.661	261.3991	2.226529	0.616805	0.383195	0.9363135
1008	-3966.594	-4227.988	261.3938	2.162551	0.711457	0.288543	1.007666
1014	-3982.129	-4243.528	261.3997	2.185838	0.723379	0.276621	0.9783629
1020	-3978.775	-4240.175	261.3999	2.185623	0.723379	0.276621	0.9783629
1026	-3979.87	-4241.234	261.3635	2.276533	0.612387	0.387613	0.9207607
1032	-3984.942	-4246.391	261.4484	2.252881	0.612387	0.387613	0.8503401
1038	-3985.105	-4246.448	261.3426	2.160819	0.714339	0.285661	1.059009
1044	-3980.175	-4241.51	261.3346	2.156876	0.760659	0.239341	1.070284
1050	-3983.215	-4244.599	261.3842	2.079035	0.676337	0.323663	1.096506
1056	-3987.247	-4248.558	261.3107	2.02872	0.775828	0.224172	1.205993
1062	-3991.522	-4252.824	261.3015	2.037873	0.775828	0.224172	1.205993
1068	-3989.88	-4251.16	261.2808	2.038462	0.683471	0.316529	1.223084
1074	-4004.858	-4266.216	261.3585	2.189742	0.710745	0.289255	1.01572
1080	-3992.356	-4253.731	261.375	2.214114	0.710745	0.289255	0.974667
1086	-4004.249	-4265.664	261.4151	2.166948	0.710745	0.289255	0.9819118
1092	-4014.312	-4275.473	261.1606	1.97682	0.772792	0.227208	1.371193
1098	-4003.214	-4264.388	261.1739	1.960852	0.742951	0.257049	1.373279
1104	-4003.424	-4264.701	261.2767	1.979784	0.687403	0.312597	1.275443
1110	-3999.864	-4261.23	261.366	2.128735	0.649491	0.350509	1.067197
1116	-3989.747	-4251.171	261.4238	2.216261	0.649491	0.350509	0.9206902
1122	-3984.876	-4246.335	261.4591	2.158954	0.710098	0.289902	0.9444817
1128	-3987.575	-4248.938	261.3633	2.203383	0.710098	0.289902	0.9974374
1134	-3983.97	-4245.344	261.3739	2.200958	0.644198	0.355802	0.9891506
1140	-3982.489	-4243.914	261.425	2.163399	0.713103	0.286897	0.9753891
1146	-3984.057	-4245.538	261.4812	2.174083	0.717446	0.282554	0.9038828
1152	-4001.077	-4262.402	261.3251	2.204878	0.651561	0.348439	1.033576
1158	-3988.384	-4249.817	261.4327	2.234436	0.651561	0.348439	0.8904879
1164	-3972.068	-4233.504	261.4357	2.262937	0.633918	0.366082	0.8535707
1170	-3975.339	-4236.741	261.4023	2.27958	0.703695	0.296305	0.8735054
1176	-3980.998	-4242.39	261.3928	2.280711	0.703695	0.296305	0.8831733
1182	-3983.541	-4245.016	261.4758	2.173687	0.673563	0.326437	0.910352
1188	-3981.456	-4242.726	261.2698	2.20436	0.642939	0.357061	1.086379
1194	-3983.019	-4244.415	261.3962	2.187192	0.692396	0.307604	0.9805538
1200	-3998.588	-4259.975	261.3872	2.145979	0.692396	0.307604	1.030495
1206	-3983.735	-4245.061	261.3257	2.136947	0.615098	0.384902	1.097026
1212	-3981.999	-4243.265	261.2658	2.188231	0.659504	0.340496	1.104916
1218	-3991.158	-4252.587	261.4282	2.172809	0.686379	0.313621	0.9623917
1224	-3985.089	-4246.413	261.3246	2.173192	0.717118	0.282882	1.064346
1230	-4006.3	-4267.671	261.3705	2.24957	0.729314	0.270686	0.9422564
1236	-3994.935	-4256.277	261.3412	2.24957	0.642665	0.357335	0.9728968
1242	-3989.191	-4250.614	261.4227	2.192886	0.805712	0.194288	0.9470883
1248	-3986.994	-4248.175	261.1809	2.0924	0.708386	0.291614	1.2616
1254	-3983.692	-4245.157	261.4641	2.144568	0.691397	0.308603	0.954359
1260	-3984.377	-4245.849	261.4725	2.193492	0.651753	0.348247	0.8917845
1266	-3986.865	-4248.299	261.4337	2.119694	0.651717	0.348283	1.010607
1272	-3984.759	-4246.124	261.3659	2.293135	0.651717	0.348283	0.8996985
1278	-3981.789	-4243.191	261.4016	2.257416	0.668783	0.331217	0.8996985
1284	-3993.298	-4254.733	261.4343	2.299766	0.668783	0.331217	0.8091174
1290	-3990.266	-4251.743	261.4763	2.238569	0.775921	0.224079	0.8336209
1296	-4013.333	-4274.692	261.3586	2.114673	0.708251	0.291749	1.087224
1302	-4004.661	-4266.061	261.3997	2.270679	0.68612	0.31388	0.8867338
1308	-4007.842	-4269.275	261.4324	2.321865	0.737027	0.262973	0.7819215
1314	-3984.02	-4245.45	261.43	2.111626	0.663516	0.336484	1.022269
1320	-3985.686	-4247.111	261.4256	2.045673	0.770373	0.229627	1.089076
1326	-3995.538	-4256.824	261.2859	2.07713	0.634477	0.365523	1.18569
1332	-3993.536	-4254.938	261.4028	2.059606	0.634477	0.365523	1.097206
1338	-3994.878	-4256.337	261.459	2.14279	0.725419	0.274581	0.9615338
1344	-3987.401	-4248.767	261.3656	2.250497	0.675419	0.324581	0.9465593
1350	-3987.522	-4248.898	261.3762	2.277696	0.640405	0.359595	0.9054543
1356	-3977.544	-4238.919	261.3748	2.279018	0.735073	0.264927	0.9054543
1362	-3996.25	-4257.691	261.4407	2.222967	0.644889	0.355111	0.8944087
1368	-3991.175	-4252.496	261.3211	2.083633	0.676549	0.323451	1.149177
1374	-3994.583	-4255.556	260.9729	1.796982	0.668811	0.331189	1.646412
1380	-4002.608	-4263.381	260.7731	1.742592	0.562916	0.437084	1.825005
1386	-3997.319	-4258.059	260.7403	1.740241	0.5541	0.4459	1.849126
1392	-4005.595	-4266.837	261.2417	2.05294	0.629728	0.370272	1.243828
1398	-4009.759	-4271.164	261.4044	2.03393	0.634341	0.365659	1.1192
1404	-4006.883	-4268.069	261.1863	2.147414	0.634341	0.365659	1.210855
1410	-3982.88	-4244.283	261.4032	2.122968	0.649833	0.350167	1.037279
1416	-3978.106	-4239.559	261.4539	2.17029	0.649833	0.350167	0.9379226
1422	-3987.191	-4248.632	261.4407	2.090734	0.67222	0.32778	1.03211
1428	-3979.714	-4241.09	261.3766	2.051641	0.67222	0.32778	1.128242
1434	-3973.874	-4234.957	261.0832	1.939428	0.731126	0.268874	1.459897
1440	-3976.392	-4237.496	261.104	1.972084	0.791196	0.208804	1.418995
1446	-3984.5	-4245.751	261.2511	1.972084	0.761478	0.238522	1.302631
1452	-3986.345	-4247.695	261.3504	1.998666	0.633458	0.366542	1.19776
1458	-3984.279	-4245.642	261.3632	2.022488	0.69766	0.30234	1.165962
1464	-3993.437	-4254.517	261.0802	2.022488	0.759946	0.240054	1.398381
1470	-3980.598	-4241.676	261.0775	1.960386	0.686837	0.313163	1.448277
1476	-3981.786	-4242.842	261.0557	1.905581	0.710292	0.289708	1.506219
1482	-3981.664	-4242.628	260.9639	1.877212	0.715134	0.284866	1.594866
1488	-3984.002	-4245.024	261.0223	1.879492	0.657357	0.342643	1.550395
1494	-3989.855	-4250.974	261.1192	1.829817	0.728337	0.271663	1.515373
1500	-3978.83	-4239.901	261.0706	1.895527	0.728337	0.271663	1.502533
1506	-3980.516	-4241.7	261.1842	1.898334	0.658553	0.341447	1.413991
1512	-3992.29	-4253.329	261.0392	1.769997	0.70858	0.29142	1.618063
1518	-3994.378	-4255.259	260.8809	1.78574	0.664482	0.335518	1.719866
1524	-3992.001	-4253.01	261.0087	1.78574	0.674405	0.325595	1.628689
1530	-3993.684	-4254.674	260.99	1.925466	0.683764	0.316236	1.540319
1536	-3994.765	-4256.092	261.3266	1.932055	0.651892	0.348108	1.273675
1542	-3990.545	-4251.718	261.1728	2.085639	0.651892	0.348108	1.273881
1548	-3989.952	-4251.242	261.2896	2.139879	0.651892	0.348108	1.127159
1554	-3987.867	-4249.245	261.3779	2.356032	0.783183	0.216817	0.8092376
1560	-3988.93	-4250.252	261.3216	2.504261	0.601142	0.398858	0.6655631
1566	-3995.78	-4257.151	261.3714	2.430787	0.700726	0.299274	0.709024
1572	-3994.858	-4256.254	261.3962	2.383177	0.779765	0.220235	0.7454587
1578	-4001.724	-4263.167	261.4421	2.373573	0.558373	0.441627	0.6851205
1584	-3990.853	-4251.59	260.7367	1.842757	0.659464	0.340536	1.780835
1590	-3999.342	-4260.206	260.8641	1.747438	0.659464	0.340536	1.758543
1596	-4001.027	-4262.13	261.1029	1.796547	0.645242	0.354758	1.55212
1602	-3982.403	-4243.421	261.0181	1.753359	0.697916	0.302084	1.645283
1608	-3983.855	-4244.485	260.63	1.716497	0.583064	0.416936	1.940177
1614	-4003.3	-4263.568	260.2679	1.735621	0.583064	0.416936	2.166971
1620	-3987.553	-4248.027	260.4735	1.72812	0.653471	0.346529	2.036935
1626	-3981.74	-4242.137	260.3973	1.705485	0.637782	0.362218	2.102143
1632	-3989.092	-4249.606	260.5136	1.66154	0.624486	0.375514	2.054459
1638	-3980.423	-4240.637	260.2134	1.661245	0.74875	0.25125	2.250218
1644	-3976.145	-4236.326	260.1808	1.59748	0.517666	0.482334	2.311957
1650	-3980.519	-4240.252	259.733	1.603513	0.698487	0.301513	2.589513
1656	-3986.17	-4245.783	259.6125	1.614924	0.771537	0.228463	2.656921
1662	-3986.981	-4246.435	259.4545	1.534019	0.716349	0.283651	2.803128
1668	-3996.575	-4256.617	260.0429	1.51859	0.738032	0.261968	2.449196
1674	-3984.473	-4245.684	261.2105	2.056655	0.689891	0.310109	1.26669
1680	-4001.828	-4261.541	259.7132	1.546547	0.794617	0.205383	2.636986
1686	-4009.013	-4268.721	259.7078	1.472328	0.662267	0.337733	2.686022
1692	-4010.2	-4271.34	261.1402	2.009053	0.602332	0.397668	1.361866
1698	-3988.084	-4249.28	261.1956	1.953574	0.653398	0.346602	1.361866
1704	-3979.398	-4240.616	261.2181	2.018082	0.676486	0.323514	1.292115
1710	-3992.988	-4254.24	261.2515	2.018082	0.775501	0.224499	1.264677
1716	-3992.037	-4253.231	261.1942	2.000743	0.683147	0.316853	1.325466
1722	-3979.562	-4240.885	261.3223	1.974769	0.724893	0.275107	1.24175
1728	-3981.342	-4242.637	261.2943	2.060945	0.724893	0.275107	1.192385
1734	-3988.127	-4249.277	261.1501	1.972667	0.643469	0.356531	1.38266
1740	-3988.926	-4250.139	261.213	2.010574	0.643469	0.356531	1.302329
1746	-4003.858	-4265.243	261.3849	2.09552	0.748162	0.251838	1.080582
1752	-3986.098	-4247.401	261.303	2.195282	0.678159	0.321841	1.063852
1758	-3979.162	-4240.553	261.391	2.155324	0.688896	0.311104	1.017623
1764	-3974.549	-4235.899	261.3504	2.209007	0.643161	0.356839	1.004691
1770	-3986.812	-4248.18	261.3682	2.136064	0.706014	0.293986	1.058222
1776	-3991.069	-4252.442	261.3722	2.192415	0.75102	0.24898	0.9994484
1782	-3979.974	-4241.406	261.4321	2.13438	0.768053	0.231947	0.9975752
1788	-3984.78	-4246.053	261.2727	2.154269	0.750367	0.249633	1.129443
1794	-4001.771	-4263.206	261.4355	2.250089	0.678186	0.321814	0.8690896
1800	-3996.011	-4257.177	261.1657	2.034146	0.716745	0.283255	1.321538
1806	-4029.816	-4290.985	261.1692	1.996064	0.654552	0.345448	1.349168
1812	-4016.205	-4277.673	261.468	2.25382	0.617602	0.382398	0.8248248
1818	-4022.311	-4283.73	261.4192	2.331328	0.753946	0.246054	0.7871133
1824	-3994.397	-4255.722	261.3251	2.26738	0.664283	0.335717	0.9711704
1830	-4007.188	-4268.568	261.3797	2.234116	0.737353	0.262647	0.9489244
1836	-3980.878	-4242.246	261.3675	2.373644	0.627151	0.372849	0.7997887
1842	-3978.852	-4240.313	261.4609	2.307362	0.689275	0.310725	0.762081
1848	-3971.449	-4232.869	261.4201	2.34812	0.622148	0.377852	0.762081
1854	-3979.946	-4241.366	261.4198	2.370543	0.717979	0.282021	0.7283877
1860	-3975.907	-4237.322	261.4147	2.373699	0.717979	0.282021	0.7315555
1866	-3982.578	-4243.961	261.3832	2.391503	0.715017	0.284983	0.7525412
1872	-3974.809	-4236.176	261.3676	2.391503	0.68718	0.31282	0.7751242
1878	-3968.093	-4229.458	261.365	2.391503	0.60213	0.39787	0.778747
1884	-3980.789	-4242.204	261.4155	2.341915	0.673526	0.326474	0.777524
1890	-3980.988	-4242.353	261.3654	2.349118	0.709252	0.290748	0.8340596
1896	-3998.911	-4260.322	261.4102	2.303681	0.677583	0.322417	0.8348944
1902	-3993.892	-4255.237	261.3451	2.253305	0.677583	0.322417	0.9650555
1908	-3991.753	-4253.166	261.4136	2.253305	0.759731	0.240269	0.8907006
1914	-3985.804	-4247.246	261.4415	2.253305	0.631249	0.368751	0.858141
1920	-3983.848	-4245.297	261.4488	2.134524	0.674603	0.325397	0.9805783
1926	-3980.773	-4242.091	261.318	2.076491	0.743534	0.256466	1.158246
1932	-3981.009	-4242.14	261.1307	2.076491	0.743534	0.256466	1.315565
1938	-3992.874	-4254.261	261.3866	2.134332	0.730098	0.269902	1.04229
1944	-3994.922	-4256.315	261.3932	2.0692	0.730098	0.269902	1.097202
1950	-3996.261	-4257.654	261.3932	2.051187	0.729667	0.270333	1.113668
1956	-3990.039	-4251.36	261.3208	2.009973	0.678144	0.321856	1.213351
1962	-3987.16	-4248.457	261.2966	2.051	0.71302	0.28698	1.199023
1968	-3985.503	-4246.727	261.2245	2.051	0.71302	0.28698	1.259765
1974	-3994.175	-4255.409	261.2338	1.990094	0.685593	0.314407	1.302073
1980	-3990.534	-4251.825	261.2906	1.955481	0.655879	0.344121	1.283984
1986	-4002.2	-4263.323	261.123	1.93188	0.649411	0.350589	1.435254
1992	-3983.914	-4245.113	261.1987	1.937294	0.580542	0.419458	1.372252
1998	-3989.799	-4250.801	261.0014	1.882587	0.642935	0.357065	1.563521
2004	-3981.995	-4243.13	261.1347	1.927894	0.733383	0.266617	1.429396
2010	-3995.423	-4256.538	261.115	1.965047	0.723679	0.276321	1.415888
2016	-3992.553	-4253.746	261.1929	1.928649	0.688316	0.311684	1.383649
2022	-3978.933	-4239.97	261.0371	2.006932	0.627593	0.372407	1.443613
2028	-3984.711	-4245.933	261.2222	2.007858	0.672366	0.327634	1.297088
2034	-3989.055	-4250.336	261.2807	2.073962	0.741002	0.258998	1.192902
2040	-3981.913	-4243.179	261.2659	2.062618	0.657065	0.342935	1.215268
2046	-4000.984	-4262.267	261.2827	1.900199	0.739441	0.260559	1.335083
2052	-3990.056	-4251.138	261.0824	1.90763	0.660012	0.339988	1.484628
2058	-3993.342	-4254.602	261.2597	1.975602	0.660012	0.339988	1.292821
2064	-3991.651	-4252.912	261.2619	1.975602	0.714112	0.285888	1.291043
2070	-3981.828	-4243.031	261.2033	2.076575	0.788383	0.211617	1.256123
2076	-3979.845	-4241.182	261.3371	2.10306	0.736286	0.263714	1.117493
2082	-3978.044	-4239.289	261.2457	2.160804	0.668681	0.331319	1.147683
2088	-3981.884	-4243.183	261.2984	2.142232	0.668681	0.331319	1.117076
2094	-3990.809	-4252.128	261.3191	2.157508	0.668681	0.331319	1.084106
2100	-3978.257	-4239.581	261.3241	2.104984	0.671426	0.328574	1.127513
2106	-3968.882	-4230.193	261.3116	2.099333	0.692897	0.307103	1.143709
2112	-3982.397	-4243.707	261.3099	2.134714	0.688305	0.311695	1.113517
2118	-3983.448	-4244.545	261.097	2.111608	0.688305	0.311695	1.314411
2124	-3981.86	-4243.22	261.3601	2.096872	0.634428	0.365572	1.102246
2130	-3988.654	-4249.956	261.3029	2.067008	0.681781	0.318219	1.179753
2136	-3974.327	-4235.587	261.2599	2.05847	0.70302	0.29698	1.223895
2142	-3974.745	-4236.079	261.3332	1.985137	0.737152	0.262848	1.223895
2148	-3977.415	-4238.69	261.275	1.987866	0.690307	0.309693	1.270187
2154	-3972.38	-4233.678	261.2983	1.991424	0.725833	0.274167	1.247905
2160	-3977.357	-4238.625	261.2674	1.991424	0.621879	0.378121	1.273522
2166	-3981.987	-4243.185	261.1986	2.047105	0.771736	0.228264	1.284268
2172	-3977.363	-4238.766	261.4029	2.066314	0.608681	0.391319	1.091003
2178	-3983.993	-4245.358	261.3651	2.161061	0.671239	0.328761	1.037226
2184	-3980.246	-4241.632	261.3856	2.161061	0.700578	0.299422	1.017305
2190	-3980.194	-4241.62	261.4257	2.205462	0.700578	0.299422	0.9303979
2196	-3974.725	-4236.113	261.3885	2.205462	0.650131	0.349869	0.9696189
2202	-3978.282	-4239.655	261.3731	2.298014	0.598255	0.401745	0.8859046
2208	-3996.297	-4257.761	261.4644	2.298014	0.623003	0.376997	0.7705053
2214	-3980.507	-4241.893	261.3861	2.288981	0.696951	0.303049	0.8813534
2220	-3979.062	-4240.492	261.4303	2.285461	0.699701	0.300299	0.8325539
2226	-3977.032	-4238.413	261.3808	2.334959	0.72726	0.27274	0.8325539
2232	-3967.123	-4228.465	261.3421	2.405676	0.625469	0.374531	0.7908351
2238	-3997.637	-4258.974	261.3372	2.405676	0.788824	0.211176	0.7974652
2244	-3993.373	-4254.76	261.3866	2.376445	0.777705	0.222295	0.769589
2250	-3992.073	-4253.46	261.3866	2.376445	0.604013	0.395987	0.769589
2256	-3989.311	-4250.64	261.3287	2.399184	0.795448	0.204552	0.8170567
2262	-3987.911	-4249.3	261.3888	2.384776	0.738419	0.261581	0.7542835
2268	-3982.949	-4244.367	261.4175	2.336865	0.63847	0.36153	0.7817838
2274	-3993.108	-4254.528	261.4202	2.391281	0.63847	0.36153	0.6928499
2280	-3991.044	-4252.367	261.3228	2.458483	0.622429	0.377571	0.7426623
2286	-3993.643	-4255.092	261.4487	2.236916	0.771889	0.228111	0.8691216
2292	-3978.693	-4240.087	261.3943	2.332957	0.771889	0.228111	0.8178822
2298	-3978.917	-4240.281	261.365	2.317533	0.766804	0.233196	0.8727216
2304	-3980.659	-4242.004	261.3455	2.295383	0.690883	0.309117	0.9197883
2310	-3978.585	-4239.979	261.3946	2.295383	0.730313	0.269687	0.8639418
2316	-3981.407	-4242.815	261.4082	2.281746	0.711351	0.288649	0.8639418
2322	-3983.57	-4244.955	261.3855	2.306161	0.722065	0.277935	0.8619258
2328	-3985.042	-4246.448	261.4065	2.297927	0.750531	0.249469	0.8465772
2334	-3978.417	-4239.904	261.4869	2.273653	0.723286	0.276714	0.7731376
2340	-3986.771	-4248.135	261.3648	2.333233	0.718597	0.281403	0.8542365
2346	-3986.794	-4248.193	261.3986	2.210455	0.64333	0.35667	0.9539166
2352	-3984.024	-4245.354	261.3301	2.196388	0.687056	0.312944	1.036945
2358	-3969.234	-4230.628	261.3946	2.143953	0.687056	0.312944	1.025245
2364	-3975.813	-4237.233	261.4203	2.189316	0.743979	0.256021	0.9533832
2370	-3984.868	-4246.176	261.3086	2.080938	0.729814	0.270186	1.16265
2376	-3979.575	-4240.889	261.3134	2.048437	0.764589	0.235411	1.186742
2382	-3982.782	-4244.069	261.2864	2.075369	0.601171	0.398829	1.186742
2388	-3990.935	-4252.127	261.1912	2.068825	0.601171	0.398829	1.272516
2394	-3967.629	-4228.951	261.3226	2.241741	0.646935	0.353065	0.9997435
2400	-3967.513	-4228.904	261.3915	2.202594	0.674219	0.325781	0.9695555
2406	-3978.5	-4239.941	261.4414	2.150053	0.77443	0.22557	0.9722489
2412	-3958.039	-4219.419	261.3794	2.152128	0.708667	0.291333	1.032068
2418	-3980.728	-4242.099	261.3709	2.160653	0.787139	0.212861	1.032068
2424	-3973.761	-4235.155	261.3935	2.21445	0.64722	0.35278	0.9550905
2430	-3972.391	-4233.787	261.3964	2.180149	0.693861	0.306139	0.9874163
2436	-3985.057	-4246.408	261.3517	2.208153	0.703623	0.296377	1.004254
2442	-3984.205	-4245.566	261.3607	2.152297	0.755823	0.244177	1.04985
2448	-3979.958	-4241.358	261.4	2.152297	0.766705	0.233295	1.011683
2454	-3991.098	-4252.612	261.5137	2.137926	0.683612	0.316388	0.9079804
2460	-3992.133	-4253.599	261.4662	2.245916	0.678745	0.321255	0.837004
2466	-3979.987	-4241.447	261.4595	2.256279	0.740062	0.259938	0.832538
2472	-3977.273	-4238.694	261.4211	2.288509	0.712266	0.287734	0.8402014
2478	-3984.41	-4245.874	261.464	2.286651	0.6889	0.3111	0.7868365
2484	-3998.477	-4259.967	261.4905	2.217903	0.649262	0.350738	0.841669
2490	-3986.801	-4248.19	261.3889	2.236842	0.754332	0.245668	0.9362615
2496	-3984.195	-4245.579	261.3842	2.210255	0.677055	0.322945	0.9691932
2502	-3981.653	-4242.937	261.2844	2.182864	0.731423	0.268577	1.092753
2508	-4007.756	-4269.054	261.2979	2.174364	0.670933	0.329067	1.088153
2514	-3989.017	-4250.487	261.4697	2.174364	0.675945	0.324055	0.9163233
2520	-3999.455	-4260.886	261.4304	2.174364	0.675945	0.324055	0.9584645
2526	-3988.544	-4249.917	261.3728	2.188944	0.711667	0.288333	1.002337
2532	-3983.416	-4244.801	261.3847	2.066041	0.671411	0.328589	1.107942
2538	-3995.919	-4257.304	261.3855	2.065227	0.627488	0.372512	1.107942
2544	-3993.422	-4254.666	261.2436	2.076141	0.701821	0.298179	1.222726
2550	-3988.013	-4248.923	260.9101	1.814514	0.60384	0.39616	1.678792
2556	-3989.908	-4250.852	260.9436	1.903173	0.700934	0.299066	1.590779
2562	-3978.936	-4239.922	260.9854	1.861373	0.7183	0.2817	1.590779
2568	-3971.413	-4232.636	261.2228	1.882347	0.553178	0.446822	1.396401
2574	-3978.082	-4239.062	260.9797	1.775499	0.628772	0.371228	1.656896
2580	-3987.948	-4249.198	261.2502	1.926066	0.747982	0.252018	1.340386
2586	-3984.695	-4245.838	261.1422	1.890501	0.594471	0.405529	1.452254
2592	-3980.815	-4241.992	261.1766	1.850824	0.624368	0.375632	1.456236
2598	-3986.257	-4246.896	260.6386	1.821528	0.782169	0.217831	1.863103
2604	-3993.485	-4254.762	261.2776	1.91307	0.707254	0.292746	1.328903
2610	-3988.45	-4249.853	261.4032	2.168519	0.707254	0.292746	0.9923811
2616	-3989.645	-4251.078	261.4328	2.188506	0.701574	0.298426	0.9410121
2622	-3991.494	-4252.919	261.4252	2.193634	0.643629	0.356371	0.9435533
2628	-4010.732	-4272.048	261.3159	2.222253	0.682896	0.317104	1.025613
2634	-4017.721	-4279.049	261.3283	2.097742	0.682896	0.317104	1.130196
2640	-4008.443	-4269.693	261.2502	1.938779	0.734424	0.265576	1.330203
2646	-3991.686	-4252.925	261.2381	2.100322	0.57108	0.42892	1.206859
2652	-3992.78	-4254.114	261.3348	2.138824	0.619101	0.380899	1.086926
2658	-3998.486	-4259.758	261.2726	2.226611	0.763127	0.236873	1.062964
2664	-3998.32	-4259.639	261.3191	2.332989	0.62432	0.37568	0.9074239
2670	-3979.847	-4241.205	261.3571	2.38337	0.569753	0.430247	0.8005931
2676	-3979.326	-4240.79	261.4641	2.253491	0.641308	0.358692	0.830224
2682	-3986.153	-4247.514	261.361	2.217122	0.600331	0.399669	0.985881
2688	-3997.243	-4258.531	261.2874	2.085236	0.72219	0.27781	1.177345
2694	-4006.469	-4267.725	261.2563	2.04113	0.732868	0.267132	1.241455
2700	-3991.243	-4252.55	261.3072	2.04113	0.732868	0.267132	1.198381
2706	-3986.111	-4247.321	261.2105	1.94523	0.692572	0.307428	1.356707
2712	-3975.571	-4236.862	261.2917	1.926042	0.685789	0.314211	1.307106
2718	-3996.161	-4257.57	261.4096	2.02218	0.730759	0.269241	1.125122
2724	-3990.744	-4252.013	261.2686	2.09101	0.7524	0.2476	1.188611
2730	-3992.629	-4253.975	261.3464	2.045425	0.718725	0.281275	1.160624
2736	-3991.616	-4252.858	261.2421	1.98128	0.548729	0.451271	1.302461
2742	-3996.816	-4258.253	261.4371	2.032907	0.668741	0.331259	1.090223
2748	-4005.99	-4267.333	261.3423	2.058013	0.664655	0.335345	1.153118
2754	-4003.788	-4265.046	261.2586	1.988932	0.664655	0.335345	1.282838
2760	-3999.584	-4260.923	261.3391	2.132228	0.737065	0.262935	1.089037
2766	-3999.53	-4260.902	261.3726	2.113002	0.659234	0.340766	1.075737
2772	-3996.285	-4257.679	261.3936	2.120408	0.659234	0.340766	1.048948
2778	-3986.596	-4247.828	261.232	2.084158	0.693291	0.306709	1.22571
2784	-3988.624	-4249.989	261.3645	2.017629	0.693805	0.306195	1.169084
2790	-3998.843	-4260.133	261.2895	2.133699	0.750406	0.249594	1.132796
2796	-3997.146	-4258.529	261.3828	2.133699	0.836772	0.163228	1.046504
2802	-3981.122	-4242.49	261.3681	2.148417	0.699702	0.300298	1.046504
2808	-3985.957	-4247.33	261.3728	2.122945	0.587277	0.412723	1.066223
2814	-3986.989	-4248.353	261.3637	2.078912	0.622038	0.377962	1.11526
2820	-3993.679	-4254.892	261.2136	2.129517	0.639824	0.360176	1.202792
2826	-3987.307	-4248.62	261.3131	2.10989	0.709509	0.290491	1.132954
2832	-3983.713	-4245.106	261.3929	2.086262	0.606053	0.393947	1.081798
2838	-3977.716	-4239.106	261.3897	2.240284	0.725914	0.274086	0.9316642
2844	-3979.388	-4240.833	261.4447	2.311255	0.74937	0.25063	0.7795952
2850	-3983.704	-4245.071	261.3666	2.328499	0.7339	0.2661	0.857853
2856	-3974.575	-4235.877	261.3014	2.225706	0.7339	0.2661	1.036356
2862	-3983.324	-4244.704	261.3795	2.147604	0.717932	0.282068	1.036356
2868	-3986.117	-4247.401	261.2837	2.109788	0.717932	0.282068	1.159142
2874	-3982.733	-4244.145	261.4119	2.11156	0.761222	0.238778	1.039898
2880	-3989.924	-4251.283	261.3592	2.050136	0.663758	0.336242	1.145117
2886	-3988.725	-4250.131	261.4056	2.112591	0.676601	0.323399	1.044888
2892	-3980.783	-4242.141	261.3582	2.108188	0.769499	0.230501	1.093615
2898	-3987.749	-4249.148	261.3994	2.086877	0.769499	0.230501	1.075088
2904	-3986.255	-4247.616	261.3609	2.019663	0.704395	0.295605	1.170449
2910	-3989.697	-4250.986	261.2894	1.984255	0.56345	0.43655	1.261296
2916	-3991.893	-4253.095	261.202	1.9387	0.713035	0.286965	1.368548
2922	-4008.938	-4269.962	261.0241	1.913363	0.620891	0.379109	1.523966
2928	-3999.58	-4260.651	261.0712	1.866296	0.724703	0.275297	1.523966
2934	-3987.541	-4248.686	261.1452	1.913201	0.640606	0.359394	1.432601
2940	-3988.159	-4249.147	260.9884	1.908807	0.697724	0.302276	1.553824
2946	-4008.065	-4269.171	261.1056	1.977834	0.679368	0.320632	1.413319
2952	-4005.794	-4266.83	261.0367	1.921649	0.732918	0.267082	1.508398
2958	-4013.051	-4274.279	261.2282	1.908081	0.700098	0.299902	1.372095
2964	-4010.236	-4271.59	261.354	2.023564	0.689983	0.310017	1.173112
2970	-3987.496	-4248.801	261.3053	2.042814	0.692773	0.307227	1.198561
2976	-3989.522	-4250.802	261.2804	1.969587	0.72247	0.27753	1.280793
2982	-3985.186	-4246.267	261.0807	1.986627	0.681262	0.318738	1.425692
2988	-3963.998	-4224.977	260.979	2.004842	0.65779	0.34221	1.489263
2994	-3980.98	-4242.186	261.2058	1.933112	0.65779	0.34221	1.369994
3000	-3985.965	-4247.092	261.1262	1.851329	0.65779	0.34221	1.493979
3006	-3979.134	-4240.161	261.0264	1.885122	0.717465	0.282535	1.543201
3012	-4013.971	-4275.419	261.4476	2.269587	0.70017	0.29983	0.8306889
3018	-3999.626	-4261.074	261.4476	2.269587	0.70017	0.29983	0.8306889
3024	-3982.958	-4244.39	261.4323	2.309653	0.726729	0.273271	0.7986594
3030	-3995.296	-4256.682	261.3859	2.366126	0.685473	0.314527	0.7850498
3036	-3988.88	-4250.227	261.3473	2.361438	0.68454	0.31546	0.8411774
3042	-3997.345	-4258.772	261.4269	2.281902	0.668202	0.331798	0.8411774
3048	-3984.477	-4245.942	261.4648	2.262683	0.668202	0.331798	0.8176737
3054	-3980.817	-4242.255	261.4388	2.262683	0.668202	0.331798	0.8501049
3060	-4004.36	-4265.556	261.1957	1.971535	0.652954	0.347046	1.347568
3066	-4001.73	-4262.986	261.256	1.971535	0.783527	0.216473	1.299094
3072	-3994.902	-4256.339	261.437	2.262771	0.716436	0.283564	0.8521262
3078	-4005.522	-4266.943	261.4211	2.271309	0.658285	0.341715	0.8609785
3084	-3994.889	-4256.351	261.4614	2.314773	0.707688	0.292312	0.7504194
3090	-3987.974	-4249.382	261.4077	2.224942	0.69736	0.30264	0.9287931
3096	-4006.213	-4267.582	261.3684	2.309994	0.786024	0.213976	0.8774981
3102	-3997.752	-4259.153	261.4009	2.277493	0.817875	0.182125	0.8774981
3108	-3997.135	-4258.428	261.2931	2.222535	0.684675	0.315325	1.047394
3114	-3995.023	-4256.366	261.3426	2.229905	0.684675	0.315325	0.9915779
3120	-3978.392	-4239.735	261.3426	2.229905	0.664194	0.335806	0.9915779
3126	-3975.158	-4236.434	261.2756	2.143965	0.681567	0.318433	1.136009
3132	-4013.749	-4275.066	261.317	2.504544	0.695683	0.304317	0.6740254
3138	-4000.418	-4261.759	261.341	2.504544	0.792421	0.207579	0.6212005
3144	-3996.74	-4258.095	261.3543	2.496511	0.787477	0.212523	0.6071976
3150	-4003.834	-4265.188	261.3546	2.483369	0.731065	0.268935	0.6396029
3156	-3995.332	-4256.681	261.3494	2.51514	0.740994	0.259006	0.558595
3162	-3993.122	-4254.421	261.2982	2.570465	0.744107	0.255893	0.5341259
3168	-3984.337	-4245.59	261.2535	2.615165	0.7352	0.2648	0.5341259
3174	-3981.846	-4243.17	261.3245	2.533561	0.683439	0.316561	0.5847648
3180	-3984.836	-4246.133	261.2973	2.541603	0.636634	0.363366	0.6374873
3186	-3970.74	-4232.074	261.3338	2.506202	0.675504	0.324496	0.6349973
3192	-3981.52	-4242.844	261.3243	2.506202	0.645929	0.354071	0.6559425
3198	-3984.613	-4245.973	261.3603	2.461327	0.726827	0.273173	0.6738746
3204	-3989.436	-4250.845	261.4098	2.389675	0.724642	0.275358	0.7135256
3210	-3981.374	-4242.805	261.4308	2.369328	0.681621	0.318379	0.7124876
3216	-3974.04	-4235.425	261.3847	2.352202	0.675876	0.324124	0.8053469
3222	-3980.648	-4242.031	261.3826	2.348818	0.606276	0.393724	0.812489
3228	-3975.788	-4237.258	261.4696	2.290713	0.698802	0.301198	0.7734899
3234	-3981.965	-4243.302	261.337	2.123937	0.688937	0.311063	1.098573
3240	-3981.121	-4242.378	261.2568	2.04276	0.685283	0.314717	1.239685
3246	-3984.312	-4245.598	261.2863	2.120134	0.685283	0.314717	1.147683
3252	-3995.623	-4256.956	261.333	2.154821	0.719492	0.280508	1.073636
3258	-3995.999	-4257.365	261.3661	2.154425	0.615734	0.384266	1.042673
3264	-3988.964	-4250.438	261.4736	2.180279	0.736961	0.263039	0.9053895
3270	-3997.163	-4258.566	261.4026	2.259914	0.748773	0.251227	0.895751
3276	-3984.773	-4246.151	261.3784	2.284063	0.689608	0.310392	0.895751
3282	-3983.573	-4245.007	261.4335	2.303536	0.667479	0.332521	0.8051551
3288	-3988.285	-4249.765	261.48	2.278647	0.690916	0.309084	0.7758438
3294	-3982.178	-4243.635	261.4565	2.302075	0.740196	0.259804	0.7758438
3300	-3991.968	-4253.424	261.4557	2.008305	0.693156	0.306844	1.09579
3306	-3997.118	-4258.591	261.4728	2.208145	0.772186	0.227814	0.8745765
3312	-3994.489	-4255.751	261.262	2.079075	0.713523	0.286477	1.204578
3318	-3992.146	-4253.414	261.2678	2.07329	0.659114	0.340886	1.204578
3324	-4011.233	-4272.579	261.3457	2.070879	0.604948	0.395052	1.138695
3330	-3999.976	-4261.378	261.4018	2.084187	0.655222	0.344778	1.075367
3336	-3997.219	-4258.595	261.3759	2.084187	0.655222	0.344778	1.099328
3342	-3999.822	-4261.176	261.3535	2.043538	0.714522	0.285478	1.156057
3348	-3989.252	-4250.711	261.4586	2.11088	0.626685	0.373315	0.9946369
3354	-4002.763	-4264.201	261.4383	2.131185	0.619704	0.380296	0.9946369
3360	-3987.123	-4248.431	261.3074	2.040468	0.643863	0.356137	1.198768
3366	-3983.402	-4244.79	261.388	1.978219	0.67334	0.32666	1.182919
3372	-3974.52	-4235.808	261.2883	2.036912	0.746726	0.253274	1.218046
3378	-3997.786	-4259.087	261.3006	2.058904	0.738212	0.261788	1.188781
3384	-3990.965	-4252.155	261.1901	2.006661	0.622724	0.377276	1.324021
3390	-3984.374	-4245.632	261.2579	1.872453	0.622724	0.377276	1.376751
3396	-3976.906	-4237.771	260.8648	1.833174	0.758449	0.241551	1.697721
3402	-3993.239	-4254.171	260.932	1.846515	0.593483	0.406517	1.64017
3408	-3980.873	-4241.935	261.0622	2.002785	0.787189	0.212811	1.427533
3414	-3976.464	-4237.603	261.1392	2.006109	0.700161	0.299839	1.36497
3420	-3986.515	-4247.266	260.7514	1.858874	0.66288	0.33712	1.759369
3426	-3997.347	-4258.135	260.7881	1.858874	0.668879	0.331121	1.733675
3432	-3994.247	-4254.97	260.723	1.867974	0.668879	0.331121	1.772862
3438	-3994.938	-4255.943	261.0053	1.834844	0.668879	0.331121	1.595582
3444	-3987.255	-4248.182	260.9272	1.834844	0.668879	0.331121	1.651991
3450	-3990.386	-4251.506	261.12	1.877115	0.695308	0.304692	1.479238
3456	-3999.97	-4261.094	261.1237	1.873448	0.695308	0.304692	1.479238
3462	-4002.934	-4264.227	261.2934	2.061959	0.619247	0.380753	1.192341
3468	-4007.511	-4268.82	261.3099	2.030453	0.588569	0.411431	1.205154
3474	-3994.301	-4255.582	261.2813	2.002417	0.75207	0.24793	1.252958
3480	-4000.608	-4261.772	261.1637	1.97948	0.726237	0.273763	1.366589
3486	-3994.022	-4255.094	261.0728	1.88775	0.777269	0.222731	1.506716
3492	-3996.572	-4257.594	261.0218	1.890154	0.761395	0.238605	1.542885
3498	-3987.705	-4248.845	261.1395	2.011109	0.761395	0.238605	1.360768
3504	-3995.077	-4256.213	261.1362	1.903726	0.735741	0.264259	1.446737
3510	-4002.891	-4264.041	261.1508	2.014353	0.673253	0.326747	1.349229
3516	-4003.787	-4264.953	261.1654	2.014353	0.691292	0.308708	1.337595
3522	-4010.297	-4271.52	261.223	2.04433	0.691292	0.308708	1.26655
3528	-3993.645	-4255.009	261.3639	2.014846	0.694969	0.305031	1.17205
3534	-3988.494	-4249.802	261.3083	2.020403	0.646949	0.353051	1.21514
3540	-3992.512	-4253.67	261.1585	2.029803	0.680631	0.319369	1.330768
3546	-3988.787	-4250.062	261.2743	1.914022	0.560627	0.439373	1.330768
3552	-3997.74	-4258.964	261.2236	1.787745	0.77833	0.22167	1.468475
3558	-4001.219	-4262.278	261.0589	1.845562	0.595578	0.404422	1.548464
3564	-3994.198	-4255.19	260.9927	1.946622	0.733845	0.266155	1.522566
3570	-3986.032	-4247.191	261.1595	1.903772	0.598994	0.401006	1.428832
3576	-3986.668	-4247.786	261.1179	2.014748	0.747429	0.252571	1.374919
3582	-3992.21	-4253.415	261.2046	2.110299	0.753174	0.246826	1.226767
3588	-3994.901	-4256.025	261.1239	1.981375	0.665252	0.334748	1.396357
3594	-3979.834	-4241.001	261.1673	1.937254	0.707165	0.292835	1.39691
3600	-3990.332	-4251.53	261.1983	1.869058	0.707165	0.292835	1.425731
3606	-3986.408	-4247.503	261.0952	1.9173	0.706092	0.293908	1.467643
3612	-3990.26	-4251.342	261.0819	1.929859	0.591853	0.408147	1.4682
3618	-3992.18	-4253.312	261.1327	1.879007	0.686232	0.313768	1.4682
3624	-3995.094	-4256.322	261.2285	2.046361	0.728431	0.271569	1.260321
3630	-3993.77	-4255.008	261.2375	2.036759	0.713857	0.286143	1.260799
3636	-3997.15	-4258.315	261.1643	1.988909	0.705395	0.294605	1.358677
3642	-3989.636	-4250.746	261.1101	1.86559	0.63079	0.36921	1.495385
3648	-4018.868	-4280.007	261.1397	2.153143	0.650202	0.349798	1.245287
3654	-4006.599	-4268	261.4007	2.115389	0.732414	0.267586	1.046913
3660	-4004.894	-4266.034	261.1392	1.94674	0.75417	0.24583	1.411314
3666	-4004.555	-4265.705	261.1498	1.792358	0.671624	0.328376	1.520466
3672	-3985.089	-4245.937	260.848	1.929518	0.697072	0.302928	1.640905
3678	-3997.636	-4258.57	260.9337	1.879504	0.695661	0.304339	1.615191
3684	-4002.274	-4263.483	261.2093	1.981032	0.663944	0.336056	1.329167
3690	-3999.447	-4260.72	261.2727	1.973701	0.676594	0.323406	1.283737
3696	-3997.443	-4258.874	261.4309	2.056288	0.634375	0.365625	1.074311
3702	-3993.842	-4255.168	261.3255	2.161693	0.670457	0.329543	1.074306
3708	-3991.012	-4252.328	261.3162	2.220511	0.625057	0.374943	1.026977
3714	-3978.103	-4239.352	261.2497	2.128921	0.72463	0.27537	1.172146
3720	-3980.036	-4241.325	261.2887	2.203807	0.669107	0.330893	1.069291
3726	-3978.706	-4240.128	261.4218	2.130276	0.618849	0.381151	1.01198
3732	-3988.545	-4249.896	261.3513	2.160795	0.617906	0.382094	1.050787
3738	-3999.388	-4260.506	261.1177	2.10526	0.785795	0.214205	1.302867
3744	-3987.336	-4248.683	261.3463	2.09242	0.735924	0.264076	1.118792
3750	-3982.99	-4244.255	261.2646	2.183554	0.716748	0.283252	1.110225
3756	-3986.149	-4247.423	261.2746	2.191272	0.633821	0.366179	1.094008
3762	-3994.264	-4255.641	261.3771	2.119503	0.557382	0.442618	1.065415
3768	-3996.068	-4257.429	261.3617	2.11715	0.500485	0.499515	1.082058
3774	-3995.126	-4256.488	261.3614	2.159553	0.538672	0.461328	1.042279
3780	-3989.824	-4251.173	261.349	2.171978	0.610227	0.389773	1.042279
3786	-3980.147	-4241.474	261.3276	2.208344	0.713425	0.286575	1.027738
3792	-3991.223	-4252.6	261.3763	2.16252	0.646403	0.353597	1.02492
3798	-3983.586	-4244.976	261.3895	2.130383	0.698836	0.301164	1.043327
3804	-3985.679	-4247.004	261.3244	2.010802	0.716249	0.283751	1.209543
3810	-3992.07	-4253.368	261.2972	2.127999	0.620025	0.379975	1.130985
3816	-3980.464	-4241.728	261.2636	2.123651	0.661067	0.338933	1.164626
3822	-3973.082	-4234.462	261.3807	2.139152	0.66972	0.33028	1.043336
3828	-3993.165	-4254.509	261.344	2.114568	0.638232	0.361768	1.100723
3834	-3982.472	-4243.886	261.4138	2.169536	0.675906	0.324094	0.9805489
3840	-4008.371	-4269.792	261.4218	2.086931	0.694141	0.305859	1.054
3846	-3986.544	-4247.848	261.3038	2.183064	0.595781	0.404219	1.074606
3852	-3995.583	-4256.96	261.3776	2.095983	0.70336	0.29664	1.086934
3858	-3991.977	-4253.402	261.4242	2.257426	0.741603	0.258397	0.8737574
3864	-3991.971	-4253.421	261.4503	2.171224	0.658404	0.341596	0.9407749
3870	-3982.297	-4243.679	261.3821	2.122537	0.710743	0.289257	1.057845
3876	-3967.595	-4228.901	261.3057	1.999335	0.677001	0.322999	1.235137
3882	-3981.07	-4242.421	261.3512	2.114173	0.664838	0.335162	1.094516
3888	-3966.735	-4228.15	261.4157	2.130895	0.664838	0.335162	1.017391
3894	-3989.522	-4250.977	261.4552	2.109589	0.768689	0.231311	0.9992685
3900	-3993.401	-4254.782	261.3805	2.291069	0.608911	0.391089	0.8854073
3906	-3998.146	-4259.57	261.4248	2.310909	0.625322	0.374678	0.8069108
3912	-3993.888	-4255.311	261.423	2.347012	0.709166	0.290834	0.7595027
3918	-3984.538	-4245.859	261.3214	2.384394	0.650814	0.349186	0.8449064
3924	-3988.508	-4249.914	261.4066	2.311248	0.747027	0.252973	0.8298718
3930	-4000.397	-4261.832	261.4356	2.306486	0.716939	0.283061	0.7985207
3936	-4002.653	-4264.068	261.415	2.333827	0.762566	0.237434	0.7894221
3942	-3984.03	-4245.461	261.4308	2.247721	0.762566	0.237434	0.8774045
3948	-3979.718	-4241.015	261.2973	2.270711	0.728263	0.271737	0.9960512
3954	-3976.229	-4237.582	261.3531	2.434362	0.706431	0.293569	0.7330264
3960	-3970.099	-4231.46	261.3606	2.421378	0.816558	0.183442	0.7414861
3966	-3983.667	-4245.025	261.3577	2.36113	0.71264	0.28736	0.8286109
3972	-3973.743	-4235.091	261.3482	2.386971	0.67509	0.32491	0.807673
3978	-3982.833	-4244.274	261.4411	2.284914	0.67509	0.32491	0.819504
3984	-3984.998	-4246.331	261.3332	2.375268	0.613532	0.386468	0.8415944
3990	-3993.506	-4254.899	261.3931	2.37419	0.753107	0.246893	0.7634406
3996	-3999.183	-4260.614	261.4308	2.322836	0.785636	0.214364	0.7827986
4002	-4010.735	-4271.957	261.2224	1.908366	0.769993	0.230007	1.376405
4008	-4014.06	-4274.953	260.8938	1.843503	0.685274	0.314726	1.669752
4014	-3992.836	-4254.241	261.4046	2.281959	0.728765	0.271235	0.8679843
4020	-4002.399	-4263.802	261.4031	2.323648	0.651361	0.348639	0.8185841
4026	-3987.611	-4248.973	261.3628	2.323648	0.695232	0.304768	0.8680971
4032	-3998.316	-4259.632	261.3153	2.329902	0.66439	0.33561	0.9150173
4038	-3984.899	-4246.293	261.3943	2.347909	0.540338	0.459662	0.7982936
4044	-3998.049	-4259.464	261.4147	2.348704	0.559558	0.440442	0.7690373
4050	-3983.266	-4244.671	261.405	2.405159	0.690597	0.309403	0.6952176
4056	-3995.623	-4257.026	261.4031	2.406982	0.690597	0.309403	0.6952176
4062	-3994.316	-4255.671	261.355	2.447708	0.707665	0.292335	0.7081672
4068	-3989.011	-4250.42	261.4088	2.4426	0.702733	0.297267	0.6055381
4074	-4002.927	-4264.383	261.4558	2.349717	0.64243	0.35757	0.7032445
4080	-3993.289	-4254.747	261.4581	2.292946	0.652138	0.347862	0.7863242
4086	-3994.973	-4256.315	261.3425	2.199686	0.625057	0.374943	1.021688
4092	-3997.53	-4258.903	261.3729	2.184306	0.653445	0.346555	1.006832
4098	-3983.674	-4245.13	261.4558	2.24386	0.619353	0.380647	0.8523309
4104	-4010.126	-4271.457	261.3313	2.24386	0.696007	0.303993	0.9888442
4110	-3997.726	-4259.147	261.422	2.295187	0.647135	0.352865	0.8307688
4116	-4005.533	-4266.977	261.4442	2.261214	0.681051	0.318949	0.8452878
4122	-3986.599	-4248.035	261.4353	2.241865	0.665103	0.334897	0.8789555
4128	-3988.15	-4249.49	261.3399	2.061014	0.684696	0.315304	1.152591
4134	-3990.833	-4252.087	261.2542	2.061014	0.60477	0.39523	1.226549
4140	-3987.587	-4248.864	261.2764	2.215931	0.748913	0.251087	1.06946
4146	-3994.844	-4256.178	261.3349	2.30833	0.739989	0.260011	0.9172845
4152	-3984.819	-4246.256	261.4371	2.327708	0.679609	0.320391	0.7670763
4158	-3973.366	-4234.752	261.3851	2.315628	0.679609	0.320391	0.8509854
4164	-3977.467	-4238.839	261.3722	2.276615	0.633268	0.366732	0.9110588
4170	-3979.196	-4240.62	261.4243	2.254256	0.633268	0.366732	0.8773588
4176	-3981.698	-4243.055	261.3566	2.254256	0.704344	0.295656	0.9520645
4182	-4000.917	-4262.227	261.3107	1.984008	0.557546	0.442454	1.243779
4188	-3988.621	-4249.976	261.3552	2.020179	0.737519	0.262481	1.175007
4194	-3995.207	-4256.12	260.9129	1.908175	0.720422	0.279578	1.609435
4200	-4010.466	-4271.73	261.2639	2.071723	0.554981	0.445019	1.209232
4206	-4010.105	-4271.254	261.1491	1.944673	0.612664	0.387336	1.405277
4212	-4005.431	-4265.128	259.6967	1.442431	0.550193	0.449807	2.711152
4218	-3996.24	-4255.89	259.6495	1.496149	0.755805	0.244195	2.707163
4224	-3998.784	-4259.945	261.1605	2.047761	0.748529	0.251471	1.314694
4230	-4012.439	-4273.489	261.0494	2.008674	0.71992	0.28008	1.432822
4236	-3998.681	-4259.839	261.1588	1.995508	0.573664	0.426336	1.357849
4242	-3986.591	-4247.675	261.0839	1.941139	0.674456	0.325544	1.458067
4248	-3991.361	-4252.601	261.2403	2.026822	0.674456	0.325544	1.266716
4254	-3980.692	-4241.966	261.2737	2.065494	0.675615	0.324385	1.206211
4260	-3979.459	-4240.59	261.1309	1.860548	0.675615	0.324385	1.483539
4266	-3991.18	-4252.208	261.0275	1.878614	0.677838	0.322162	1.547214
4272	-3992.227	-4253.078	260.8507	1.891103	0.677838	0.322162	1.666518
4278	-3984.383	-4244.98	260.5967	1.728938	0.651486	0.348514	1.954234
4284	-3985.311	-4246.036	260.725	1.728938	0.718723	0.281277	1.86732
4290	-3995.124	-4255.623	260.4992	1.768094	0.630963	0.369037	1.993288
4296	-3991.757	-4252.486	260.7289	1.868736	0.617847	0.382153	1.768201
4302	-3990.657	-4251.453	260.7959	1.840729	0.707743	0.292257	1.740933
4308	-3998.642	-4259.624	260.9817	1.849677	0.749932	0.250068	1.601996
4314	-3982.337	-4243.267	260.9305	1.873183	0.698693	0.301307	1.622083
4320	-3977.908	-4238.757	260.8493	1.825272	0.744074	0.255926	1.714272
4326	-3998.632	-4259.448	260.8165	1.798243	0.679696	0.320304	1.756287
4332	-4005.804	-4265.238	259.4346	1.514535	0.681605	0.318395	2.827134
4338	-3987.096	-4246.041	258.9452	1.543491	0.661927	0.338073	3.10403
4344	-3984.382	-4244.402	260.02	1.681496	0.750043	0.249957	2.360765
4350	-3983.938	-4244.268	260.33	1.710724	0.618016	0.381984	2.142716
4356	-3983.126	-4243.346	260.2193	1.694446	0.638595	0.361405	2.225094
4362	-3993.917	-4254.569	260.6517	1.65456	0.661882	0.338118	1.967255
4368	-3988.37	-4248.777	260.4072	1.621635	0.714386	0.285614	2.150492
4374	-3991.658	-4251.975	260.3168	1.651864	0.708109	0.291891	2.189547
4380	-3983.015	-4243.643	260.6279	1.658533	0.62954	0.37046	1.980482
4386	-3999.222	-4259.893	260.6705	1.721037	0.62954	0.37046	1.909776
4392	-3998.392	-4258.846	260.4538	1.642294	0.753614	0.246386	2.106495
4398	-3997.393	-4257.588	260.1957	1.625777	0.659491	0.340509	2.284374
4404	-3985.266	-4245.794	260.5278	1.694305	0.659491	0.340509	2.023399
4410	-3990.021	-4250.719	260.6977	1.80351	0.710831	0.289169	1.834976
4416	-3997.593	-4258.29	260.6972	1.804017	0.559992	0.440008	1.834976
4422	-3993.089	-4254.228	261.1388	1.923147	0.658244	0.341756	1.429856
4428	-3989.258	-4250.09	260.8321	1.877819	0.658244	0.341756	1.689247
4434	-3991.284	-4252.294	261.0103	1.915408	0.599716	0.400284	1.532713
4440	-3988.29	-4249.358	261.068	1.910121	0.599716	0.400284	1.49354
4446	-3991.161	-4252.261	261.1005	1.849718	0.604668	0.395332	1.514483
4452	-3981.068	-4242.182	261.1149	1.883169	0.764996	0.235004	1.478522
4458	-3994.513	-4255.65	261.1366	1.932238	0.764996	0.235004	1.42453
4464	-3985.181	-4246.288	261.1067	1.922503	0.690887	0.309113	1.454904
4470	-3994.284	-4255.07	260.7862	1.952091	0.690887	0.309113	1.669044
4476	-3987.759	-4248.878	261.1195	1.969295	0.743224	0.256776	1.40912
4482	-3998.386	-4259.598	261.2119	1.954182	0.741709	0.258291	1.348528
4488	-3975.64	-4236.943	261.3032	1.990117	0.739382	0.260618	1.244887
4494	-3988.267	-4249.668	261.4007	2.081686	0.693556	0.306444	1.078735
4500	-3974.97	-4236.334	261.3642	2.142262	0.651651	0.348349	1.056142
4506	-3990.765	-4252.095	261.3299	2.354831	0.596813	0.403187	0.8701254
4512	-3995.559	-4256.954	261.3949	2.28736	0.77932	0.22068	0.8729705
4518	-3980.263	-4241.648	261.3849	2.28736	0.775041	0.224959	0.8845984
4524	-3976.247	-4237.688	261.4411	2.337648	0.613069	0.386931	0.7464845
4530	-3975.085	-4236.497	261.4115	2.33498	0.64268	0.35732	0.7925256
4536	-3968.534	-4229.854	261.3201	2.365286	0.595388	0.404612	0.8693739
4542	-3985.82	-4247.138	261.3189	2.332335	0.676329	0.323671	0.9084369
4548	-3980.151	-4241.482	261.3306	2.292567	0.691514	0.308486	0.9389609
4554	-3995.1	-4256.387	261.2871	2.299151	0.691514	0.308486	0.9775893
4560	-4010.522	-4271.839	261.3169	2.000805	0.697291	0.302709	1.22447
4566	-3997.815	-4259.089	261.274	2.043634	0.67119	0.32881	1.22447
4572	-4001.55	-4262.764	261.2139	1.963073	0.721963	0.278037	1.339811
4578	-3997.309	-4258.608	261.2992	1.931586	0.565645	0.434355	1.296471
4584	-3992.236	-4253.506	261.2708	1.989904	0.736554	0.263446	1.27202
4590	-3994.061	-4255.514	261.4531	2.010286	0.736554	0.263446	1.096338
4596	-3991.316	-4252.723	261.4065	2.070888	0.736554	0.263446	1.083418
4602	-3999.172	-4260.46	261.288	1.921456	0.747303	0.252697	1.313774
4608	-4008.797	-4270.002	261.2047	2.004757	0.767371	0.232629	1.313774
4614	-4010.64	-4271.977	261.3368	1.963608	0.721167	0.278833	1.238961
4620	-3987.333	-4248.508	261.1753	1.963608	0.632625	0.367375	1.370016
4626	-3991.346	-4252.623	261.2771	1.96885	0.744801	0.255199	1.284108
4632	-4009.197	-4270.144	260.9472	1.866593	0.687126	0.312874	1.614767
4638	-3985.793	-4246.524	260.7309	1.782623	0.687126	0.312874	1.826509
4644	-3995.427	-4256.185	260.7577	1.686877	0.687126	0.312874	1.873738
4650	-4001.957	-4262.731	260.774	1.71521	0.73641	0.26359	1.843176
4656	-3990.065	-4250.685	260.6191	1.687624	0.762987	0.237013	1.966932
4662	-3988.095	-4248.683	260.5883	1.718449	0.599159	0.400841	1.966932
4668	-3992.336	-4252.919	260.5831	1.694007	0.705031	0.294969	1.98677
4674	-3985.861	-4246.546	260.6845	1.690603	0.68787	0.31213	1.920857
4680	-3995.966	-4256.245	260.2792	1.676409	0.625415	0.374585	2.198027
4686	-3997.445	-4257.742	260.2966	1.648316	0.629529	0.370471	2.204908
4692	-4009.225	-4269.396	260.1713	1.685746	0.728633	0.271367	2.261528
4698	-4003.98	-4264.596	260.6161	1.87354	0.690428	0.309572	1.842894
4704	-4004.488	-4265.507	261.0189	2.027462	0.760881	0.239119	1.44179
4710	-4011.051	-4272.339	261.2876	1.948899	0.653953	0.346047	1.291823
4716	-3999.468	-4260.824	261.3568	2.146199	0.626641	0.373359	1.059395
4722	-3994.794	-4256.198	261.4037	2.114331	0.626641	0.373359	1.045084
4728	-4005.819	-4267.185	261.3654	2.152632	0.674515	0.325485	1.045084
4734	-4009.438	-4270.818	261.3807	2.19421	0.736399	0.263601	0.9891399
4740	-3990.579	-4251.945	261.3659	2.123608	0.705054	0.294946	1.072094
4746	-3994.488	-4255.759	261.2702	2.078622	0.636598	0.363402	1.197894
4752	-3984.818	-4246.072	261.2535	2.058153	0.709942	0.290058	1.229525
4758	-3986.499	-4247.781	261.2822	2.029491	0.596145	0.403855	1.229525
4764	-3989.78	-4251.072	261.2924	2.035099	0.674978	0.325022	1.216112
4770	-3990.106	-4251.226	261.1204	2.022355	0.674978	0.325022	1.366935
4776	-3988.268	-4249.412	261.1435	1.949335	0.660092	0.339908	1.405983
4782	-3989.699	-4250.723	261.0241	1.937016	0.706752	0.293248	1.506325
4788	-3988.202	-4249.307	261.1047	1.937797	0.6674	0.3326	1.444768
4794	-3987.128	-4248.363	261.2345	2.00247	0.615442	0.384558	1.291417
4800	-3990.995	-4251.991	260.9959	1.925796	0.673815	0.326185	1.535653
4806	-3979.799	-4240.968	261.1692	1.857643	0.673815	0.326185	1.456746
4812	-3992.556	-4253.748	261.1913	1.976703	0.695929	0.304071	1.346943
4818	-3978.132	-4239.23	261.0984	1.972666	0.64094	0.35906	1.422802
4824	-3978.925	-4240.106	261.1807	1.962054	0.64094	0.35906	1.36698
4830	-3976.819	-4238.029	261.2099	1.9964	0.691759	0.308241	1.316281
4836	-3984.743	-4245.96	261.2173	1.98612	0.691759	0.308241	1.318651
4842	-3986.468	-4247.657	261.1886	2.026931	0.691759	0.308241	1.308879
4848	-3978.129	-4239.324	261.1956	1.963357	0.691759	0.308241	1.354156
4854	-3975.492	-4236.688	261.1956	1.963357	0.60531	0.39469	1.354156
4860	-3983.84	-4244.832	260.9929	1.982199	0.690105	0.309895	1.495818
4866	-3994.161	-4254.91	260.7491	1.903851	0.659	0.341	1.729492
4872	-3991.378	-4252.16	260.7828	1.88817	0.679723	0.320277	1.716778
4878	-3996.261	-4257.192	260.9303	1.806644	0.618343	0.381657	1.669978
4884	-4006.916	-4267.653	260.7377	1.846247	0.638532	0.361468	1.777738
4890	-4014.77	-4276.002	261.2321	2.074263	0.650539	0.349461	1.233998
4896	-4011.625	-4272.746	261.1218	2.004906	0.764297	0.235703	1.37955
4902	-4033.234	-4294.448	261.2142	1.922874	0.588849	0.411151	1.371411
4908	-3998.034	-4259.299	261.2647	2.039393	0.668383	0.331617	1.235913
4914	-3994.603	-4256.018	261.4149	2.057386	0.715202	0.284798	1.088156
4920	-3989.452	-4250.733	261.2805	2.107677	0.814307	0.185693	1.163765
4926	-4000.803	-4262.217	261.4133	2.058043	0.613801	0.386199	1.089029
4932	-3990.32	-4251.608	261.288	2.112006	0.686256	0.313744	1.153377
4938	-3973.898	-4235.295	261.3966	2.131193	0.738982	0.261018	1.035642
4944	-3982.524	-4243.781	261.2569	2.139633	0.707448	0.292552	1.156446
4950	-3986.932	-4248.301	261.3693	2.125242	0.647251	0.352749	1.067344
4956	-3975.988	-4237.224	261.2357	2.073535	0.688945	0.311055	1.231565
4962	-4008.188	-4269.468	261.2793	2.043538	0.636352	0.363648	1.220092
4968	-3998.433	-4259.694	261.2608	1.987092	0.633273	0.366727	1.282523
4974	-3995.391	-4256.6	261.2086	2.001079	0.701061	0.298939	1.313584
4980	-4005.498	-4266.005	260.5067	1.783303	0.737053	0.262947	1.978131
4986	-3990.17	-4251.009	260.8385	1.887412	0.657221	0.342779	1.677851
4992	-3997.208	-4258.053	260.8442	1.857301	0.580256	0.419744	1.695164
4998	-3980.858	-4241.496	260.6383	1.758278	0.580256	0.419744	1.906325
5004	-4013.086	-4273.678	260.5915	1.745755	0.653322	0.346678	1.94638
5010	-4001.462	-4262.379	260.917	1.73514	0.738128	0.261872	1.730081
5016	-4002.426	-4263.333	260.9068	1.805936	0.826239	0.173761	1.687238
5022	-3983.727	-4244.678	260.9512	1.782701	0.699728	0.300272	1.672148
5028	-3984.228	-4244.73	260.5019	1.82558	0.684451	0.315549	1.953016
5034	-3989.66	-4250.954	261.294	2.036265	0.672238	0.327762	1.213742
5040	-3979.353	-4240.431	261.0781	1.847156	0.672238	0.327762	1.533018
5046	-3976.746	-4237.84	261.0937	1.80414	0.645531	0.354469	1.553298
5052	-3978.787	-4239.819	261.0322	1.865641	0.697942	0.302058	1.553298
5058	-3977.221	-4238.297	261.0759	1.869804	0.740382	0.259618	1.517813
5064	-3978.675	-4239.588	260.9134	1.813769	0.65551	0.34449	1.676925
5070	-3983.483	-4244.33	260.8478	1.879431	0.65551	0.34449	1.676925
5076	-3993.897	-4254.401	260.5037	1.726103	0.743578	0.256422	2.018289
5082	-3982.458	-4243.277	260.8182	1.661274	0.700965	0.299035	1.849884
5088	-3977.459	-4237.815	260.3555	1.668171	0.604517	0.395483	2.153807
5094	-3980.696	-4241.069	260.3728	1.654003	0.652242	0.347758	2.151793
5100	-3967.611	-4227.601	259.9897	1.573397	0.743492	0.256508	2.448192
5106	-3972.502	-4232.943	260.4403	1.691169	0.65153	0.34847	2.083283
5112	-3975.267	-4235.893	260.6256	1.719972	0.757589	0.242411	1.940839
5118	-3974.233	-4234.838	260.6053	1.828719	0.701891	0.298109	1.88092
5124	-3982.393	-4243.381	260.9882	1.828938	0.761225	0.238775	1.612287
5130	-3994.99	-4255.778	260.7884	1.868997	0.770248	0.229752	1.726345
5136	-3994.727	-4255.985	261.2581	1.983255	0.770248	0.229752	1.287833
5142	-3975.764	-4236.997	261.2329	2.052318	0.658098	0.341902	1.251668
5148	-3986.397	-4247.669	261.2727	2.108696	0.683179	0.316821	1.169766
5154	-3988.01	-4249.399	261.3885	2.177563	0.683179	0.316821	0.9980057
5160	-4000.91	-4262.328	261.4178	2.155016	0.608592	0.391408	0.9911955
5166	-3992.976	-4254.375	261.3987	2.203923	0.649194	0.350806	0.9606776
5172	-3975.686	-4237.055	261.3699	2.203923	0.680297	0.319703	0.9902357
5178	-3993.628	-4254.971	261.3434	2.014488	0.680297	0.319703	1.190145
5184	-3991.884	-4253.138	261.2539	2.013638	0.757984	0.242016	1.266352
5190	-3977.247	-4238.36	261.1131	1.967898	0.612529	0.387471	1.415149
5196	-3980.001	-4241.309	261.308	2.044236	0.624585	0.375415	1.195006
5202	-3983.125	-4244.435	261.3104	2.055378	0.608464	0.391536	1.183357
5208	-3994.84	-4256.102	261.262	1.978145	0.723609	0.276391	1.288878
5214	-3996.698	-4257.929	261.2309	1.951471	0.724627	0.275373	1.335527
5220	-3996.316	-4257.641	261.3252	2.102761	0.637048	0.362952	1.128496
5226	-3992.721	-4253.993	261.2716	2.041326	0.795334	0.204666	1.228447
5232	-3984.535	-4245.817	261.2823	1.927616	0.658783	0.341217	1.313417
5238	-3977.827	-4238.966	261.139	1.96498	0.658783	0.341217	1.397366
5244	-3981.054	-4242.21	261.1556	1.982798	0.658783	0.341217	1.370423
5250	-4000.374	-4261.486	261.1114	1.922485	0.609156	0.390844	1.451316
5256	-3976.091	-4237.114	261.023	1.912788	0.743002	0.256998	1.525191
5262	-3995.287	-4256.406	261.1188	1.886841	0.706728	0.293272	1.472843
5268	-3981.432	-4242.413	260.9802	1.846201	0.687886	0.312114	1.605608
5274	-3990.451	-4251.151	260.6999	1.72913	0.764507	0.235493	1.884332
5280	-3987.052	-4247.56	260.5086	1.748153	0.66157	0.33843	2.000333
5286	-3991.896	-4252.853	260.9565	1.935554	0.792052	0.207948	1.557601
5292	-3987.705	-4248.642	260.937	1.779424	0.788218	0.211782	1.684607
5298	-3976.12	-4236.748	260.6283	1.760845	0.731491	0.268509	1.911356
5304	-3981.49	-4242.17	260.6803	1.782015	0.611889	0.388111	1.861618
5310	-3977.569	-4238.448	260.879	1.784725	0.643122	0.356878	1.721908
5316	-3976.794	-4237.399	260.6045	1.784725	0.687356	0.312644	1.911336
5322	-3975.174	-4235.843	260.6694	1.719867	0.750986	0.249014	1.911336
5328	-3969.834	-4230.141	260.3067	1.710123	0.718598	0.281402	2.158266
5334	-3993.824	-4254	260.1764	1.677078	0.599372	0.400628	2.263822
5340	-3983.569	-4243.978	260.409	1.645822	0.667461	0.332539	2.13353
5346	-3987.626	-4247.845	260.2199	1.663351	0.677597	0.322403	2.244683
5352	-3986.391	-4246.54	260.1489	1.726708	0.702099	0.297901	2.249622
5358	-3979.691	-4240.595	260.9047	1.846623	0.653741	0.346259	1.659715
5364	-3985.315	-4246.067	260.752	1.751685	0.689684	0.310316	1.833214
5370	-3987.724	-4248.256	260.5318	1.673578	0.696571	0.303429	2.03445
5376	-3990.703	-4251.364	260.6617	1.736903	0.696381	0.303619	1.904999
5382	-3988.327	-4249.043	260.7168	1.707241	0.663372	0.336628	1.887723
5388	-3992.857	-4253.539	260.6813	1.830275	0.663372	0.336628	1.827803
5394	-3986.927	-4247.587	260.6602	1.851433	0.637667	0.362333	1.827803
5400	-3993.946	-4254.715	260.7687	1.723398	0.767738	0.232262	1.841186
5406	-3985.765	-4246.33	260.5651	1.822889	0.667589	0.332411	1.912159
5412	-3973.363	-4234.076	260.7127	1.706591	0.716378	0.283622	1.890941
5418	-3980.038	-4240.765	260.7269	1.759882	0.733697	0.266303	1.844866
5424	-3988.82	-4249.472	260.6515	1.768017	0.59204	0.40796	1.890753
5430	-3989.42	-4250.215	260.7958	1.685454	0.629083	0.370917	1.848676
5436	-3996.161	-4257.11	260.949	1.742676	0.715289	0.284711	1.702127
5442	-4004.29	-4265.158	260.8676	1.80207	0.805486	0.194514	1.717679
5448	-4006.388	-4267.397	261.0091	1.825175	0.657754	0.342246	1.599876
5454	-3984.099	-4245.287	261.1879	1.876247	0.746543	0.253457	1.428177
5460	-3997.048	-4258.196	261.148	1.916132	0.680064	0.319936	1.428177
5466	-3996.424	-4257.545	261.1206	1.956261	0.711968	0.288032	1.418404
5472	-3999.617	-4260.935	261.3181	1.987195	0.649189	0.350811	1.234884
5478	-3986.923	-4248.201	261.2776	2.010609	0.665001	0.334999	1.249197
5484	-3991.006	-4252.162	261.1565	2.000511	0.665001	0.334999	1.355687
5490	-3991.557	-4252.702	261.1444	2.049219	0.735135	0.264865	1.326527
5496	-3987.881	-4248.983	261.1012	2.00844	0.748542	0.251458	1.392939
5502	-4007.19	-4268.498	261.3083	2.026246	0.683348	0.316652	1.210112
5508	-3981.855	-4243.186	261.331	2.046813	0.602087	0.397913	1.172871
5514	-3989.532	-4250.739	261.2069	2.046813	0.684753	0.315247	1.277713
5520	-4000.38	-4261.72	261.3393	2.014993	0.651785	0.348215	1.193214
5526	-4001.217	-4262.532	261.3148	2.039531	0.732487	0.267513	1.193214
5532	-3984.897	-4246.173	261.2765	2.077812	0.72696	0.27304	1.193214
5538	-3981.851	-4243.237	261.3855	2.08446	0.73156	0.26844	1.090324
5544	-3978.802	-4240.158	261.3553	2.131352	0.755588	0.244412	1.074762
5550	-3994.045	-4255.331	261.286	2.214023	0.767669	0.232331	1.062217
5556	-3982.7	-4244.069	261.3685	2.131532	0.706141	0.293859	1.062217
5562	-3991.088	-4252.433	261.3458	2.207145	0.719167	0.280833	1.01112
5568	-3980.328	-4241.692	261.3642	2.253913	0.744585	0.255415	0.9443671
5574	-3985.645	-4247.009	261.3642	2.253913	0.654562	0.345438	0.9443671
5580	-3985.294	-4246.719	261.4251	2.236391	0.836684	0.163316	0.8969044
5586	-3982.602	-4244.008	261.4053	2.180772	0.670905	0.329095	0.9777576
5592	-3981.921	-4243.355	261.4334	2.15273	0.688112	0.311888	0.9777576
5598	-3988.431	-4249.799	261.3682	2.201524	0.696423	0.303577	0.9943419
5604	-3984.432	-4245.813	261.3811	2.273549	0.744495	0.255505	0.9045887
5610	-3990.379	-4251.782	261.4031	2.241901	0.651548	0.348452	0.9152873
5616	-3994.644	-4255.988	261.3433	2.218027	0.669476	0.330524	1.002783
5622	-3982.516	-4243.732	261.2157	2.029987	0.705173	0.294827	1.284333
5628	-3980.456	-4241.713	261.2573	2.086773	0.745794	0.254206	1.20204
5634	-3981.397	-4242.648	261.251	2.054387	0.732622	0.267378	1.234772
5640	-3979.498	-4240.819	261.3216	1.975725	0.662099	0.337901	1.241542
5646	-3981.659	-4242.735	261.0761	1.97878	0.709139	0.290861	1.435294
5652	-3979.111	-4240.266	261.1547	1.9522	0.709139	0.290861	1.395091
5658	-3966.396	-4227.551	261.1547	1.9522	0.770086	0.229914	1.395091
5664	-3977.525	-4238.764	261.239	1.980489	0.621225	0.378775	1.305686
5670	-3980.875	-4242.023	261.1477	1.977446	0.723914	0.276086	1.380767
5676	-3988.095	-4249.302	261.2068	1.995368	0.722747	0.277253	1.319641
5682	-3983.689	-4244.89	261.2005	2.029004	0.714213	0.285787	1.297514
5688	-3982.133	-4243.4	261.2664	1.951058	0.714213	0.285787	1.307297
5694	-3991.427	-4252.589	261.1617	1.825414	0.704941	0.295059	1.486836
5700	-4002.785	-4263.798	261.0137	1.757347	0.679919	0.320081	1.645573
5706	-4000.337	-4261.126	260.7895	1.784934	0.589639	0.410361	1.784384
5712	-3994.917	-4255.703	260.7861	1.762479	0.583208	0.416792	1.802266
5718	-3994.854	-4255.726	260.8727	1.762479	0.718547	0.281453	1.741968
5724	-3982.45	-4243.332	260.8821	1.841319	0.712878	0.287122	1.679635
5730	-3966.246	-4227.329	261.0826	1.931916	0.754253	0.245747	1.46606
5736	-3982.918	-4243.66	260.7425	1.812868	0.682981	0.317019	1.797555
5742	-3989.696	-4250.233	260.5373	1.722961	0.756694	0.243306	1.99796
5748	-3980.549	-4241.187	260.6388	1.766516	0.667135	0.332865	1.900429
5754	-3978.227	-4238.735	260.5084	1.713417	0.584325	0.415675	2.023579
5760	-3978.622	-4239.362	260.7399	1.77286	0.807859	0.192141	1.827034
5766	-3977.742	-4238.804	261.0615	1.945674	0.731899	0.268101	1.471673
5772	-3979.03	-4240.166	261.136	1.933724	0.666485	0.333515	1.423889
5778	-3978.164	-4239.4	261.2358	1.975502	0.629036	0.370964	1.312294
5784	-3963.633	-4224.906	261.2729	1.876159	0.665125	0.334875	1.362015
5790	-3974.898	-4235.907	261.0085	1.930906	0.673986	0.326014	1.52256
5796	-3979.009	-4240.25	261.241	2.031241	0.708829	0.291171	1.262436
5802	-3983.597	-4244.895	261.2985	2.061321	0.706229	0.293771	1.188463
5808	-3983.471	-4244.873	261.4017	2.061321	0.706229	0.293771	1.096688
5814	-3977.452	-4238.724	261.2726	2.049253	0.668653	0.331347	1.220944
5820	-3991.802	-4252.943	261.1412	1.96073	0.739576	0.260424	1.398974
5826	-3982.209	-4243.585	261.3762	2.066568	0.72996	0.27004	1.115196
5832	-3984.787	-4246.066	261.2788	2.07999	0.613593	0.386407	1.189383
5838	-3987.521	-4248.815	261.2943	2.042135	0.637602	0.362398	1.208532
5844	-3986.16	-4247.451	261.291	2.092948	0.621963	0.378037	1.167491
5850	-3988.295	-4249.529	261.2335	2.005661	0.739212	0.260788	1.289669
5856	-3987.823	-4249.023	261.1995	1.977849	0.666598	0.333402	1.339524
5862	-3986.471	-4247.725	261.2545	1.905081	0.72759	0.27241	1.35368
5868	-3986.998	-4248.236	261.2373	1.922206	0.692218	0.307782	1.35368
5874	-3981.235	-4242.378	261.1424	1.912129	0.692218	0.307782	1.435542
5880	-3971.349	-4232.405	261.0559	1.912129	0.667083	0.332917	1.501181
5886	-3985.371	-4246.512	261.1412	1.872969	0.725344	0.274656	1.46634
5892	-3979.557	-4240.844	261.2872	1.969774	0.753056	0.246944	1.275088
5898	-3978.805	-4240.02	261.2144	2.049346	0.667126	0.332874	1.269474
5904	-3980.55	-4241.794	261.2447	2.044941	0.614227	0.385773	1.247982
5910	-3973.872	-4235.241	261.3688	2.061641	0.646127	0.353873	1.126279
5916	-3991.747	-4253.08	261.3328	2.115248	0.838805	0.161195	1.110342
5922	-3987.411	-4248.708	261.2974	2.090742	0.696988	0.303012	1.163838
5928	-3997.318	-4258.638	261.32	2.105261	0.711	0.289	1.13098
5934	-3995.571	-4256.914	261.3437	2.127409	0.641884	0.358116	1.089207
5940	-3988.559	-4249.81	261.2508	2.097608	0.738141	0.261859	1.198279
5946	-3983.007	-4244.302	261.2946	2.053814	0.628346	0.371654	1.198279
5952	-3987.148	-4248.454	261.306	2.025054	0.708737	0.291263	1.213095
5958	-3986.143	-4247.424	261.2802	2.062113	0.645484	0.354516	1.20347
5964	-3990.437	-4251.534	261.0976	2.009988	0.759162	0.240838	1.394544
5970	-3985.54	-4246.653	261.1132	2.080956	0.66835	0.33165	1.32606
5976	-3980.737	-4242.022	261.2851	2.092168	0.701564	0.298436	1.173376
5982	-3983.049	-4244.297	261.2478	1.968903	0.701564	0.298436	1.307878
5988	-3982.073	-4243.409	261.3361	2.106798	0.708039	0.291961	1.11504
5994	-3986.622	-4247.873	261.2511	2.022857	0.70685	0.29315	1.261057
6000	-3982.53	-4243.745	261.2145	2.043412	0.70685	0.29315	1.274282
6006	-3995.516	-4256.819	261.3027	2.087833	0.70685	0.29315	1.161766
6012	-4000.317	-4261.754	261.4368	2.193201	0.736956	0.263044	0.931608
6018	-3994.634	-4256.017	261.3821	2.188182	0.730575	0.269425	0.9937791
6024	-3989.283	-4250.683	261.3995	2.18324	0.689405	0.310595	0.9811315
6030	-3995.493	-4256.937	261.4442	2.226537	0.681843	0.318157	0.8864125
6036	-3997.443	-4258.887	261.4442	2.226537	0.680949	0.319051	0.8864125
6042	-3993.616	-4255.018	261.4021	2.33048	0.676252	0.323748	0.8109987
6048	-3997.998	-4259.432	261.4337	2.349477	0.746995	0.253005	0.7396908
6054	-3986.699	-4248.195	261.4953	2.232532	0.720889	0.279111	0.8171229
6060	-3988.94	-4250.394	261.4545	2.15548	0.741219	0.258781	0.9529965
6066	-4002.027	-4263.359	261.3314	2.146462	0.676514	0.323486	1.082923
6072	-4010.806	-4272.266	261.46	2.252747	0.664576	0.335424	0.8362305
6078	-4004.203	-4265.663	261.46	2.252747	0.664576	0.335424	0.8362305
6084	-4002.524	-4263.998	261.4743	2.263448	0.687627	0.312373	0.8042449
6090	-4003.319	-4264.696	261.3766	2.132614	0.610453	0.389547	1.053457
6096	-3998.789	-4260.184	261.395	2.074767	0.677789	0.322211	1.090478
6102	-3984.937	-4246.335	261.3987	2.213099	0.677789	0.322211	0.9510309
6108	-3986.669	-4248.001	261.3319	2.081872	0.733387	0.266613	1.141213
6114	-3989.982	-4251.309	261.327	2.098059	0.629116	0.370884	1.131149
6120	-4012.332	-4273.697	261.3648	2.03144	0.641413	0.358587	1.156702
6126	-3985.996	-4247.242	261.2454	2.096527	0.739886	0.260114	1.203807
6132	-3983.511	-4244.678	261.1674	2.001848	0.673788	0.326212	1.345986
6138	-3977.836	-4239.056	261.2203	1.895322	0.673788	0.326212	1.388247
6144	-3984.302	-4245.452	261.1503	2.008936	0.673788	0.326212	1.353897
6150	-3979.957	-4241.168	261.211	2.07744	0.673788	0.326212	1.249017
6156	-3975.694	-4236.937	261.2432	2.035291	0.673941	0.326059	1.257256
6162	-3978.004	-4239.199	261.1952	2.069824	0.636281	0.363719	1.268383
6168	-3990.993	-4252.072	261.0787	1.997177	0.629727	0.370273	1.419137
6174	-3982.96	-4244.121	261.1613	2.018092	0.629727	0.370273	1.337906
6180	-3999.038	-4259.874	260.8358	1.818061	0.736595	0.263405	1.728814
6186	-3999.631	-4260.652	261.0214	1.793643	0.690073	0.309927	1.613806
6192	-3996.249	-4257.458	261.2099	2.039463	0.762933	0.237067	1.281332
6198	-4001.294	-4262.543	261.2495	2.04528	0.764788	0.235212	1.243673
6204	-4003.196	-4264.444	261.2485	2.066982	0.687423	0.312577	1.226303
6210	-4010.263	-4271.568	261.3051	2.066982	0.63142	0.36858	1.17787
6216	-4006.744	-4268.09	261.3463	2.141377	0.739903	0.260097	1.073784
6222	-4001.063	-4261.773	260.7104	1.649129	0.611199	0.388801	1.931431
6228	-4002.403	-4263.006	260.6031	1.580832	0.742172	0.257828	2.048687
6234	-4004.405	-4265.77	261.3646	2.061283	0.756625	0.243375	1.130343
6240	-3999.441	-4260.733	261.2918	2.010552	0.634377	0.365623	1.237371
6246	-3988.951	-4250.091	261.1396	2.046324	0.666455	0.333545	1.332713
6252	-4010.658	-4271.807	261.1487	1.980595	0.667001	0.332999	1.37754
6258	-3998.665	-4260.083	261.4189	2.125378	0.632642	0.367358	1.019598
6264	-4002.221	-4263.668	261.447	2.18654	0.669043	0.330957	0.9277601
6270	-3991.697	-4253.104	261.4072	2.142147	0.724838	0.275162	1.014661
6276	-3981.495	-4242.759	261.2641	2.089535	0.768036	0.231964	1.193754
6282	-3989.808	-4251.189	261.3815	2.082245	0.755781	0.244219	1.096034
6288	-3975.348	-4236.813	261.4648	2.13631	0.717673	0.282327	0.9622162
6294	-3994.896	-4256.306	261.4102	2.190906	0.707511	0.292489	0.9622162
6300	-3985.978	-4247.327	261.3484	2.097138	0.831595	0.168405	1.112617
6306	-3994.307	-4255.487	261.18	2.002248	0.669264	0.330736	1.335596
6312	-3998.639	-4259.749	261.1108	2.03234	0.65411	0.34589	1.366628
6318	-3990.15	-4251.435	261.2853	2.09766	0.656607	0.343393	1.168334
6324	-4002.594	-4263.853	261.259	1.974607	0.740643	0.259357	1.294196
6330	-3996.455	-4257.173	260.7178	1.754109	0.684745	0.315255	1.855064
6336	-4005.97	-4266.653	260.6836	1.786937	0.691576	0.308424	1.856015
6342	-3988.039	-4248.805	260.7665	1.764442	0.727498	0.272502	1.814442
6348	-3978.924	-4239.632	260.708	1.822969	0.713089	0.286911	1.814442
6354	-3998.063	-4258.841	260.7779	1.756878	0.713089	0.286911	1.811798
6360	-4001.319	-4262.063	260.7435	1.815368	0.713089	0.286911	1.795163
6366	-3986.576	-4247.399	260.8232	1.815368	0.716222	0.283778	1.739586
6372	-3984.305	-4245.129	260.8242	1.899042	0.716222	0.283778	1.679769
6378	-4002.538	-4263.601	261.0631	1.996012	0.769489	0.230511	1.432077
6384	-3993.633	-4254.614	260.9816	1.869917	0.758417	0.241583	1.58728
6390	-3977.813	-4238.906	261.0925	1.932952	0.76042	0.23958	1.457738
6396	-3988.829	-4249.911	261.0818	1.9129	0.588626	0.411374	1.481072
6402	-3988.52	-4249.543	261.0232	1.935964	0.665094	0.334906	1.507772
6408	-3995.577	-4256.676	261.0985	2.089605	0.670348	0.329652	1.330915
6414	-3996.391	-4257.309	260.9177	1.902376	0.63151	0.36849	1.610151
6420	-4000.853	-4261.753	260.9002	1.845282	0.63151	0.36849	1.663908
6426	-4000.455	-4261.261	260.8055	1.716492	0.683689	0.316311	1.820624
6432	-4005.445	-4266.351	260.906	1.781108	0.751218	0.248782	1.705355
6438	-3984.522	-4245.568	261.0457	1.914789	0.668617	0.331383	1.506763
6444	-3997.275	-4258.456	261.1814	1.940826	0.643435	0.356565	1.383065
6450	-3994.649	-4256.008	261.3584	1.968969	0.643435	0.356565	1.21624
6456	-3990.414	-4251.582	261.1683	2.026293	0.695764	0.304236	1.325752
6462	-3976.212	-4237.397	261.1847	2.038427	0.600538	0.399462	1.302712
6468	-3965.779	-4227.122	261.3423	2.107851	0.65227	0.34773	1.108494
6474	-3980.127	-4241.478	261.3509	2.09918	0.68201	0.31799	1.108494
6480	-3981.991	-4243.39	261.3997	2.09918	0.738706	0.261294	1.063247
6486	-4000.332	-4261.686	261.3541	2.235647	0.65763	0.34237	0.974004
6492	-3977.221	-4238.633	261.4119	2.195698	0.595886	0.404114	0.9554329
6498	-4000.989	-4262.317	261.3277	2.279936	0.595886	0.404114	0.9554329
6504	-3994.525	-4255.947	261.422	2.329164	0.595886	0.404114	0.7861164
6510	-3989.617	-4251.046	261.429	2.327296	0.694482	0.305518	0.7790042
6516	-3991.449	-4252.896	261.4473	2.324435	0.68807	0.31193	0.7570108
6522	-3976.448	-4237.812	261.3632	2.429042	0.747155	0.252845	0.7254306
6528	-3984.91	-4246.263	261.3534	2.429042	0.747155	0.252845	0.7408522
6534	-3982.647	-4244.004	261.3571	2.43083	0.672226	0.327774	0.7322271
6540	-3991.209	-4252.497	261.2878	2.492837	0.682575	0.317425	0.7435793
6546	-4000.11	-4261.503	261.3934	2.339543	0.66425	0.33575	0.8105332
6552	-3984.097	-4245.481	261.3838	2.314741	0.823198	0.176802	0.8536241
6558	-3976.852	-4238.228	261.3767	2.321917	0.701259	0.298741	0.8536241
6564	-3985.004	-4246.309	261.3055	2.253753	0.751894	0.248106	1.004841
6570	-3998.406	-4259.044	260.6388	1.882484	0.737393	0.262607	1.821149
6576	-3985.981	-4246.571	260.5894	1.723469	0.600365	0.399635	1.962784
6582	-3980.212	-4240.97	260.7575	1.771388	0.753718	0.246282	1.81588
6588	-3984.036	-4245.165	261.1294	1.840145	0.661679	0.338321	1.500035
6594	-3991.633	-4252.543	260.9102	1.870948	0.692752	0.307248	1.638304
6600	-3991.629	-4252.575	260.9455	1.835642	0.692752	0.307248	1.638304
6606	-3983.703	-4244.616	260.9126	1.868558	0.734123	0.265877	1.638304
6612	-3977.699	-4238.608	260.9088	1.868558	0.71268	0.28732	1.64102
6618	-3982.449	-4242.953	260.5044	1.70194	0.73968	0.26032	2.033841
6624	-3986.409	-4246.966	260.5571	1.692937	0.673972	0.326028	2.004801
6630	-3978.687	-4239.175	260.4873	1.668107	0.787271	0.212729	2.067515
6636	-3990.487	-4251.343	260.8559	1.736546	0.787271	0.212729	1.771851
6642	-3982.71	-4243.364	260.6537	1.704306	0.559689	0.440311	1.932418
6648	-3987.021	-4247.675	260.6537	1.704306	0.559689	0.440311	1.932418
6654	-4009.52	-4270.748	261.2286	1.936585	0.730385	0.269615	1.349202
6660	-3974.804	-4235.975	261.1718	1.993448	0.735184	0.264816	1.349202
6666	-3975.75	-4237.017	261.2662	2.01446	0.761697	0.238303	1.255437
6672	-3968.914	-4230.033	261.1193	2.039701	0.728894	0.271106	1.354113
6678	-3976.276	-4237.523	261.2471	2.045286	0.607045	0.392955	1.245716
6684	-3985.452	-4246.553	261.101	1.960215	0.698109	0.301891	1.43043
6690	-3982.989	-4243.937	260.9489	1.838226	0.698109	0.301891	1.633978
6696	-3983.9	-4244.784	260.8845	1.777685	0.746074	0.253926	1.722985
6702	-3982.462	-4243.818	261.3557	1.882742	0.700758	0.299242	1.290259
6708	-3976.958	-4238.087	261.1285	2.003947	0.68255	0.31745	1.375074
6714	-3980.762	-4241.992	261.2306	2.091472	0.68255	0.31745	1.220748
6720	-3999.005	-4260.284	261.2787	2.149635	0.655876	0.344124	1.128165
6726	-3995.409	-4256.697	261.2879	2.04777	0.678976	0.321024	1.209187
6732	-3996.996	-4258.343	261.3471	2.086699	0.678976	0.321024	1.123264
6738	-3994.258	-4255.642	261.3842	2.049568	0.677876	0.322124	1.123264
6744	-3987.235	-4248.566	261.3313	2.102495	0.677876	0.322124	1.123264
6750	-3987.878	-4249.332	261.4537	2.163655	0.692018	0.307982	0.9451875
6756	-3986.286	-4247.715	261.4286	2.145956	0.726302	0.273698	0.9894852
6762	-3979.824	-4241.193	261.3692	2.169055	0.725175	0.274825	1.02553
6768	-3998.647	-4259.986	261.3393	2.207676	0.733863	0.266137	1.017021
6774	-3992.666	-4254.105	261.4397	2.243337	0.77257	0.22743	0.8720755
6780	-3992.518	-4253.958	261.4396	2.183203	0.753961	0.246039	0.9393397
6786	-3999.407	-4260.825	261.4182	2.20818	0.748604	0.251396	0.9355652
6792	-4004.592	-4265.915	261.3235	2.182101	0.648096	0.351904	1.056957
6798	-4003.673	-4265.008	261.335	2.170585	0.692488	0.307512	1.056957
6804	-4003.828	-4265.096	261.268	2.128738	0.635805	0.364195	1.15624
6810	-3990.877	-4252.254	261.3768	2.113519	0.684248	0.315752	1.071384
6816	-3995.732	-4257.131	261.3988	2.108969	0.80453	0.19547	1.054866
6822	-3997.61	-4258.888	261.2786	2.166704	0.759204	0.240796	1.11285
6828	-3986.14	-4247.387	261.2465	2.113035	0.642006	0.357994	1.188742
6834	-3996.501	-4257.832	261.3308	2.173528	0.689101	0.310899	1.058151
6840	-3990.988	-4252.334	261.3459	2.182151	0.73161	0.26839	1.035394
6846	-3982.769	-4244.199	261.4306	2.23765	0.767117	0.232883	0.8892556
6852	-3995.252	-4256.597	261.345	2.279685	0.704997	0.295003	0.9373254
6858	-3994.518	-4255.915	261.3973	2.279685	0.711869	0.288131	0.8791021
6864	-3988.169	-4249.575	261.4056	2.271453	0.658518	0.341482	0.8791021
6870	-3984.428	-4245.832	261.4038	2.271453	0.75345	0.24655	0.8811285
6876	-3986.054	-4247.475	261.421	2.271453	0.714413	0.285587	0.8609377
6882	-3981.601	-4243.031	261.4295	2.269326	0.665577	0.334423	0.8533323
6888	-3971.94	-4233.384	261.444	2.072555	0.677356	0.322644	1.046457
6894	-3976.651	-4237.962	261.3113	2.206959	0.729727	0.270273	1.044881
6900	-3993.335	-4254.585	261.2494	2.206959	0.714904	0.285096	1.10274
6906	-3980.638	-4241.941	261.3031	2.293621	0.761073	0.238927	0.9668505
6912	-3979.468	-4240.814	261.3451	2.300114	0.647451	0.352549	0.9150016
6918	-3984.1	-4245.559	261.4587	2.182222	0.678996	0.321004	0.9198132
6924	-3981.121	-4242.45	261.3291	2.306807	0.678996	0.321004	0.9252723
6930	-3977.095	-4238.267	261.1712	2.12732	0.787703	0.212297	1.24061
6936	-3986.876	-4248.084	261.208	2.04956	0.634679	0.365321	1.274581
6942	-3975.785	-4237.054	261.2695	1.988081	0.621216	0.378784	1.274581
6948	-3970.448	-4231.688	261.2402	2.017304	0.621216	0.378784	1.274581
6954	-3980.583	-4241.832	261.2483	2.017304	0.662787	0.337213	1.26793
6960	-3972.03	-4233.289	261.2594	2.017304	0.708311	0.291689	1.258734
6966	-3995.649	-4256.823	261.1738	2.017898	0.688277	0.311723	1.328019
6972	-3997.682	-4256.618	258.936	1.503867	0.661665	0.338335	3.133118
6978	-3991.136	-4249.764	258.6276	1.410665	0.694443	0.305557	3.370445
6984	-3987.578	-4246.61	259.0324	1.426617	0.708727	0.291273	3.121712
6990	-3977.927	-4237.75	259.8227	1.520573	0.708727	0.291273	2.585334
6996	-3980.782	-4241.454	260.6725	1.651723	0.754451	0.245549	1.955199
7002	-3974.187	-4234.604	260.4167	1.758196	0.733556	0.266444	2.054658
7008	-3994.598	-4255.435	260.8362	1.750387	0.786476	0.213524	1.775893
7014	-3988.513	-4249.343	260.8303	1.687784	0.606375	0.393625	1.823316
7020	-3970.654	-4231.53	260.8764	1.848723	0.672711	0.327289	1.678431
7026	-3975.621	-4236.697	261.0757	1.871238	0.641035	0.358965	1.516886
7032	-3979.883	-4240.805	260.9224	1.905467	0.641691	0.358309	1.604516
7038	-3987.063	-4248.185	261.1219	1.785501	0.692117	0.307883	1.546276
7044	-3985.49	-4246.556	261.0661	1.841313	0.61037	0.38963	1.546276
7050	-3988.52	-4249.395	260.8755	1.893053	0.648782	0.351218	1.647362
7056	-3987.32	-4248.088	260.7687	1.801178	0.73071	0.26929	1.787499
7062	-3975.244	-4235.468	260.2234	1.678853	0.654477	0.345523	2.23249
7068	-3979.317	-4239.882	260.5654	1.628368	0.68818	0.31182	2.042181
7074	-3982.445	-4243.059	260.6139	1.754268	0.752605	0.247395	1.925543
7080	-3984.144	-4244.967	260.823	1.763188	0.751143	0.248857	1.776193
7086	-3991.305	-4252.073	260.7685	1.799155	0.707815	0.292185	1.789038
7092	-3988.385	-4249.428	261.0434	1.859839	0.707042	0.292958	1.549327
7098	-3992.535	-4253.39	260.8553	1.895605	0.669004	0.330996	1.659985
7104	-3983.644	-4244.671	261.0271	1.95794	0.627182	0.372818	1.488372
7110	-3980.854	-4241.829	260.9759	1.921146	0.629156	0.370844	1.553943
7116	-3981.442	-4241.9	260.4577	1.737792	0.666544	0.333456	2.041019
7122	-3997.505	-4258.25	260.7452	1.877956	0.679376	0.320624	1.750396
7128	-3978.898	-4239.997	261.0996	1.839189	0.643689	0.356311	1.523019
7134	-3984.426	-4245.66	261.2337	1.942814	0.643689	0.356311	1.340224
7140	-3987.334	-4248.47	261.136	1.830989	0.717569	0.282431	1.50195
7146	-3978.075	-4239.093	261.0184	1.948556	0.71164	0.28836	1.50195
7152	-3991.93	-4253.015	261.085	1.959143	0.614231	0.385769	1.443525
7158	-3996.385	-4257.53	261.1449	2.01685	0.708638	0.291362	1.351979
7164	-3980.156	-4241.439	261.2829	2.008246	0.690589	0.309411	1.24677
7170	-3983.505	-4244.54	261.0351	1.962776	0.690589	0.309411	1.478686
7176	-3993.16	-4254.505	261.3441	2.004574	0.721294	0.278706	1.198018
7182	-3990.018	-4251.296	261.2785	2.004574	0.688979	0.311021	1.253443
7188	-3986.779	-4247.85	261.0709	1.982033	0.688979	0.311021	1.436761
7194	-3975.495	-4236.582	261.0871	1.915989	0.758375	0.241625	1.474735
7200	-3979.912	-4240.897	260.9849	1.915989	0.740177	0.259823	1.551053
7206	-3983.547	-4244.582	261.0353	1.945985	0.740177	0.259823	1.491215
7212	-3986.968	-4247.877	260.9082	1.948442	0.700959	0.299041	1.583592
7218	-3981.089	-4242.324	261.2344	2.005971	0.66878	0.33122	1.288654
7224	-3983.721	-4245.002	261.2807	1.947973	0.764816	0.235184	1.298178
7230	-3985.327	-4245.914	260.5864	1.788767	0.753112	0.246888	1.920841
7236	-3979.62	-4240.608	260.9879	1.727292	0.760901	0.239099	1.685502
7242	-3985.167	-4246.213	261.0455	1.735305	0.708611	0.291389	1.638514
7248	-3995.226	-4255.751	260.5259	1.757361	0.665158	0.334842	1.982602
7254	-4002.09	-4263.058	260.968	1.875601	0.600524	0.399476	1.593073
7260	-3983.586	-4244.676	261.09	1.854716	0.661135	0.338865	1.518575
7266	-3984.037	-4245.1	261.063	1.881672	0.683184	0.316816	1.518575
7272	-3985.16	-4246.314	261.1539	1.921391	0.683184	0.316816	1.419573
7278	-4001.299	-4262.452	261.1532	1.921391	0.730854	0.269146	1.420107
7284	-3987.418	-4248.752	261.3335	1.953787	0.690506	0.309494	1.24996
7290	-3980.654	-4241.983	261.3289	2.060372	0.747175	0.252825	1.162867
7296	-3976.109	-4237.472	261.3639	2.066415	0.68036	0.31964	1.126393
7302	-3974.32	-4235.766	261.4462	2.184059	0.656663	0.343337	0.9313179
7308	-3983.782	-4245.284	261.5024	2.203134	0.675784	0.324216	0.845163
7314	-3985.799	-4247.184	261.3851	2.336027	0.648136	0.351864	0.8257804
7320	-3992.223	-4253.576	261.3525	2.352655	0.578479	0.421521	0.845589
7326	-3986.267	-4247.671	261.4045	2.37503	0.542827	0.457173	0.745247
7332	-3979.608	-4241.017	261.4085	2.37503	0.649347	0.350653	0.7391604
7338	-3974.681	-4236.084	261.4037	2.425022	0.69278	0.30722	0.6597664
7344	-3978.574	-4239.971	261.3969	2.438544	0.69278	0.30722	0.6452711
7350	-3994.146	-4255.564	261.4186	2.414493	0.6385	0.3615	0.650538
7356	-3991.471	-4252.85	261.3791	2.414493	0.724527	0.275473	0.723317
7362	-3991.678	-4253.057	261.3791	2.414493	0.655673	0.344327	0.723317
7368	-3973.379	-4234.824	261.445	2.233126	0.647111	0.352889	0.877833
7374	-3985.747	-4247.291	261.5448	2.169351	0.699674	0.300326	0.834567
7380	-4000.446	-4261.905	261.459	2.162133	0.593866	0.406134	0.941121
7386	-4018.191	-4279.665	261.4739	2.006242	0.777775	0.222225	1.080878
7392	-4006.435	-4267.824	261.3886	2.116281	0.650453	0.349547	1.057626
7398	-3989.212	-4250.661	261.4485	2.116281	0.756131	0.243869	0.999274
7404	-3988.898	-4250.235	261.3365	2.145308	0.66789	0.33211	1.079314
7410	-3990.193	-4251.533	261.3399	2.10429	0.707945	0.292055	1.113831
7416	-3990.663	-4252.035	261.3716	2.183163	0.665187	0.334813	1.009321
7422	-3985.81	-4247.216	261.4059	2.244152	0.681696	0.318304	0.9096978
7428	-3982.751	-4244.187	261.4354	2.244152	0.624712	0.375288	0.8761362
7434	-3993.371	-4254.821	261.4505	2.203498	0.654012	0.345988	0.905338
7440	-3986.54	-4247.987	261.447	2.203849	0.654012	0.345988	0.9088415
7446	-3984.038	-4245.489	261.4516	2.202153	0.672645	0.327355	0.9056082
7452	-3981.847	-4243.265	261.4178	2.23588	0.736477	0.263523	0.9056082
7458	-3985.174	-4246.582	261.4073	2.245216	0.689707	0.310293	0.9069512
7464	-4008.444	-4269.917	261.4725	2.322527	0.7117	0.2883	0.7208414
7470	-3982.156	-4243.609	261.4525	2.308678	0.7117	0.2883	0.7721493
7476	-3991.519	-4252.913	261.3942	2.29	0.74837	0.25163	0.8707612
7482	-3974.935	-4236.372	261.4371	2.093036	0.637219	0.362781	1.033391
7488	-3975.456	-4236.818	261.3622	2.04959	0.688561	0.311439	1.142936
7494	-3984.401	-4245.723	261.322	2.021757	0.70474	0.29526	1.20228
7500	-3988.507	-4249.825	261.3186	2.000664	0.735251	0.264749	1.223116
7506	-3989.007	-4250.339	261.332	2.006617	0.691835	0.308165	1.206668
7512	-3997.983	-4259.386	261.4025	2.080033	0.643381	0.356619	1.078614
7518	-3993.223	-4254.602	261.3788	2.103707	0.622573	0.377427	1.078614
7524	-3972.778	-4234.089	261.3111	2.106581	0.742356	0.257644	1.137711
7530	-3978.783	-4240.156	261.3726	2.044948	0.695364	0.304636	1.137808
7536	-3986.752	-4248.116	261.3641	2.00477	0.572854	0.427146	1.180604
7542	-3995.523	-4256.999	261.4759	2.062326	0.687124	0.312876	1.025508
7548	-4000.648	-4261.962	261.3142	2.025054	0.667922	0.332078	1.206085
7554	-3988.29	-4249.713	261.4228	2.018594	0.752189	0.247811	1.116359
7560	-4006.012	-4267.396	261.3837	2.038366	0.752189	0.247811	1.133828
7566	-4017.429	-4278.782	261.3533	2.085943	0.725714	0.274286	1.118341
7572	-4025.31	-4286.718	261.4073	2.336574	0.730184	0.269816	0.7960576
7578	-4024.537	-4285.958	261.4204	2.347998	0.64261	0.35739	0.7618113
7584	-3991.038	-4252.472	261.434	2.319605	0.739717	0.260283	0.7828221
7590	-3996.181	-4257.637	261.4558	2.292841	0.713142	0.286858	0.7896072
7596	-4003.156	-4264.595	261.4391	2.256225	0.666431	0.333569	0.8575017
7602	-3986.024	-4247.41	261.3866	2.250364	0.750315	0.249685	0.924058
7608	-3978.459	-4239.866	261.4072	2.121552	0.733872	0.266128	1.034792
7614	-3976.278	-4237.634	261.3558	2.150868	0.792912	0.207088	1.055949
7620	-3985.051	-4246.428	261.3776	2.169024	0.673983	0.326017	1.017324
7626	-3978.067	-4239.365	261.2978	2.248793	0.672593	0.327407	1.017324
7632	-3979.586	-4241.013	261.4274	2.110702	0.669728	0.330272	1.025629
7638	-3976.136	-4237.466	261.3307	2.180193	0.680845	0.319155	1.051939
7644	-3976.145	-4237.375	261.2306	1.882471	0.783935	0.216065	1.390268
7650	-3990.179	-4251.286	261.1068	1.807473	0.661483	0.338517	1.541192
7656	-3994.516	-4255.674	261.1583	1.877566	0.661483	0.338517	1.449857
7662	-3999.683	-4260.72	261.0366	1.813994	0.611141	0.388859	1.587972
7668	-3988.616	-4249.672	261.0562	1.794395	0.714633	0.285367	1.587972
7674	-3982.664	-4243.544	260.8799	1.794395	0.714633	0.285367	1.714454
7680	-3984.72	-4245.525	260.8044	1.794395	0.714633	0.285367	1.767405
7686	-3982.596	-4243.236	260.6401	1.76003	0.780244	0.219756	1.903951
7692	-3997.186	-4257.394	260.2085	1.63068	0.780244	0.219756	2.273009
7698	-3989.095	-4249.338	260.2426	1.635014	0.782121	0.217879	2.248304
7704	-3983.577	-4243.952	260.3759	1.600486	0.721694	0.278306	2.184586
7710	-3981.508	-4242.025	260.5173	1.684855	0.647404	0.352596	2.036634
7716	-3990.521	-4251.328	260.8069	1.78133	0.647404	0.352596	1.774782
7722	-3996.831	-4257.673	260.8423	1.726861	0.679889	0.320111	1.788021
7728	-3986.279	-4247.102	260.8231	1.798515	0.571948	0.428052	1.751481
7734	-3991.274	-4252.223	260.949	1.81822	0.587292	0.412708	1.648295
7740	-3988.489	-4249.448	260.9583	1.808982	0.594445	0.405555	1.648295
7746	-3987.384	-4248.503	261.119	1.865154	0.764699	0.235301	1.489026
7752	-3979.844	-4240.631	260.787	1.861286	0.683231	0.316769	1.732775
7758	-3987.828	-4248.688	260.8605	1.866955	0.75135	0.24865	1.676745
7764	-3992.381	-4253.521	261.1399	1.866955	0.748169	0.251831	1.471914
7770	-3997.821	-4259.036	261.2154	2.050082	0.620817	0.379183	1.268006
7776	-3994.232	-4255.672	261.4404	2.125677	0.657403	0.342597	0.998017
7782	-4004.103	-4265.53	261.4266	2.164264	0.613526	0.386474	0.9728731
7788	-3997.078	-4258.489	261.4111	2.166194	0.697108	0.302892	0.9866583
7794	-4001.09	-4262.535	261.4456	2.116613	0.706545	0.293455	1.001867
7800	-4001.962	-4263.376	261.4142	2.126324	0.658168	0.341832	1.023336
7806	-4019.709	-4281.216	261.5075	2.195455	0.658168	0.341832	0.848315
7812	-4005.812	-4267.263	261.4509	2.212714	0.658197	0.341803	0.8945175
7818	-3989.084	-4250.484	261.4003	2.263326	0.768825	0.231175	0.8945175
7824	-3981.107	-4242.528	261.4212	2.236198	0.768825	0.231175	0.9015088
7830	-3989.7	-4250.918	261.2177	2.110169	0.642228	0.357772	1.215822
7836	-3988.372	-4249.675	261.3034	2.114183	0.642228	0.357772	1.137761
7842	-3985.871	-4246.917	261.0454	1.987482	0.733712	0.266288	1.45213
7848	-3985.823	-4246.853	261.03	1.946955	0.763048	0.236952	1.494448
7854	-3987.783	-4248.584	260.8008	1.882153	0.712	0.288	1.70831
7860	-3990.83	-4252.129	261.2993	1.996104	0.653815	0.346185	1.243138
7866	-3995.361	-4256.452	261.0904	1.921876	0.669309	0.330691	1.467763
7872	-3991.883	-4253.139	261.2554	2.006397	0.71248	0.28752	1.271073
7878	-3998.293	-4259.551	261.2574	1.931212	0.658964	0.341036	1.330505
7884	-3987.999	-4249.054	261.0551	1.956775	0.768049	0.231951	1.468093
7890	-3977.539	-4238.812	261.2732	2.007142	0.699627	0.300373	1.255708
7896	-3976.848	-4238.169	261.3208	2.105713	0.594106	0.405894	1.1298
7902	-3982.354	-4243.569	261.2156	2.058571	0.605379	0.394621	1.260815
7908	-3975.969	-4237.255	261.2853	2.067453	0.607577	0.392423	1.194554
7914	-3985.964	-4247.264	261.3003	1.968652	0.727019	0.272981	1.265171
7920	-3988.485	-4249.49	261.0045	1.924423	0.763735	0.236265	1.530346
7926	-3979.674	-4240.769	261.0953	1.930905	0.731357	0.268643	1.4572
7932	-3985.154	-4246.345	261.1917	1.905493	0.684892	0.315108	1.402587
7938	-3973.049	-4234.191	261.142	1.965651	0.684892	0.315108	1.394478
7944	-3971.563	-4232.933	261.37	2.005014	0.680838	0.319162	1.175281
7950	-3974.54	-4235.888	261.3487	2.047661	0.670269	0.329731	1.156602
7956	-3981.125	-4242.352	261.2265	2.026514	0.670269	0.329731	1.278298
7962	-3972.347	-4233.579	261.2325	1.971466	0.677922	0.322078	1.318161
7968	-3973.764	-4235.054	261.2896	2.027	0.746453	0.253547	1.225398
7974	-3978.587	-4239.98	261.3927	2.027	0.840237	0.159763	1.135903
7980	-3988.207	-4249.541	261.3337	1.973964	0.840237	0.159763	1.232933
7986	-3994.171	-4255.467	261.2967	2.010914	0.672554	0.327446	1.232933
7992	-3989.038	-4250.365	261.3269	1.958405	0.754013	0.245987	1.251595
7998	-3981.833	-4243.193	261.3605	1.999231	0.829971	0.170029	1.188563
8004	-3996.947	-4258.219	261.2715	1.979124	0.759077	0.240923	1.280242
8010	-4000.837	-4262.013	261.1764	1.883636	0.651821	0.348179	1.431302
8016	-3985.677	-4246.884	261.2071	1.878432	0.660733	0.339267	1.411701
8022	-3983.267	-4244.388	261.1205	1.845946	0.752109	0.247891	1.502308
8028	-3993.924	-4254.943	261.0184	1.844374	0.714163	0.285837	1.579063
8034	-4005.717	-4266.843	261.1265	2.039647	0.783401	0.216599	1.34841
8040	-4004.412	-4265.728	261.3162	2.039647	0.795737	0.204263	1.19187
8046	-4004.71	-4266.007	261.2975	2.118897	0.694235	0.305765	1.138903
8052	-3997.357	-4258.625	261.2682	1.998102	0.680771	0.319229	1.26734
8058	-3985.827	-4247.127	261.3002	1.966114	0.654447	0.345553	1.26734
8064	-3990.938	-4252.124	261.1855	1.966114	0.710802	0.289198	1.359958
8070	-3990.325	-4251.551	261.2253	1.981002	0.729532	0.270468	1.316304
8076	-4000.904	-4262.133	261.2287	1.940938	0.711296	0.288704	1.345646
8082	-4004.44	-4265.555	261.1153	1.920095	0.696512	0.303488	1.450173
8088	-3998.973	-4260.248	261.2744	2.005811	0.712719	0.287281	1.255845
8094	-3992.785	-4253.957	261.1716	1.893475	0.701208	0.298792	1.427454
8100	-3979.674	-4240.841	261.1672	1.887398	0.614914	0.385086	1.435468
8106	-3992.909	-4254.037	261.1274	1.927224	0.733722	0.266278	1.435468
8112	-3996.157	-4257.19	261.0329	1.893742	0.648944	0.351056	1.531988
8118	-4002.939	-4263.81	260.8716	1.858323	0.688274	0.311726	1.674993
8124	-3983.633	-4244.96	261.3267	1.988792	0.654014	0.345986	1.226269
8130	-3982.292	-4243.564	261.2722	1.966358	0.804076	0.195924	1.290137
8136	-3984.507	-4245.763	261.2566	1.981937	0.745879	0.254121	1.290137
8142	-3981.146	-4242.503	261.3575	2.046974	0.645107	0.354893	1.14943
8148	-3993.052	-4254.297	261.2446	2.066644	0.72329	0.27671	1.229852
8154	-3980.639	-4241.983	261.3439	2.093661	0.74085	0.25915	1.119878
8160	-3978.839	-4240.072	261.2332	2.039564	0.731958	0.268042	1.261997
8166	-3981.543	-4242.853	261.3098	2.039564	0.784833	0.215167	1.197478
8172	-3992.944	-4254.268	261.3248	2.03057	0.58786	0.41214	1.192318
8178	-3988.413	-4249.749	261.3361	2.01922	0.751496	0.248504	1.192318
8184	-3983.549	-4244.843	261.2944	2.127996	0.657231	0.342769	1.133548
8190	-3984.556	-4246.042	261.4861	2.083655	0.651363	0.348637	0.9943235
8196	-3982.405	-4243.757	261.3512	2.118696	0.751205	0.248795	1.090347
8202	-3985.243	-4246.521	261.2781	2.084313	0.618166	0.381834	1.186263
8208	-3979.34	-4240.65	261.3102	2.052135	0.727586	0.272414	1.186263
8214	-3987.477	-4248.705	261.2279	2.035507	0.637543	0.362457	1.269774
8220	-4002.578	-4263.708	261.1305	1.940415	0.786289	0.213711	1.422918
8226	-3990.066	-4251.072	261.0058	1.890175	0.697909	0.302091	1.554732
8232	-3999.204	-4260.227	261.023	1.872888	0.790457	0.209543	1.554732
8238	-3992.357	-4253.346	260.9888	1.903381	0.578375	0.421625	1.557495
8244	-4000.118	-4261.155	261.0365	1.855637	0.722152	0.277848	1.557495
8250	-3999.431	-4260.589	261.1575	1.996803	0.684335	0.315665	1.357836
8256	-3985.335	-4246.685	261.3504	2.047253	0.682876	0.317124	1.15548
8262	-4000.114	-4261.425	261.3109	2.089902	0.689765	0.310235	1.152734
8268	-3991.436	-4252.884	261.4474	1.991809	0.707603	0.292397	1.118339
8274	-3982.39	-4243.719	261.3291	2.110162	0.665088	0.334912	1.118339
8280	-3987.421	-4248.582	261.1614	2.105949	0.665088	0.334912	1.266534
8286	-3986.556	-4247.74	261.1834	2.083907	0.682529	0.317471	1.266534
8292	-3991.517	-4252.681	261.1633	2.064918	0.768172	0.231828	1.298582
8298	-3985.739	-4246.927	261.1877	2.004162	0.768172	0.231828	1.327897
8304	-3988.96	-4250.25	261.2897	2.04226	0.768534	0.231466	1.212332
8310	-3991.868	-4253.265	261.397	2.061512	0.616386	0.383614	1.100853
8316	-3984.362	-4245.768	261.4064	2.132065	0.617992	0.382008	1.025324
8322	-3976.273	-4237.644	261.3711	2.02794	0.617992	0.382008	1.154255
8328	-3998.718	-4260.095	261.3771	2.003009	0.674683	0.325317	1.170846
8334	-3994.046	-4254.611	260.565	1.709323	0.704166	0.295834	1.9886
8340	-3988.683	-4249.374	260.691	1.706375	0.704166	0.295834	1.905816
8346	-3994.235	-4254.935	260.7005	1.738207	0.704166	0.295834	1.87775
8352	-4010.701	-4271.125	260.4249	1.719095	0.796727	0.203273	2.075048
8358	-4010.286	-4271.139	260.8538	1.751197	0.672965	0.327035	1.763092
8364	-4013.659	-4274.479	260.8195	1.774277	0.73668	0.26332	1.770928
8370	-3992.117	-4253.06	260.9432	1.791618	0.70267	0.29733	1.671505
8376	-3996.885	-4257.973	261.0877	1.831196	0.712596	0.287404	1.537778
8382	-4001.995	-4263.335	261.3404	1.98244	0.519039	0.480961	1.220047
8388	-3993.79	-4255.046	261.2558	2.019916	0.510486	0.489514	1.25958
8394	-3988.023	-4249.277	261.2536	2.042461	0.725195	0.274805	1.24265
8400	-3992.231	-4253.548	261.3166	2.048991	0.725195	0.274805	1.1835
8406	-3992.433	-4253.646	261.2123	2.081948	0.725195	0.274805	1.24412
8412	-3987.281	-4248.519	261.2379	2.081948	0.666929	0.333071	1.22262
8418	-3992.98	-4254.093	261.1129	1.915159	0.663232	0.336768	1.455798
8424	-3992.94	-4254.192	261.2519	1.96806	0.621049	0.378951	1.305279
8430	-3997.837	-4259.088	261.2507	1.969242	0.621049	0.378951	1.305279
8436	-4006.279	-4267.525	261.246	1.969983	0.695375	0.304625	1.308457
8442	-3994.43	-4255.628	261.198	2.042852	0.684697	0.315303	1.288295
8448	-3998.235	-4259.489	261.2541	1.986676	0.740516	0.259484	1.288295
8454	-3992.85	-4253.888	261.0376	1.824513	0.670877	0.329123	1.579583
8460	-3996.987	-4257.619	260.6317	1.703224	0.64032	0.35968	1.948013
8466	-3995.045	-4255.438	260.3928	1.677637	0.67812	0.32188	2.123315
8472	-3991.223	-4251.547	260.3233	1.543022	0.676566	0.323434	2.255558
8478	-3992.288	-4252.21	259.9225	1.540081	0.692259	0.307741	2.511141
8484	-3991.725	-4252.111	260.3857	1.719715	0.648834	0.351166	2.100394
8490	-4003.643	-4264.075	260.4322	1.689995	0.695106	0.304894	2.089414
8496	-3991.988	-4252.466	260.4782	1.749233	0.757088	0.242912	2.019805
8502	-4005.37	-4266.139	260.769	1.801643	0.626153	0.373847	1.786957
8508	-3993.981	-4254.486	260.5049	1.801643	0.663169	0.336831	1.967006
8514	-3993.816	-4254.922	261.1056	1.908211	0.68883	0.31117	1.466652
8520	-3991.347	-4252.494	261.1469	1.872166	0.695345	0.304655	1.462645
8526	-3996.35	-4257.63	261.28	1.983147	0.695345	0.304655	1.269998
8532	-3996.444	-4257.752	261.3088	2.033067	0.698138	0.301862	1.20389
8538	-3988.278	-4249.552	261.2747	2.058809	0.698795	0.301205	1.211032
8544	-3995.08	-4256.449	261.3684	2.11515	0.704613	0.295387	1.077706
8550	-3991.701	-4253.132	261.4312	2.11515	0.59526	0.40474	1.017629
8556	-3989.73	-4251.22	261.4891	2.144639	0.653796	0.346204	0.9276078
8562	-3991.517	-4252.938	261.4207	2.14387	0.656227	0.343773	0.9995634
8568	-3991.548	-4252.92	261.3716	1.991659	0.732209	0.267791	1.185466
8574	-4012.774	-4273.905	261.1315	1.913686	0.732805	0.267195	1.442735
8580	-4009.66	-4270.666	261.0067	1.880728	0.735309	0.264691	1.56101
8586	-3999.522	-4260.738	261.2164	1.987329	0.748641	0.251359	1.318368
8592	-4015.243	-4275.731	260.4877	1.781798	0.676677	0.323323	1.991841
8598	-3998.441	-4259.291	260.8494	1.704111	0.743246	0.256754	1.798892
8604	-3995.533	-4256.034	260.5007	1.606504	0.743246	0.256754	2.099221
8610	-4006.866	-4267.835	260.9685	1.835308	0.614947	0.385053	1.62196
8616	-3992.504	-4253.463	260.959	1.895792	0.709206	0.290794	1.584898
8622	-3998.65	-4259.481	260.8306	1.726133	0.699645	0.300355	1.796669
8628	-3983.37	-4244.213	260.8432	1.710394	0.65172	0.34828	1.798827
8634	-3994.116	-4255.129	261.0128	1.779719	0.616177	0.383823	1.630115
8640	-4002.197	-4263.265	261.0683	1.838828	0.502303	0.497697	1.546466
8646	-3995.019	-4255.599	260.5801	1.757724	0.670204	0.329796	1.946038
8652	-3982.722	-4243.461	260.7394	1.765691	0.67007	0.32993	1.83228
8658	-3985.757	-4246.564	260.807	1.818138	0.67007	0.32993	1.748991
8664	-3995.257	-4256.241	260.9844	1.836991	0.71238	0.28762	1.609218
8670	-3991.739	-4252.85	261.1108	1.948676	0.618777	0.381223	1.431771
8676	-4001.202	-4262.361	261.1593	1.952504	0.737674	0.262326	1.39123
8682	-3998.762	-4259.978	261.2152	2.024378	0.742752	0.257248	1.289287
8688	-3993.491	-4254.833	261.3426	1.97906	0.728494	0.271506	1.221042
8694	-3988.722	-4250.012	261.2898	1.965363	0.752266	0.247734	1.276558
8700	-3988.936	-4249.878	260.9427	1.775938	0.754958	0.245042	1.683025
8706	-3982.794	-4243.484	260.6902	1.779732	0.75806	0.24194	1.85642
8712	-4000.629	-4261.162	260.5333	1.715552	0.674956	0.325044	2.005617
8718	-4000.537	-4261.295	260.7581	1.872658	0.687586	0.312414	1.745061
8724	-3982.136	-4243.254	261.1187	1.872658	0.707051	0.292949	1.483574
8730	-4008.606	-4269.513	260.9073	1.923491	0.675087	0.324913	1.602407
8736	-3995.433	-4256.265	260.8317	1.824242	0.692341	0.307659	1.727366
8742	-3978.587	-4239.593	261.0061	1.955889	0.657289	0.342711	1.505705
8748	-3978.883	-4240.063	261.18	2.054019	0.657289	0.342711	1.29387
8754	-3980.248	-4241.556	261.3078	2.054019	0.691109	0.308891	1.186777
8760	-3970.588	-4231.888	261.3004	2.048813	0.666489	0.333511	1.197581
8766	-3990.297	-4251.517	261.2201	2.064345	0.776597	0.223403	1.252306
8772	-4001.97	-4263.396	261.4264	2.205164	0.643234	0.356766	0.9299773
8778	-3988.111	-4249.409	261.2982	2.205164	0.719671	0.280329	1.05909
8784	-3974.721	-4236.012	261.291	2.261994	0.650943	0.349057	1.011066
8790	-3966.2	-4227.575	261.375	2.191269	0.680979	0.319021	0.99786
8796	-3978.331	-4239.685	261.3541	2.247305	0.733268	0.266732	0.9619713
8802	-3973.623	-4235.079	261.4555	2.220827	0.654238	0.345762	0.8799723
8808	-3973.748	-4235.177	261.4293	2.220827	0.629643	0.370357	0.9096399
8814	-3977.502	-4238.788	261.2853	2.103766	0.619561	0.380439	1.163036
8820	-3989.905	-4251.256	261.3508	2.124662	0.596148	0.403852	1.085222
8826	-4003.441	-4264.728	261.2871	2.082734	0.652478	0.347522	1.179802
8832	-3988.181	-4249.496	261.3145	2.150134	0.637839	0.362161	1.095153
8838	-3980.745	-4242.073	261.3278	2.121946	0.74938	0.25062	1.108823
8844	-3979.158	-4240.545	261.3868	2.15248	0.757786	0.242214	1.024513
8850	-3992.125	-4253.442	261.3168	2.182386	0.697889	0.302111	1.062962
8856	-3994.794	-4256.177	261.3835	2.252978	0.724966	0.275034	0.9245834
8862	-3985.851	-4247.263	261.4127	2.256221	0.634055	0.365945	0.8884042
8868	-3995.276	-4256.688	261.4127	2.256221	0.631095	0.368905	0.8884042
8874	-4001.633	-4263.036	261.4035	2.186225	0.722576	0.277424	0.9740421
8880	-3995.024	-4256.417	261.3927	2.180915	0.71889	0.28111	0.9904264
8886	-4002.887	-4264.273	261.3855	2.242812	0.624135	0.375865	0.9334335
8892	-3995.521	-4256.817	261.2953	2.112333	0.763227	0.236773	1.146625
8898	-3990.315	-4251.662	261.3474	2.122765	0.606859	0.393141	1.090118
8904	-4002.286	-4263.661	261.3759	2.092231	0.735348	0.264652	1.091942
8910	-4000.472	-4261.528	261.0558	1.928023	0.661722	0.338278	1.489266
8916	-3995.561	-4256.603	261.0424	1.968627	0.661722	0.338278	1.468733
8922	-3983.823	-4245.048	261.2249	1.985127	0.682142	0.317858	1.313343
8928	-3984.95	-4246.129	261.1793	1.993438	0.697007	0.302993	1.343229
8934	-3990.723	-4251.956	261.2328	1.993438	0.697007	0.302993	1.300175
8940	-3989.207	-4250.378	261.1712	1.937905	0.721781	0.278219	1.393383
8946	-4002.332	-4263.559	261.2263	2.036781	0.56645	0.43355	1.27002
8952	-4004.812	-4266.073	261.2618	2.007221	0.599796	0.400204	1.265142
8958	-3987.771	-4249.085	261.3147	2.008419	0.747459	0.252541	1.219817
8964	-3986.414	-4247.724	261.3108	1.956527	0.768097	0.231903	1.266504
8970	-3988.37	-4249.652	261.2821	1.988051	0.589792	0.410208	1.264207
8976	-3987.625	-4248.964	261.3393	2.052144	0.69586	0.30414	1.160979
8982	-3986.497	-4247.823	261.3252	1.984352	0.679191	0.320809	1.231291
8988	-3990.821	-4252.006	261.1856	1.973835	0.787151	0.212849	1.353772
8994	-3995.105	-4256.102	260.9967	1.758102	0.605682	0.394318	1.657192
9000	-3994.386	-4255.333	260.9466	1.848938	0.779994	0.220006	1.627926
9006	-3993.409	-4254.19	260.7815	1.742436	0.654511	0.345489	1.819281
9012	-3991.792	-4252.185	260.3926	1.739998	0.70008	0.29992	2.082532
9018	-3971.162	-4232.169	261.0066	1.827449	0.718099	0.281901	1.600003
9024	-3982.327	-4243.315	260.9885	1.928022	0.718099	0.281901	1.539541
9030	-3992.342	-4253.238	260.8959	1.801253	0.712253	0.287747	1.698249
9036	-3992.529	-4253.279	260.75	1.784483	0.660251	0.339749	1.812003
9042	-3987.738	-4248.585	260.8468	1.75666	0.649677	0.350323	1.764178
9048	-3991.538	-4252.442	260.9048	1.723394	0.649677	0.350323	1.746885
9054	-4000.656	-4261.454	260.798	1.712914	0.724211	0.275789	1.828276
9060	-3983.8	-4244.886	261.0862	1.875385	0.65691	0.34309	1.506004
9066	-4011.174	-4272.259	261.0856	1.977511	0.647045	0.352955	1.428931
9072	-3991.045	-4252.06	261.0154	1.81863	0.65099	0.34901	1.600076
9078	-3983.128	-4244.247	261.1187	1.817932	0.624393	0.375607	1.52459
9084	-3977.775	-4239.027	261.2522	1.817932	0.699463	0.300537	1.423588
9090	-3987.614	-4248.757	261.1429	1.94837	0.667314	0.332686	1.407191
9096	-3987.291	-4248.596	261.3045	1.871011	0.698722	0.301278	1.340988
9102	-3987.957	-4248.983	261.0262	1.899819	0.707473	0.292527	1.532448
9108	-3979.839	-4240.994	261.1549	1.976838	0.711636	0.288364	1.37565
9114	-3986.526	-4247.599	261.0725	1.910139	0.724234	0.275766	1.490152
9120	-3984.449	-4245.481	261.0315	1.954483	0.724234	0.275766	1.487647
9126	-3989.45	-4250.333	260.8836	1.916417	0.607768	0.392232	1.624726
9132	-3986.592	-4247.689	261.0972	1.947783	0.662101	0.337899	1.442893
9138	-3969.134	-4230.219	261.0847	1.972591	0.694974	0.305026	1.433445
9144	-3984.588	-4245.69	261.1021	1.955164	0.557948	0.442052	1.433445
9150	-3979.4	-4240.479	261.079	1.978315	0.603636	0.396364	1.433445
9156	-3991.366	-4252.581	261.215	2.067268	0.605925	0.394075	1.254107
9162	-4006.603	-4267.768	261.1644	2.022813	0.770706	0.229294	1.331656
9168	-4008.33	-4269.428	261.098	2.013909	0.770706	0.229294	1.39117
9174	-3989.807	-4250.952	261.145	2.013909	0.697252	0.302748	1.354188
9180	-3992.826	-4254.041	261.2147	1.969803	0.734508	0.265492	1.333789
9186	-3992.118	-4253.487	261.3687	2.033867	0.734508	0.265492	1.151162
9192	-3998.044	-4259.167	261.123	2.170969	0.734508	0.265492	1.244393
9198	-4004.657	-4265.943	261.2866	2.085001	0.66216	0.33784	1.178257
9204	-4006.111	-4267.224	261.1129	1.993818	0.794946	0.205054	1.395244
9210	-4001.507	-4262.812	261.3056	1.895118	0.695956	0.304044	1.320816
9216	-4005.812	-4267.095	261.2825	2.002506	0.723225	0.276775	1.251848
9222	-4004.225	-4265.606	261.381	2.002506	0.685472	0.314528	1.167915
9228	-4001.471	-4262.773	261.3015	1.997015	0.743238	0.256762	1.240615
9234	-4014.953	-4276.185	261.2317	2.040873	0.832461	0.167539	1.262183
9240	-3997.787	-4259.105	261.3173	2.006944	0.569106	0.430894	1.218886
9246	-4002.653	-4263.935	261.2813	2.042925	0.674602	0.325398	1.218886
9252	-3982.093	-4243.261	261.1678	1.957719	0.674602	0.325398	1.380493
9258	-3975.649	-4236.767	261.1177	1.942046	0.674602	0.325398	1.431533
9264	-3982.782	-4243.991	261.2092	1.91965	0.638175	0.361825	1.377901
9270	-3974.324	-4235.582	261.2574	1.924647	0.646949	0.353051	1.335818
9276	-3989.706	-4250.746	261.04	1.835307	0.744349	0.255651	1.569886
9282	-3982.297	-4243.458	261.1607	1.964139	0.744349	0.255651	1.381057
9288	-3995.54	-4256.47	260.9302	1.804144	0.700786	0.299214	1.671858
9294	-4002.303	-4263.177	260.8748	1.859466	0.622179	0.377821	1.671858
9300	-3974.678	-4235.635	260.9564	1.83959	0.676524	0.323476	1.627622
9306	-3993.145	-4253.636	260.4909	1.686674	0.641866	0.358134	2.052861
9312	-3995.117	-4255.204	260.0871	1.613781	0.711334	0.288666	2.361188
9318	-3990.154	-4250.172	260.0176	1.599677	0.644939	0.355061	2.414087
9324	-3991.838	-4252.049	260.2112	1.60789	0.7174	0.2826	2.285846
9330	-3989.282	-4249.493	260.2109	1.656329	0.706896	0.293104	2.255028
9336	-3994.51	-4255.337	260.8267	1.832008	0.703923	0.296077	1.725415
9342	-3985.736	-4246.58	260.8436	1.828402	0.675836	0.324164	1.716081
9348	-3991.532	-4252.574	261.0426	1.901113	0.762127	0.237873	1.519314
9354	-3998.265	-4259.165	260.9003	1.755612	0.705537	0.294463	1.727413
9360	-3987.729	-4248.823	261.0936	1.948893	0.705537	0.294463	1.444773
9366	-3979.45	-4240.528	261.0785	1.963979	0.621405	0.378595	1.444773
9372	-3977.769	-4238.983	261.214	1.85885	0.710855	0.289145	1.421491
9378	-3981.868	-4243.06	261.1923	1.941707	0.710855	0.289145	1.373873
9384	-3984.834	-4246.045	261.2114	1.922579	0.77435	0.22565	1.373873
9390	-3997.627	-4258.687	261.0595	1.875096	0.661885	0.338115	1.526092
9396	-3980.888	-4242.123	261.2348	1.85462	0.745369	0.254631	1.408642
9402	-3989.404	-4250.445	261.0407	1.883381	0.661209	0.338791	1.533943
9408	-4003.658	-4264.863	261.2052	1.771731	0.661209	0.338791	1.494484
9414	-3980.663	-4241.744	261.0814	1.895534	0.661209	0.338791	1.494484
9420	-3996.941	-4257.921	260.9799	1.846972	0.638501	0.361499	1.60526
9426	-3996.559	-4257.588	261.0293	1.865832	0.631354	0.368646	1.555336
9432	-3986.057	-4247.239	261.1818	1.865832	0.61574	0.38426	1.440857
9438	-3978.444	-4239.838	261.394	1.92379	0.61574	0.38426	1.22435
9444	-3982.932	-4244.289	261.3562	1.915015	0.705216	0.294784	1.263291
9450	-3991.997	-4253.365	261.3677	2.018949	0.755333	0.244667	1.165126
9456	-3990.426	-4251.711	261.2852	2.097894	0.735756	0.264244	1.168241
9462	-3986.924	-4248.227	261.3025	2.098312	0.769934	0.230066	1.152651
9468	-3991.47	-4252.854	261.3839	2.096309	0.700847	0.299153	1.080742
9474	-3986.834	-4248.271	261.4371	2.226937	0.661289	0.338711	0.894048
9480	-3993.674	-4255.111	261.4371	2.226937	0.661289	0.338711	0.894048
9486	-3991.78	-4253.137	261.3568	2.19384	0.708098	0.291902	1.013362
9492	-3994.414	-4255.826	261.4118	2.197462	0.662612	0.337388	0.9537318
9498	-3990.181	-4251.581	261.4007	2.097499	0.611304	0.388696	1.063898
9504	-3988.485	-4249.775	261.29	2.080935	0.728986	0.271014	1.178859
9510	-3988.582	-4249.894	261.3122	2.078101	0.656981	0.343019	1.161902
9516	-3984.003	-4245.351	261.348	2.089307	0.587584	0.412416	1.120064
9522	-4000.494	-4261.73	261.2363	2.089307	0.679258	0.320742	1.217763
9528	-4015.905	-4277.181	261.276	2.047644	0.725372	0.274628	1.21943
9534	-4001.685	-4263.01	261.3249	2.038859	0.725372	0.274628	1.185096
9540	-3983.098	-4244.305	261.2068	2.037566	0.731454	0.268546	1.285358
9546	-3994.427	-4255.676	261.2497	2.109615	0.557275	0.442725	1.188875
9552	-3983.003	-4244.259	261.2561	2.119963	0.730484	0.269516	1.174391
9558	-3998.475	-4259.726	261.2511	2.119963	0.506311	0.493689	1.17877
9564	-3996.809	-4258.039	261.2297	2.161258	0.643644	0.356356	1.161319
9570	-4004.098	-4265.379	261.2809	2.087078	0.603932	0.396068	1.181383
9576	-3993.999	-4255.391	261.3916	2.102014	0.65515	0.34485	1.068265
9582	-3983.665	-4245.098	261.4324	2.026614	0.65403	0.34597	1.100362
9588	-3969.835	-4231.085	261.2493	2.014427	0.653198	0.346802	1.269527
9594	-3980.571	-4241.91	261.3393	2.012273	0.653198	0.346802	1.195529
9600	-3970.311	-4231.666	261.3554	2.045246	0.653198	0.346802	1.15286
9606	-3983.609	-4244.974	261.3642	2.037968	0.658833	0.341167	1.151483
9612	-3978.611	-4239.876	261.2649	2.033649	0.712137	0.287863	1.240524
9618	-3981.552	-4242.847	261.2953	2.112727	0.712137	0.287863	1.146269
9624	-3982.727	-4244.048	261.3205	2.095244	0.68667	0.31333	1.139436
9630	-3972.709	-4234.104	261.3942	2.059583	0.68667	0.31333	1.105166
9636	-3979.923	-4241.242	261.3188	2.009879	0.605382	0.394618	1.215092
9642	-3992.296	-4253.513	261.2175	2.069282	0.738236	0.261764	1.250338
9648	-3977.415	-4238.895	261.4798	2.135482	0.65651	0.34349	0.9473211
9654	-3979.737	-4241.206	261.4699	2.14545	0.627299	0.372701	0.9473211
9660	-3979.507	-4240.949	261.4422	2.239242	0.627299	0.372701	0.874014
9666	-3988.522	-4249.897	261.3755	2.21918	0.77701	0.22299	0.9689585
9672	-3982.283	-4243.761	261.4783	2.233527	0.667346	0.332654	0.8373873
9678	-3987.864	-4249.324	261.46	2.293205	0.632531	0.367469	0.7833837
9684	-3995.682	-4257.117	261.4349	2.27874	0.662417	0.337583	0.8352148
9690	-3992.319	-4253.612	261.2928	2.187314	0.739089	0.260911	1.080915
9696	-3987.333	-4248.796	261.4627	2.309615	0.678749	0.321251	0.7560581
9702	-3970.433	-4231.786	261.3531	2.458411	0.726726	0.273274	0.6926883
9708	-3975.766	-4237.144	261.3781	2.453006	0.649083	0.350917	0.6546727
9714	-3978.951	-4240.301	261.3501	2.471092	0.69711	0.30289	0.6746261
9720	-3994.728	-4256.019	261.2908	2.566102	0.69711	0.30289	0.5884128
9726	-3982.013	-4243.277	261.2644	2.593897	0.658376	0.341624	0.5838065
9732	-3989.612	-4250.914	261.302	2.544129	0.658376	0.341624	0.6199032
9738	-4005.615	-4266.904	261.2884	2.536516	0.817915	0.182085	0.6674745
9744	-3989.311	-4250.667	261.3558	2.469133	0.683551	0.316449	0.6674745
9750	-3982.386	-4243.733	261.3469	2.496018	0.683551	0.316449	0.6279156
9756	-3993.205	-4254.533	261.3278	2.52499	0.736913	0.263087	0.6014866
9762	-4007.813	-4269.098	261.2853	2.102127	0.587201	0.412799	1.164422
9768	-3997.295	-4258.642	261.3465	2.184182	0.786828	0.213172	1.032908
9774	-3978.176	-4239.554	261.3781	2.069389	0.762658	0.237342	1.110881
9780	-3994.543	-4255.95	261.4069	2.029998	0.635954	0.364046	1.120509
9786	-3986.596	-4247.993	261.3967	2.178978	0.742856	0.257144	0.9883395
9792	-3997.291	-4258.643	261.3519	2.20899	0.746628	0.253372	1.003165
9798	-4003.991	-4265.47	261.4798	2.097492	0.595803	0.404197	0.9867279
9804	-3994.852	-4256.277	261.4253	2.229106	0.595803	0.404197	0.9048099
9810	-3987.364	-4248.844	261.4796	2.222785	0.741204	0.258796	0.8490255
9816	-4001.007	-4262.411	261.4036	2.144605	0.687944	0.312056	1.015742
9822	-3987.081	-4248.512	261.4314	2.234022	0.765181	0.234819	0.8924841
9828	-3981.719	-4243.119	261.3994	2.234022	0.644609	0.355391	0.9279026
9834	-3985.565	-4246.891	261.3264	2.234022	0.644609	0.355391	1.00362
9840	-3990.891	-4252.235	261.3438	2.1262	0.724126	0.275874	1.09027
9846	-3987.176	-4248.532	261.3561	2.1262	0.697313	0.302687	1.078791
9852	-3996.507	-4257.751	261.2433	2.200167	0.697313	0.302687	1.1145
9858	-3998.901	-4260.247	261.3465	2.023799	0.70641	0.29359	1.179431
9864	-3976.932	-4238.266	261.3339	2.036392	0.735361	0.264639	1.179431
9870	-3981.973	-4243.325	261.3525	2.017805	0.70135	0.29865	1.179431
9876	-3974.59	-4235.79	261.2001	1.987348	0.690637	0.309363	1.331477
9882	-3973.143	-4234.4	261.2572	1.962723	0.654975	0.345025	1.305324
9888	-3974.437	-4235.541	261.1042	1.910456	0.655959	0.344041	1.465978
9894	-3973.833	-4234.779	260.9458	1.888094	0.679969	0.320031	1.600121
9900	-3975.603	-4236.848	261.2457	1.973154	0.679969	0.320031	1.306181
9906	-3985.074	-4246.377	261.3028	1.913345	0.72436	0.27564	1.308335
9912	-3993.233	-4254.432	261.1987	2.001751	0.728431	0.271569	1.321039
9918	-3992.736	-4253.956	261.22	2.013966	0.728431	0.271569	1.293869
9924	-3979.377	-4240.685	261.3077	2.03032	0.74382	0.25618	1.20722
9930	-3983.47	-4244.749	261.2789	1.993534	0.661473	0.338527	1.262326
9936	-3980.594	-4241.518	260.924	1.901243	0.661473	0.338527	1.606466
9942	-3985.129	-4246.03	260.9006	1.857047	0.704711	0.295289	1.655203
9948	-3979.015	-4239.864	260.849	1.798964	0.713349	0.286651	1.732993
9954	-3969.219	-4230.356	261.1369	1.912952	0.713349	0.286651	1.439111
9960	-3988.115	-4249.252	261.1369	1.912952	0.637072	0.362928	1.439111
9966	-3997.019	-4258.323	261.3041	1.916572	0.704366	0.295634	1.304666
9972	-3997.852	-4258.811	260.9599	1.843835	0.704366	0.295634	1.622045
9978	-3986.612	-4247.566	260.9538	1.843835	0.746799	0.253201	1.626412
9984	-3987.188	-4247.942	260.7539	1.776558	0.605827	0.394173	1.81483
9990	-3989.418	-4250.339	260.9214	1.815811	0.605827	0.394173	1.669816
9996	-4004.019	-4265.147	261.1279	1.793733	0.691001	0.308999	1.535751
10002	-3991.135	-4251.935	260.7999	1.788084	0.742773	0.257227	1.7749
10008	-3993.845	-4254.496	260.6514	1.786847	0.705894	0.294106	1.878036
10014	-3990.579	-4251.537	260.9581	1.787115	0.78848	0.21152	1.664067
10020	-3998.587	-4259.508	260.9217	1.813048	0.644154	0.355846	1.671574
10026	-4005.98	-4267.06	261.0808	1.855219	0.716435	0.283565	1.525058
10032	-3998.042	-4259.171	261.129	1.833065	0.675451	0.324549	1.505644
10038	-3994.624	-4255.788	261.1642	1.903184	0.706874	0.293126	1.425699
10044	-3970.012	-4231.029	261.0176	1.905345	0.632735	0.367265	1.534769
10050	-3984.449	-4245.382	260.933	1.873975	0.66157	0.33843	1.619673
10056	-3987.916	-4248.846	260.9296	1.793853	0.66157	0.33843	1.679596
10062	-3987.304	-4248.38	261.0758	1.857881	0.680979	0.319021	1.52676
10068	-3987.896	-4249.042	261.1455	1.857881	0.680979	0.319021	1.474516
10074	-3988.755	-4249.859	261.1038	1.935502	0.66522	0.33478	1.447222
10080	-3984.061	-4245.09	261.0292	1.906995	0.618379	0.381621	1.524909
10086	-3980.532	-4241.501	260.9683	1.967866	0.686813	0.313187	1.524909
10092	-3976.378	-4237.604	261.2257	2.054566	0.701295	0.298705	1.25576
10098	-3995.716	-4257.103	261.3873	2.147925	0.684572	0.315428	1.028483
10104	-3983.825	-4245.209	261.3836	2.03127	0.682406	0.317594	1.140259
10110	-3978.761	-4240.109	261.3482	2.005068	0.69806	0.30194	1.194093
10116	-3982.859	-4244.168	261.3089	2.01001	0.67524	0.32476	1.223407
10122	-4005.647	-4267.009	261.3624	2.060292	0.743397	0.256603	1.133218
10128	-4002.486	-4263.925	261.4393	1.982738	0.546961	0.453039	1.133817
10134	-4011.177	-4272.561	261.3843	2.163027	0.666367	0.333633	1.016588
10140	-4000.967	-4262.347	261.3805	2.055869	0.725065	0.274935	1.120945
10146	-3978.108	-4239.473	261.3656	2.055869	0.725065	0.274935	1.134366
10152	-3973.376	-4234.725	261.3494	2.019896	0.660949	0.339051	1.180257
10158	-3989.325	-4250.689	261.3635	2.005813	0.694196	0.305804	1.180257
10164	-3999.951	-4261.356	261.4053	2.063151	0.72897	0.27103	1.091702
10170	-3994.328	-4255.782	261.4538	2.129052	0.629071	0.370929	0.9810469
10176	-3987.55	-4248.921	261.3711	2.148318	0.629071	0.370929	1.043745
10182	-4004.482	-4265.848	261.3655	2.165445	0.699181	0.300819	1.032607
10188	-3994.167	-4255.361	261.1936	2.03708	0.737121	0.262879	1.296549
10194	-3994.516	-4255.83	261.3139	2.041968	0.679386	0.320614	1.191884
10200	-4007.172	-4267.965	260.7932	1.728946	0.64225	0.35775	1.820542
10206	-3995.305	-4256.037	260.7325	1.789664	0.669133	0.330867	1.820542
10212	-4005.739	-4266.6	260.8609	1.791345	0.669133	0.330867	1.729959
10218	-4003.789	-4264.412	260.6233	1.795319	0.692573	0.307427	1.891381
10224	-3983.516	-4244.23	260.7145	1.81021	0.598049	0.401951	1.818736
10230	-3979.803	-4240.947	261.1444	1.872613	0.598049	0.401951	1.464173
10236	-3980.681	-4241.577	260.8965	1.837745	0.728138	0.271862	1.671921
10242	-3974.382	-4235.393	261.0108	1.84135	0.748549	0.251451	1.586836
10248	-3987.57	-4248.955	261.3851	2.14119	0.715243	0.284757	1.037092
10254	-3988.561	-4249.996	261.4352	2.21798	0.715112	0.284888	0.9061878
10260	-3993.807	-4255.223	261.4159	2.143396	0.715112	0.284888	1.004806
10266	-3986.599	-4247.964	261.3644	2.120263	0.716791	0.283209	1.076661
10272	-3980.2	-4241.61	261.4096	2.249462	0.680908	0.319092	0.8995703
10278	-3991.937	-4253.265	261.3274	2.249462	0.721258	0.278742	0.9871519
10284	-3997.276	-4258.671	261.3954	2.190595	0.696724	0.303276	0.9778455
10290	-3993.227	-4254.527	261.3007	2.259644	0.696724	0.303276	1.003721
10296	-3983.348	-4244.818	261.4705	2.096654	0.753174	0.246826	0.996907
10302	-3985.294	-4246.773	261.4799	2.0873	0.738371	0.261629	0.996907
10308	-3983.265	-4244.626	261.361	2.19211	0.706392	0.293608	1.010943
10314	-3977.746	-4239.108	261.3623	2.075757	0.507195	0.492805	1.119418
10320	-3971.2	-4232.417	261.2168	1.928545	0.675411	0.324589	1.364959
10326	-3985.459	-4246.37	260.9114	1.871139	0.675411	0.324589	1.637294
10332	-3990.11	-4251.051	260.941	1.900399	0.757906	0.242094	1.59469
10338	-3989.14	-4250.359	261.219	1.935832	0.774909	0.225091	1.357455
10344	-3992.576	-4253.785	261.2088	1.946025	0.629482	0.370518	1.357455
10350	-3989.746	-4250.95	261.204	1.960494	0.626539	0.373461	1.349729
10356	-3986.587	-4247.709	261.1223	1.920058	0.682104	0.317896	1.444879
10362	-3975.168	-4236.413	261.2445	1.963239	0.619879	0.380121	1.315136
10368	-3978.407	-4239.596	261.1883	1.963239	0.654069	0.345931	1.360005
10374	-3985.304	-4246.483	261.179	1.972528	0.654069	0.345931	1.360005
10380	-3980.862	-4242.074	261.2125	1.965158	0.664072	0.335928	1.339297
10386	-3982.317	-4243.682	261.3647	1.954233	0.68894	0.31106	1.223422
10392	-3986.836	-4248.175	261.3384	2.061651	0.812098	0.187902	1.153318
10398	-3995.154	-4256.436	261.2819	1.989738	0.731699	0.268301	1.262933
10404	-3998.422	-4259.742	261.3199	1.911299	0.731699	0.268301	1.296101
10410	-3990.008	-4251.329	261.3215	1.995906	0.619407	0.380593	1.224659
10416	-4005.294	-4266.55	261.2559	2.050797	0.750845	0.249155	1.233734
10422	-3987.383	-4248.708	261.3247	2.011233	0.717592	0.282408	1.208983
10428	-3986.522	-4247.952	261.4304	2.054586	0.648435	0.351565	1.076354
10434	-3987.798	-4249.072	261.2742	2.054586	0.736624	0.263376	1.215033
10440	-3991.8	-4253.049	261.2487	1.853374	0.697756	0.302244	1.398822
10446	-4001.444	-4262.829	261.3854	1.90755	0.650461	0.349539	1.245229
10452	-3996.582	-4257.876	261.2937	1.957208	0.735892	0.264108	1.280021
10458	-3993.512	-4254.799	261.287	1.963928	0.635081	0.364919	1.280021
10464	-3987.068	-4248.292	261.2245	1.912626	0.703376	0.296624	1.37138
10470	-3986.067	-4247.11	261.0427	1.933564	0.686051	0.313949	1.494958
10476	-3984.939	-4246.002	261.0628	1.795338	0.723093	0.276907	1.582441
10482	-3974.281	-4235.153	260.8724	1.773672	0.74588	0.25412	1.734344
10488	-3981.321	-4242.353	261.0321	1.965188	0.790763	0.209237	1.479144
10494	-3983.182	-4244.354	261.1718	1.910395	0.605947	0.394053	1.414211
10500	-3990.714	-4252.085	261.3712	2.116996	0.639052	0.360948	1.073322
10506	-3979.877	-4241.149	261.272	2.111071	0.639052	0.360948	1.168234
10512	-3978.844	-4240.102	261.2576	2.174282	0.71873	0.28127	1.125002
10518	-3993.451	-4254.685	261.2339	2.135238	0.72234	0.27766	1.180427
10524	-3990.06	-4251.351	261.2909	2.028098	0.683726	0.316274	1.223377
10530	-3993.326	-4254.487	261.1612	2.100206	0.615667	0.384333	1.271378
10536	-3994.875	-4256.18	261.3044	2.040951	0.615667	0.384333	1.200947
10542	-3978.33	-4239.735	261.4047	2.020873	0.713587	0.286413	1.130638
10548	-3979.484	-4240.94	261.4564	2.086394	0.608473	0.391527	1.021106
10554	-3990.421	-4251.736	261.3149	2.088426	0.662692	0.337308	1.150441
10560	-3987.44	-4248.7	261.2604	2.077024	0.662692	0.337308	1.207665
10566	-3989.886	-4251.272	261.3864	2.128477	0.780716	0.219284	1.048098
10572	-3993.794	-4255.116	261.3219	2.091133	0.590805	0.409195	1.141828
10578	-3993.132	-4254.438	261.3065	2.106579	0.692912	0.307088	1.141828
10584	-3997.557	-4258.885	261.3277	2.106579	0.622162	0.377838	1.122875
10590	-3999.657	-4260.981	261.3248	2.114617	0.674663	0.325337	1.118232
10596	-3990.435	-4251.652	261.2178	2.087831	0.734176	0.265824	1.234601
10602	-3983.685	-4245.015	261.3304	1.990064	0.811447	0.188553	1.222117
10608	-3984.634	-4245.89	261.2567	1.963338	0.811447	0.188553	1.305199
10614	-3999.279	-4260.505	261.2256	1.945785	0.820576	0.179424	1.344321
10620	-3985.364	-4246.522	261.1583	2.013021	0.630637	0.369363	1.344321
10626	-4001.593	-4262.767	261.1737	2.03632	0.630637	0.369363	1.3133
10632	-3992.525	-4253.794	261.2686	2.060212	0.725579	0.274421	1.215008
10638	-3986.583	-4247.902	261.319	2.119732	0.731058	0.268942	1.118856
10644	-3986.888	-4248.293	261.4045	2.106205	0.667157	0.332843	1.052084
10650	-3992.123	-4253.474	261.3514	2.166587	0.682644	0.317356	1.045153
10656	-3994.813	-4256.234	261.4211	2.096883	0.682644	0.317356	1.045153
10662	-3993.105	-4254.166	261.0614	1.901596	0.667412	0.332588	1.504949
10668	-4006.771	-4267.927	261.1558	1.87344	0.692393	0.307607	1.454868
10674	-3992.95	-4254.287	261.3365	2.065569	0.6183	0.3817	1.151557
10680	-4002.396	-4263.601	261.2055	1.988975	0.658029	0.341971	1.325803
10686	-3999.436	-4260.652	261.2154	2.067993	0.704094	0.295906	1.253191
10692	-3999.029	-4260.179	261.1505	1.879373	0.61976	0.38024	1.454432
10698	-4003.283	-4264.414	261.1317	1.977897	0.690759	0.309241	1.392945
10704	-4010.936	-4272.347	261.4109	2.111079	0.714063	0.285937	1.041235
10710	-4009.903	-4271.3	261.3971	2.091469	0.667598	0.332402	1.072958
10716	-4008.224	-4269.503	261.2796	2.098929	0.65401	0.34599	1.172259
10722	-3998.245	-4259.596	261.3508	2.080586	0.715737	0.284263	1.125423
10728	-3995.283	-4256.656	261.3725	2.080586	0.683151	0.316849	1.105765
10734	-4000.561	-4261.864	261.3032	2.177466	0.683151	0.316849	1.080365
10740	-3999.437	-4260.262	260.8247	1.730125	0.711196	0.288804	1.797947
10746	-3990.22	-4251.071	260.8506	1.867622	0.584058	0.415942	1.683316
10752	-3994.971	-4255.785	260.8143	1.936169	0.593016	0.406984	1.66028
10758	-3994.763	-4255.558	260.795	1.811988	0.60917	0.39083	1.761666
10764	-3987.791	-4248.591	260.7993	1.874954	0.633955	0.366045	1.714439
10770	-3981.1	-4241.979	260.8794	1.794929	0.720362	0.279638	1.714439
10776	-3988.981	-4249.736	260.7553	1.855478	0.602881	0.397119	1.75907
10782	-3988.106	-4249.038	260.9323	1.829395	0.635663	0.364337	1.652269
10788	-3978.091	-4239.126	261.0348	1.903616	0.752256	0.247744	1.523263
10794	-3978.837	-4240.058	261.2207	1.962203	0.752256	0.247744	1.335091
10800	-3991.199	-4252.587	261.3883	2.062291	0.708473	0.291527	1.108048
10806	-3994.819	-4256.187	261.3685	2.067025	0.586156	0.413844	1.121707
10812	-3988.078	-4249.422	261.3439	2.071946	0.616256	0.383744	1.139316
10818	-3991.394	-4252.596	261.2021	1.939269	0.565966	0.434034	1.368076
10824	-3982.082	-4243.334	261.2524	1.917356	0.702349	0.297651	1.34561
10830	-3994.433	-4255.395	260.9623	1.922845	0.660256	0.339744	1.562678
10836	-3995.687	-4256.476	260.7889	1.808181	0.621214	0.378786	1.768619
10842	-3969.295	-4230.091	260.7959	1.708845	0.716803	0.283197	1.832523
10848	-3971.927	-4233.114	261.1873	1.864372	0.731585	0.268415	1.437769
10854	-3978.962	-4240.047	261.0846	1.868668	0.652287	0.347713	1.512186
10860	-3979.87	-4240.811	260.941	1.786177	0.696465	0.303535	1.676908
10866	-3977.754	-4238.785	261.0309	1.867785	0.696465	0.303535	1.552727
10872	-3999.48	-4260.482	261.0017	1.898639	0.807207	0.192793	1.551489
10878	-4007.753	-4268.61	260.8562	1.93186	0.657515	0.342485	1.633318
10884	-3988.749	-4249.744	260.9953	1.874382	0.776841	0.223159	1.574044
10890	-3986.452	-4246.902	260.4491	1.804399	0.650079	0.349921	2.002517
10896	-3988.817	-4248.898	260.0812	1.685294	0.777265	0.222735	2.319498
10902	-3996.454	-4256.973	260.5191	1.721802	0.615156	0.384844	2.010878
10908	-3989.751	-4250.143	260.3924	1.782883	0.613313	0.386687	2.054407
10914	-3982.8	-4243.604	260.8044	1.782883	0.755923	0.244077	1.775401
10920	-3987.038	-4247.819	260.7817	1.800556	0.65847	0.34153	1.778922
10926	-3992.743	-4253.695	260.9516	1.918576	0.661711	0.338289	1.573689
10932	-3997.968	-4259.084	261.1154	1.936168	0.760242	0.239758	1.437816
10938	-3981.087	-4242.291	261.2037	1.936168	0.671015	0.328985	1.369225
10944	-3981.41	-4242.415	261.005	1.849445	0.671015	0.328985	1.585163
10950	-3984.7	-4245.81	261.1107	1.862177	0.659711	0.340289	1.497501
10956	-3981.372	-4242.541	261.1691	1.878297	0.666431	0.333569	1.441022
10962	-3989.747	-4250.963	261.216	2.037946	0.670488	0.329512	1.277571
10968	-3988.711	-4249.925	261.2146	2.111587	0.722666	0.277334	1.217233
10974	-3979.311	-4240.657	261.3461	1.980057	0.746254	0.253746	1.217233
10980	-3979.205	-4240.605	261.4002	2.021462	0.665653	0.334347	1.134116
10986	-3983.775	-4245.158	261.3836	2.124787	0.610067	0.389933	1.054303
10992	-3978.685	-4240.055	261.3701	2.138305	0.694925	0.305075	1.054303
10998	-3984.577	-4245.974	261.3967	2.026619	0.750857	0.249143	1.132715
11004	-3979.74	-4240.994	261.254	2.023392	0.6947	0.3053	1.258199
11010	-3988.383	-4249.666	261.2833	1.994091	0.682145	0.317855	1.258199
11016	-3972.327	-4233.531	261.2044	1.953999	0.769035	0.230965	1.35463
11022	-3978.547	-4239.811	261.2646	1.948734	0.653527	0.346473	1.310657
11028	-3983.727	-4244.991	261.2635	1.993951	0.679822	0.320178	1.274683
11034	-3986.513	-4247.794	261.2816	2.029056	0.699246	0.300754	1.230376
11040	-4000.165	-4261.403	261.238	2.086861	0.712806	0.287194	1.218359
11046	-3995.854	-4257.147	261.2937	2.056634	0.66544	0.33456	1.196672
11052	-3992.5	-4253.877	261.3761	1.997725	0.70692	0.29308	1.176314
11058	-3997.897	-4259.305	261.4076	2.089282	0.567761	0.432239	1.065163
11064	-3997.149	-4258.491	261.342	2.063916	0.671706	0.328294	1.148161
11070	-3987.353	-4248.637	261.2832	2.020799	0.565933	0.434067	1.235946
11076	-3993.201	-4254.48	261.2792	1.96788	0.694141	0.305859	1.283204
11082	-3997.026	-4258.329	261.3027	1.996783	0.726619	0.273381	1.2398
11088	-4002.583	-4263.899	261.3155	1.996783	0.722536	0.277464	1.229007
11094	-3993.039	-4254.351	261.312	1.993497	0.765516	0.234484	1.234724
11100	-3995.319	-4256.434	261.1145	2.026376	0.735082	0.264918	1.368455
11106	-3998.245	-4259.488	261.2431	2.022318	0.616227	0.383773	1.268102
11112	-3984.578	-4245.761	261.1831	1.970037	0.574352	0.425648	1.35873
11118	-3979.376	-4240.768	261.392	2.05018	0.566702	0.433298	1.115704
11124	-3974.644	-4235.981	261.3367	1.965747	0.660546	0.339454	1.237285
11130	-3999.992	-4261.194	261.2021	2.09118	0.830587	0.169413	1.244933
11136	-3999.887	-4261.229	261.342	2.09118	0.673717	0.326283	1.123797
11142	-3991.013	-4252.157	261.1438	2.00735	0.657229	0.342771	1.360371
11148	-3986.16	-4247.172	261.0124	1.979781	0.717113	0.282887	1.482951
11154	-3983.126	-4244.196	261.0699	2.032404	0.637142	0.362858	1.398629
11160	-4000.52	-4261.639	261.1192	2.029652	0.713111	0.286889	1.362191
11166	-3993.092	-4254.297	261.2052	2.087281	0.74599	0.25401	1.24566
11172	-3986.384	-4247.59	261.2063	2.089714	0.760499	0.239501	1.242709
11178	-3993.397	-4254.572	261.1754	2.12057	0.763501	0.236499	1.242709
11184	-4002.521	-4263.853	261.3321	2.197726	0.649294	0.350706	1.033701
11190	-3992.033	-4253.438	261.4049	2.157771	0.671876	0.328124	1.001371
11196	-3999.204	-4260.663	261.4588	2.189091	0.735477	0.264523	0.9121132
11202	-3986.453	-4247.917	261.464	2.17376	0.760353	0.239647	0.9232509
11208	-3992.283	-4253.657	261.374	2.167568	0.632028	0.367972	1.02227
11214	-3997.397	-4258.259	260.8621	1.8238	0.774459	0.225541	1.70622
11220	-3996.014	-4256.998	260.9834	1.815172	0.583669	0.416331	1.625761
11226	-3985.93	-4246.992	261.0618	1.821085	0.641557	0.358443	1.564316
11232	-3986.857	-4247.908	261.0508	1.847271	0.613951	0.386049	1.553185
11238	-3983.626	-4244.923	261.2972	1.974476	0.757656	0.242344	1.262904
11244	-3992.24	-4253.241	261.0006	2.036375	0.656492	0.343508	1.448993
11250	-3993.514	-4254.681	261.1674	2.087611	0.656492	0.343508	1.276695
11256	-3997.077	-4258.334	261.2569	2.047421	0.675166	0.324834	1.235681
11262	-3993.975	-4255.244	261.2698	2.032639	0.716369	0.283631	1.23726
11268	-3991.057	-4252.452	261.3955	2.049828	0.673171	0.326829	1.112848
11274	-3995.058	-4256.374	261.3156	1.984533	0.655085	0.344915	1.239226
11280	-3997.397	-4258.665	261.2678	2.033722	0.715563	0.284437	1.238045
11286	-3994.925	-4256.175	261.2493	2.0522	0.715563	0.284437	1.238045
11292	-3988.026	-4249.355	261.3287	2.185034	0.761315	0.238685	1.049198
11298	-3990.976	-4252.318	261.342	2.097488	0.761315	0.238685	1.118174
11304	-3977.604	-4238.864	261.2604	2.105574	0.665116	0.334884	1.18311
11310	-3979.422	-4240.79	261.3674	2.221113	0.68403	0.31597	0.975226
11316	-3984.842	-4246.206	261.3636	2.258106	0.793563	0.206437	0.9405344
11322	-3974.104	-4235.468	261.3636	2.258106	0.628317	0.371683	0.9405344
11328	-3986.049	-4247.5	261.4502	2.235796	0.676804	0.323196	0.8686134
11334	-3985.096	-4246.428	261.332	2.125166	0.791943	0.208057	1.102083
11340	-3981.34	-4242.583	261.2437	2.121349	0.710017	0.289983	1.183952
11346	-3981.225	-4242.473	261.2479	2.172292	0.710017	0.289983	1.135467
11352	-3987.647	-4249.022	261.3748	2.24331	0.710017	0.289983	0.9444013
11358	-3979.294	-4240.659	261.3657	2.214907	0.719469	0.280531	0.9833686
11364	-3981.71	-4243.056	261.3463	2.264357	0.706803	0.293197	0.9522109
11370	-3977.154	-4238.506	261.351	2.264357	0.706803	0.293197	0.9472526
11376	-3996.542	-4257.96	261.4176	2.267081	0.675952	0.324048	0.8701737
11382	-3992.538	-4253.96	261.4218	2.262912	0.68884	0.31116	0.8701737
11388	-3989.139	-4250.561	261.4224	2.262912	0.701924	0.298076	0.8694114
11394	-3971.668	-4233.103	261.4347	2.24776	0.719162	0.280838	0.8727589
11400	-3981.361	-4242.777	261.4159	2.196509	0.742699	0.257301	0.950374
11406	-3980.385	-4241.768	261.383	2.132114	0.701617	0.298383	1.047838
11412	-3981.356	-4242.64	261.2846	2.115084	0.701617	0.298383	1.153703
11418	-3991.768	-4253.006	261.2375	2.052662	0.583601	0.416399	1.247532
11424	-3974.432	-4235.58	261.1474	2.052662	0.628782	0.371218	1.321346
11430	-3978.154	-4239.39	261.2353	2.045218	0.679564	0.320436	1.255556
11436	-3978.715	-4239.902	261.1872	2.043794	0.67984	0.32016	1.296339
11442	-3999.51	-4260.508	260.9982	1.947208	0.681302	0.318698	1.518091
11448	-3991.448	-4252.514	261.0659	1.879454	0.681302	0.318698	1.518091
11454	-3997.057	-4258.075	261.0182	1.838246	0.623553	0.376447	1.583684
11460	-3998.596	-4259.965	261.3689	2.042528	0.749846	0.250154	1.1433
11466	-3996.436	-4257.754	261.3178	2.039602	0.672391	0.327609	1.19058
11472	-3996.254	-4257.64	261.3861	2.050772	0.651392	0.348608	1.120468
11478	-4002.74	-4264.06	261.3207	1.9727	0.666133	0.333867	1.24485
11484	-4004.301	-4265.481	261.1796	1.963246	0.652579	0.347421	1.366919
11490	-3996.504	-4257.878	261.3736	1.986328	0.717387	0.282613	1.188365
11496	-3995.601	-4256.927	261.326	1.980766	0.716858	0.283142	1.233647
11502	-3990.42	-4251.694	261.2742	2.040696	0.69912	0.30088	1.226832
11508	-3996.347	-4257.546	261.199	2.062238	0.6597	0.3403	1.271573
11514	-3986.467	-4247.746	261.2794	2.151065	0.747047	0.252953	1.126245
11520	-3978.3	-4239.645	261.3448	2.106726	0.663756	0.336244	1.107156
11526	-3990.415	-4251.677	261.2612	2.036241	0.72493	0.27507	1.241488
11532	-3986.854	-4248.188	261.3347	2.058592	0.765587	0.234413	1.159319
11538	-3992.586	-4253.841	261.2552	2.107724	0.656743	0.343257	1.185769
11544	-3981.3	-4242.549	261.2483	2.005813	0.654683	0.345317	1.277411
11550	-3970.076	-4231.031	260.9549	1.874591	0.691666	0.308334	1.603366
11556	-3995.637	-4256.572	260.9344	1.843963	0.66067	0.33933	1.640272
11562	-3985.721	-4246.589	260.8675	1.784041	0.718231	0.281769	1.73044
11568	-3974.547	-4235.508	260.9612	1.790429	0.72626	0.27374	1.659509
11574	-3982.958	-4243.969	261.0106	1.792355	0.729038	0.270962	1.622575
11580	-3990.888	-4251.502	260.6141	1.725228	0.729038	0.270962	1.945004
11586	-3981.073	-4242.042	260.9685	1.77104	0.680685	0.319315	1.668105
11592	-3982.571	-4243.503	260.9319	1.80765	0.680685	0.319315	1.668105
11598	-3981.507	-4242.569	261.0625	1.903123	0.638733	0.361267	1.502956
11604	-3985.719	-4246.763	261.0444	1.899734	0.745101	0.254899	1.51902
11610	-3980.193	-4241.461	261.2685	1.951807	0.685939	0.314061	1.304964
11616	-3983.453	-4244.744	261.2912	2.062921	0.707151	0.292849	1.193391
11622	-3984.098	-4245.482	261.3839	2.03393	0.707151	0.292849	1.137591
11628	-3983.477	-4244.878	261.401	2.150379	0.707151	0.292849	1.012586
11634	-3979.374	-4240.797	261.4223	2.106717	0.742815	0.257185	1.034492
11640	-3977.813	-4239.137	261.3239	2.022072	0.670565	0.329435	1.200406
11646	-3984.805	-4246.102	261.2976	1.945537	0.661947	0.338053	1.28639
11652	-3992.335	-4253.697	261.3615	2.018711	0.790118	0.209882	1.170748
11658	-3992.156	-4253.325	261.1693	2.006982	0.587765	0.412235	1.340347
11664	-3986.672	-4247.72	261.048	1.885671	0.70982	0.29018	1.526771
11670	-3986.554	-4247.724	261.1703	1.886726	0.65047	0.34953	1.433635
11676	-3971.02	-4232.15	261.13	1.881332	0.747855	0.252145	1.468519
11682	-3974.98	-4236.091	261.111	1.900307	0.625491	0.374509	1.468519
11688	-3974.025	-4235.187	261.162	1.915697	0.778277	0.221723	1.417716
11694	-3968.998	-4230.154	261.1565	1.942353	0.681668	0.318332	1.401348
11700	-3980.346	-4241.661	261.3142	1.976334	0.718029	0.281971	1.247222
11706	-3988.849	-4250.136	261.2871	2.040228	0.687508	0.312492	1.216297
11712	-3990.38	-4251.589	261.2092	1.949366	0.722041	0.277959	1.354474
11718	-3985.924	-4247.204	261.2804	2.010402	0.778587	0.221413	1.247033
11724	-3981.913	-4243.089	261.176	2.035894	0.71301	0.28699	1.311776
11730	-3975.305	-4236.489	261.1841	2.073263	0.71301	0.28699	1.274718
11736	-3986.793	-4247.988	261.1942	2.075033	0.751518	0.248482	1.264913
11742	-3989.755	-4251.007	261.252	2.03863	0.765499	0.234501	1.247207
11748	-3992.455	-4253.503	261.0481	2.056315	0.695947	0.304053	1.396966
11754	-3978.386	-4239.444	261.0579	2.01675	0.64666	0.35334	1.42008
11760	-3981.581	-4242.62	261.0391	1.944501	0.596461	0.403539	1.489449
11766	-3968.444	-4229.432	260.988	1.829246	0.627434	0.372566	1.612197
11772	-3981.017	-4241.767	260.7491	1.828911	0.627434	0.372566	1.781871
11778	-3992.247	-4252.92	260.6729	1.755816	0.541036	0.458964	1.88455
11784	-3988.157	-4248.871	260.7133	1.715348	0.751572	0.248428	1.88455
11790	-3979.727	-4240.642	260.9146	1.815458	0.643346	0.356654	1.674885
11796	-3987.694	-4248.769	261.0747	1.987867	0.643346	0.356654	1.429355
11802	-3984.277	-4245.49	261.2127	2.034423	0.715593	0.284407	1.283177
11808	-3991.032	-4252.269	261.2366	1.969123	0.715593	0.284407	1.316801
11814	-3982.497	-4243.666	261.1689	1.975201	0.758738	0.241262	1.365925
11820	-3979.092	-4240.252	261.1594	1.906678	0.682102	0.317898	1.426647
11826	-3982.993	-4244.279	261.2857	1.994262	0.735432	0.264568	1.256026
11832	-3980.187	-4241.423	261.2353	2.037773	0.721854	0.278146	1.261742
11838	-3971.298	-4232.475	261.1768	1.969154	0.722638	0.277362	1.36446
11844	-3982.954	-4244.205	261.2509	1.939832	0.660027	0.339973	1.328858
11850	-3981.787	-4243.053	261.2667	1.981077	0.59201	0.40799	1.282617
11856	-3977.301	-4238.567	261.2667	1.981077	0.727608	0.272392	1.282617
11862	-3968.115	-4229.485	261.37	1.996114	0.701967	0.298033	1.183043
11868	-3969.297	-4230.542	261.2442	1.993686	0.668094	0.331906	1.290698
11874	-3971.25	-4232.478	261.2279	1.957813	0.668094	0.331906	1.332849
11880	-3967.374	-4228.555	261.1809	1.873595	0.73855	0.26145	1.435602
11886	-3973.179	-4234.384	261.2052	1.905547	0.714174	0.285826	1.392075
11892	-3980.084	-4241.299	261.2153	1.907348	0.709434	0.290566	1.382779
11898	-3989.751	-4250.891	261.1402	1.966965	0.709434	0.290566	1.394869
11904	-3997.744	-4259.073	261.3296	1.974014	0.8066	0.1934	1.236335
11910	-3986.805	-4248.142	261.3372	1.940956	0.655841	0.344159	1.257517
11916	-3992.706	-4254.002	261.2957	2.04701	0.622964	0.377036	1.203182
11922	-3994.618	-4255.899	261.2802	2.004013	0.73161	0.26839	1.252486
11928	-3986.253	-4247.556	261.3033	2.085439	0.633906	0.366094	1.163327
11934	-3994.187	-4255.398	261.2114	2.012461	0.74353	0.25647	1.302106
11940	-3985.763	-4246.955	261.1915	1.900217	0.74353	0.25647	1.406855
11946	-3984.119	-4245.381	261.2618	1.952747	0.677087	0.322913	1.309673
11952	-3988.815	-4249.821	261.0066	1.922408	0.675068	0.324932	1.530225
11958	-3995.266	-4256.603	261.3371	2.017859	0.706961	0.293039	1.192691
11964	-3991.165	-4252.462	261.2969	2.074366	0.661409	0.338591	1.178534
11970	-4013.765	-4274.566	260.8004	1.76679	0.813972	0.186028	1.78938
11976	-4015.336	-4276.092	260.7555	1.692231	0.692726	0.307274	1.871581
11982	-3990.887	-4251.943	261.0555	1.988402	0.655574	0.344426	1.44366
11988	-3996.704	-4257.385	260.681	1.67233	0.7415	0.2585	1.935601
11994	-3993.767	-4255.003	261.2363	1.918505	0.661964	0.338036	1.357482
12000	-3991.965	-4253.073	261.1074	1.93214	0.71362	0.28638	1.447067
12006	-3990.767	-4251.879	261.1117	1.93214	0.660742	0.339258	1.443756
12012	-3983.805	-4244.785	260.9799	1.984876	0.71129	0.28871	1.503557
12018	-4002.764	-4263.706	260.9413	1.918536	0.610721	0.389279	1.581252
12024	-3988.208	-4249.338	261.1301	1.835259	0.656714	0.343286	1.503129
12030	-3994.646	-4255.723	261.0768	1.991279	0.626617	0.373383	1.425169
12036	-4000.592	-4261.726	261.1348	1.924085	0.626617	0.373383	1.432232
12042	-3984.801	-4246.018	261.217	1.893463	0.746303	0.253697	1.392272
12048	-3983.73	-4244.931	261.2009	1.957573	0.746303	0.253697	1.354552
12054	-3976.812	-4237.949	261.1378	2.020658	0.746303	0.253697	1.354552
12060	-3984.168	-4245.415	261.2467	2.031917	0.684103	0.315897	1.257188
12066	-3971.998	-4233.318	261.3207	2.05156	0.695633	0.304367	1.177665
12072	-3986.048	-4247.387	261.3391	2.130289	0.704033	0.295967	1.090843
12078	-3991.333	-4252.585	261.252	2.093449	0.703027	0.296973	1.20085
12084	-3984.187	-4245.387	261.2005	2.059407	0.671412	0.328588	1.272669
12090	-3975.294	-4236.546	261.2525	2.090012	0.563986	0.436014	1.203343
12096	-3973.004	-4234.28	261.2763	2.090012	0.70762	0.29238	1.182834
12102	-3972.661	-4233.934	261.2736	2.092738	0.753544	0.246456	1.182834
12108	-3977.677	-4239.004	261.3266	2.117629	0.79134	0.20866	1.113822
12114	-3982.643	-4244.074	261.4308	2.13192	0.695059	0.304941	1.001331
12120	-3975.159	-4236.52	261.361	2.112499	0.672754	0.327246	1.086981
12126	-3986.458	-4247.786	261.3282	2.14247	0.672754	0.327246	1.08964
12132	-3993.809	-4255.211	261.4016	2.243105	0.766968	0.233032	0.9156573
12138	-3993.132	-4254.513	261.3809	2.263649	0.766968	0.233032	0.9157507
12144	-3994.375	-4255.768	261.393	2.265409	0.590823	0.409177	0.9003978
12150	-3985.201	-4246.566	261.3644	2.30248	0.649636	0.350364	0.8907433
12156	-3993.721	-4255.158	261.4369	2.071885	0.718474	0.281526	1.053943
12162	-3996.969	-4258.286	261.3166	2.135653	0.621651	0.378349	1.106574
12168	-3993.401	-4254.875	261.474	2.203587	0.683743	0.316257	0.8784827
12174	-3988.045	-4249.516	261.4705	2.170908	0.736596	0.263404	0.9192599
12180	-3982.558	-4243.99	261.4317	2.168123	0.592107	0.407893	0.9635918
12186	-3982.169	-4243.548	261.3788	2.168123	0.71235	0.28765	1.017065
12192	-3978.262	-4239.714	261.4523	2.247451	0.64627	0.35373	0.8521661
12198	-3981.798	-4243.155	261.3576	2.266989	0.749488	0.250512	0.937496
12204	-3967.81	-4229.061	261.2515	2.214633	0.76623	0.23377	1.093789
12210	-3979.546	-4240.877	261.3317	2.35713	0.615973	0.384027	0.8653246
12216	-3993.484	-4254.802	261.3186	2.373638	0.764104	0.235896	0.8612513
12222	-3993.975	-4255.337	261.3624	2.415716	0.637367	0.362633	0.7474791
12228	-3984.122	-4245.533	261.4104	2.361043	0.637367	0.362633	0.7573439
12234	-3983.553	-4244.931	261.3776	2.186123	0.715917	0.284083	1.000323
12240	-3986.648	-4247.993	261.3446	2.335001	0.682065	0.317935	0.8760705
12246	-3979.586	-4240.903	261.3169	2.317705	0.682065	0.317935	0.9266109
12252	-3996.061	-4257.422	261.3614	2.286838	0.810751	0.189249	0.911721
12258	-3998.136	-4259.599	261.4628	2.227723	0.626797	0.373203	0.8632259
12264	-3985.535	-4246.967	261.4324	2.320633	0.726163	0.273837	0.7835575
12270	-3988.263	-4249.667	261.4048	2.38906	0.705463	0.294537	0.7228018
12276	-3979.535	-4240.913	261.3786	2.38906	0.600287	0.399713	0.7628497
12282	-3987.833	-4249.227	261.3944	2.421833	0.677243	0.322757	0.6840195
12288	-3991.554	-4252.923	261.3687	2.479679	0.637667	0.362333	0.6139838
12294	-3976.67	-4238.036	261.3667	2.456066	0.705222	0.294778	0.67167
12300	-3982.437	-4243.785	261.348	2.498545	0.819655	0.180345	0.6187317
12306	-3990.929	-4252.266	261.3376	2.498545	0.676019	0.323981	0.6438412
12312	-3997.229	-4258.573	261.3439	2.498545	0.776937	0.223063	0.6291131
12318	-4002.676	-4264.029	261.3536	2.495094	0.593601	0.406399	0.6129521
12324	-4008.593	-4269.861	261.2688	2.599433	0.713626	0.286374	0.5376962
12330	-3987.512	-4248.805	261.2931	2.575125	0.695256	0.304744	0.5376962
12336	-3985.008	-4246.375	261.3673	2.490632	0.719048	0.280952	0.5851679
12342	-3982.797	-4244.119	261.3217	2.491698	0.714471	0.285529	0.6893717
12348	-3987.66	-4249.093	261.433	2.348829	0.581403	0.418597	0.7417119
12354	-3982.987	-4244.423	261.4359	2.309436	0.648553	0.351447	0.7940971
12360	-3985.183	-4246.574	261.391	2.309436	0.788184	0.211816	0.8513653
12366	-3987.945	-4249.269	261.3238	2.376664	0.689988	0.310012	0.8513653
12372	-3990.752	-4252.125	261.3722	2.376664	0.689988	0.310012	0.7893439
12378	-3994.347	-4255.76	261.4129	2.405167	0.730329	0.269671	0.6806002
12384	-3988.975	-4250.417	261.4416	2.347727	0.654173	0.345827	0.7301542
12390	-3991.785	-4253.173	261.3878	2.335624	0.725726	0.274274	0.8228246
12396	-3989.147	-4250.541	261.3938	2.343729	0.68977	0.31023	0.8045401
12402	-3975.967	-4237.338	261.3712	2.42854	0.668435	0.331565	0.7131122
12408	-3994.158	-4255.485	261.3274	2.457675	0.602956	0.397044	0.7367891
12414	-3988.146	-4249.48	261.3336	2.487905	0.797453	0.202547	0.6740882
12420	-3992.956	-4254.38	261.424	2.345116	0.685662	0.314338	0.7607717
12426	-3981.662	-4243.187	261.5245	2.214532	0.697964	0.302036	0.8025048
12432	-3961.414	-4222.866	261.4518	2.194216	0.737367	0.262633	0.9141117
12438	-3974.361	-4235.782	261.4211	2.313944	0.745281	0.254719	0.807764
12444	-3971.874	-4233.281	261.4073	2.298028	0.745281	0.254719	0.8453922
12450	-3974.656	-4236.038	261.3817	2.244081	0.677531	0.322469	0.936173
12456	-3991.27	-4252.779	261.5087	2.145245	0.764999	0.235001	0.9053609
12462	-3981.488	-4242.926	261.438	2.184896	0.661915	0.338085	0.9392538
12468	-3987.471	-4248.922	261.4502	2.172748	0.666924	0.333076	0.9392538
12474	-3977.466	-4238.855	261.389	2.23387	0.533153	0.466847	0.9392538
12480	-3981.714	-4243.162	261.4487	2.095523	0.661339	0.338661	1.019665
12486	-3985.136	-4246.485	261.3485	2.01358	0.767428	0.232572	1.186472
12492	-3974.207	-4235.378	261.1707	1.985923	0.63782	0.36218	1.356024
12498	-3963.075	-4224.295	261.2203	1.93626	0.679863	0.320137	1.356024
12504	-3971.749	-4232.941	261.1921	2.032929	0.660688	0.339312	1.301158
12510	-3986.196	-4247.388	261.1921	2.032929	0.70877	0.29123	1.301158
12516	-3971.516	-4232.684	261.1683	1.973135	0.701562	0.298438	1.368
12522	-3989.156	-4250.339	261.1828	2.070093	0.725767	0.274233	1.278385
12528	-3992.375	-4253.734	261.3594	2.234037	0.747068	0.252932	0.9701984
12534	-3982.445	-4243.821	261.3761	2.234037	0.696672	0.303328	0.9527986
12540	-3981.581	-4242.97	261.3884	2.382552	0.690035	0.309965	0.7581056
12546	-3992.119	-4253.485	261.3662	2.375834	0.730526	0.269474	0.7985234
12552	-3988.013	-4249.487	261.4743	2.319559	0.719315	0.280685	0.7228544
12558	-3994.436	-4255.816	261.3792	2.347016	0.779999	0.220001	0.8193067
12564	-3975.321	-4236.663	261.3425	2.36829	0.735728	0.264272	0.83875
12570	-3979.185	-4240.531	261.3462	2.36829	0.718204	0.281796	0.834139
12576	-3980.523	-4241.911	261.3884	2.348165	0.691682	0.308318	0.8058028
12582	-3992.42	-4253.763	261.3435	2.361852	0.73201	0.26799	0.845436
12588	-3985.939	-4247.342	261.4023	2.361852	0.660351	0.339649	0.7680204
12594	-3979.403	-4240.81	261.4071	2.3137	0.660351	0.339649	0.8261021
12600	-3986.981	-4248.419	261.4374	2.3137	0.753121	0.246879	0.7862755
12606	-3983.198	-4244.598	261.4004	2.3137	0.714585	0.285415	0.8346176
12612	-3978.357	-4239.71	261.3535	2.341359	0.66657	0.33343	0.8581174
12618	-3974.792	-4236.183	261.3911	2.214847	0.653809	0.346191	0.9571826
12624	-3978.693	-4239.903	261.2097	2.158178	0.653894	0.346106	1.181482
12630	-3966.119	-4227.425	261.3056	2.158178	0.751146	0.248854	1.095992
12636	-3977.552	-4238.848	261.2956	2.108721	0.639754	0.360246	1.149627
12642	-3987.31	-4248.637	261.3274	2.20398	0.749773	0.250227	1.032212
12648	-3986.682	-4248.076	261.3941	2.120164	0.692774	0.307226	1.048686
12654	-3988.126	-4249.612	261.4862	2.150833	0.716171	0.283829	0.9239815
12660	-3991.263	-4252.641	261.3788	2.249138	0.627549	0.372451	0.9338743
12666	-3977.351	-4238.76	261.4082	2.247808	0.550766	0.449234	0.9030692
12672	-3973.149	-4234.562	261.413	2.198654	0.667043	0.332957	0.9512438
12678	-3979.632	-4241.095	261.4627	2.223242	0.763942	0.236058	0.8687273
12684	-3989.853	-4251.28	261.4266	2.279449	0.646262	0.353738	0.8444761
12690	-3989.874	-4251.258	261.3841	2.247227	0.646262	0.353738	0.9301559
12696	-3971.57	-4232.979	261.409	2.168577	0.659395	0.340605	0.9864549
12702	-3975.34	-4236.766	261.4262	2.162926	0.667312	0.332688	0.9746141
12708	-3971.584	-4232.94	261.3561	2.184542	0.539285	0.460715	1.02318
12714	-3989.403	-4250.765	261.3613	2.170504	0.514368	0.485632	1.031791
12720	-3991.384	-4252.745	261.3613	2.170504	0.514368	0.485632	1.031791
12726	-3971.472	-4232.811	261.3386	2.170504	0.693451	0.306549	1.053583
12732	-3981.236	-4242.659	261.4233	2.048319	0.743941	0.256059	1.088764
12738	-3986.84	-4248.092	261.2517	2.133665	0.755186	0.244814	1.166287
12744	-3983.564	-4244.913	261.3489	2.208278	0.673006	0.326994	1.006874
12750	-3983.015	-4244.331	261.3155	2.260096	0.664938	0.335062	0.9883905
12756	-3990.782	-4252.126	261.3442	2.232168	0.584953	0.415047	0.9876753
12762	-3978.881	-4240.232	261.3501	2.224892	0.786842	0.213158	0.9890541
12768	-3976.619	-4237.887	261.2679	2.180757	0.532292	0.467708	1.109856
12774	-3985.205	-4246.577	261.3719	2.153609	0.732239	0.267761	1.037877
12780	-3978.228	-4239.5	261.272	2.090505	0.697083	0.302917	1.186137
12786	-3977.765	-4239.058	261.293	2.130599	0.688484	0.311516	1.132407
12792	-3968.014	-4229.219	261.2051	1.969511	0.667458	0.332542	1.34174
12798	-3984.576	-4245.898	261.3213	1.971091	0.674525	0.325475	1.24568
12804	-3986.635	-4247.657	261.0218	1.913475	0.726429	0.273571	1.525637
12810	-3988.36	-4249.495	261.1354	1.874014	0.699459	0.300541	1.469966
12816	-3989.812	-4251.247	261.4353	2.065309	0.704074	0.295926	1.061607
12822	-3993.282	-4254.714	261.4323	2.188955	0.714454	0.285546	0.9409833
12828	-3984.004	-4245.298	261.2932	2.279108	0.621707	0.378293	0.9917177
12834	-3982.681	-4244.049	261.3681	2.385689	0.725051	0.274949	0.782609
12840	-3998.05	-4258.776	260.7261	1.753785	0.628885	0.371115	1.849561
12846	-4008.027	-4268.687	260.6599	1.743138	0.77417	0.22583	1.901998
12852	-3984.343	-4245.551	261.2088	2.185758	0.671931	0.328069	1.158214
12858	-3978.264	-4239.639	261.3752	2.168806	0.809939	0.190061	1.019866
12864	-3975.052	-4236.346	261.2945	2.168806	0.650915	0.349085	1.096429
12870	-3979.547	-4240.899	261.352	2.123716	0.661121	0.338879	1.084925
12876	-3978.205	-4239.514	261.3086	2.139293	0.805611	0.194389	1.110533
12882	-3975.418	-4236.699	261.2811	2.089844	0.721966	0.278034	1.178799
12888	-3980.907	-4242.161	261.2535	2.117689	0.690874	0.309126	1.178621
12894	-3978.342	-4239.586	261.2437	2.041741	0.619742	0.380258	1.251524
12900	-3992.94	-4254.389	261.4489	2.147701	0.675748	0.324252	0.9669221
12906	-3991.213	-4252.604	261.3909	2.213827	0.640981	0.359019	0.9584958
12912	-3976.228	-4237.594	261.3659	2.098768	0.800971	0.199029	1.095122
12918	-3977.747	-4239.153	261.4063	2.053116	0.705475	0.294525	1.099961
12924	-3978.839	-4240.063	261.2237	2.116443	0.64716	0.35284	1.205398
12930	-3977.214	-4238.512	261.2982	2.069863	0.67212	0.32788	1.181372
12936	-3978.301	-4239.719	261.4181	2.071035	0.726001	0.273999	1.072473
12942	-3981.06	-4242.423	261.3624	2.002995	0.798941	0.201059	1.183614
12948	-3990.562	-4251.88	261.3182	2.063853	0.738858	0.261142	1.169164
12954	-3993.341	-4254.623	261.2819	1.996308	0.727653	0.272347	1.257486
12960	-3980.781	-4241.932	261.151	1.996308	0.727653	0.272347	1.363398
12966	-3991.124	-4252.478	261.3536	1.912946	0.656162	0.343838	1.267179
12972	-3980.709	-4241.761	261.0526	1.825369	0.794998	0.205002	1.56796
12978	-3978.454	-4239.451	260.9964	1.800857	0.714804	0.285196	1.626725
12984	-3970.846	-4231.744	260.8976	1.818683	0.708436	0.291564	1.684731
12990	-3985.579	-4246.376	260.797	1.828673	0.636104	0.363896	1.748596
12996	-4001.089	-4262.104	261.0141	1.828673	0.690395	0.309605	1.593672
13002	-3988.533	-4249.553	261.0201	1.790328	0.689103	0.310897	1.617202
13008	-3993.772	-4254.876	261.1039	1.85306	0.669775	0.330225	1.509408
13014	-3984.041	-4245.459	261.4172	2.069602	0.787348	0.212652	1.074653
13020	-3994.613	-4256.036	261.4231	2.092099	0.631792	0.368208	1.047822
13026	-3980.481	-4241.981	261.5	2.05493	0.707589	0.292411	1.009104
13032	-3985.449	-4246.925	261.4762	2.102826	0.622272	0.377728	0.984906
13038	-3987.66	-4248.972	261.3119	2.110976	0.623294	0.376706	1.133062
13044	-3996.481	-4257.798	261.3172	2.026962	0.70706	0.29294	1.201941
13050	-4001.038	-4262.471	261.4331	1.98706	0.63143	0.36857	1.135515
13056	-4016.97	-4278.329	261.3591	1.998596	0.744392	0.255608	1.19027
13062	-4008.7	-4269.628	260.9282	1.948994	0.752744	0.247256	1.568511
13068	-4010.29	-4271.292	261.0025	1.933024	0.822437	0.177563	1.525423
13074	-4003.341	-4264.468	261.1272	1.956515	0.65436	0.34564	1.413057
13080	-3996.512	-4257.784	261.2723	1.956089	0.659268	0.340732	1.29841
13086	-4007.569	-4268.871	261.3025	1.993097	0.769146	0.230854	1.242988
13092	-3988.726	-4249.944	261.2183	2.06943	0.677938	0.322062	1.249612
13098	-3995.3	-4256.508	261.2081	2.02648	0.654271	0.345729	1.293362
13104	-3997.511	-4258.696	261.1852	2.047819	0.725387	0.274613	1.294659
13110	-3986.091	-4247.398	261.3067	2.047819	0.738852	0.261148	1.193071
13116	-3980.376	-4241.667	261.291	1.929716	0.6942	0.3058	1.304692
13122	-3985.884	-4246.916	261.0325	1.903457	0.674448	0.325552	1.525093
13128	-3994.351	-4255.409	261.0579	1.820866	0.674448	0.325552	1.56734
13134	-3995.273	-4256.408	261.1352	1.986241	0.734131	0.265869	1.38373
13140	-3996.241	-4257.463	261.2219	1.954546	0.734131	0.265869	1.340222
13146	-3988.385	-4249.486	261.1005	2.006502	0.519227	0.480773	1.394974
13152	-3992.28	-4253.303	261.0223	1.966307	0.7008	0.2992	1.4857
13158	-3986.223	-4247.186	260.9623	1.875767	0.686303	0.313697	1.597073
13164	-3985.107	-4246.109	261.0013	1.875767	0.709831	0.290169	1.568609
13170	-3985.612	-4246.621	261.0087	1.875767	0.709831	0.290169	1.563191
13176	-3978.196	-4239.242	261.046	1.923469	0.627202	0.372798	1.500061
13182	-3993.484	-4254.535	261.0507	1.952392	0.75663	0.24337	1.474738
13188	-3988.655	-4249.758	261.1027	1.900427	0.682837	0.317163	1.474738
13194	-4000.439	-4261.516	261.0776	1.948765	0.682837	0.317163	1.457096
13200	-3995.888	-4257.181	261.2934	1.953826	0.699191	0.300809	1.283024
13206	-4007.661	-4268.823	261.1619	1.953826	0.751888	0.248112	1.38821
13212	-3991.835	-4252.911	261.0757	1.970912	0.808509	0.191491	1.441605
13218	-4002.762	-4263.896	261.1338	1.992574	0.842739	0.157261	1.379878
13224	-3991.167	-4252.219	261.0527	1.949592	0.784515	0.215485	1.475339
13230	-3984.904	-4246.193	261.289	1.949019	0.749608	0.250392	1.290606
13236	-3991.941	-4253.235	261.2941	1.949019	0.592051	0.407949	1.286393
13242	-3989.798	-4250.943	261.1453	2.014717	0.712198	0.287802	1.353326
13248	-3991.61	-4252.825	261.2151	1.944887	0.748356	0.251644	1.353326
13254	-3984.839	-4245.989	261.1501	1.924936	0.639907	0.360093	1.419762
13260	-3998.276	-4259.391	261.1147	1.954205	0.652296	0.347704	1.424489
13266	-3992.961	-4254.298	261.3374	2.064482	0.702065	0.297935	1.151732
13272	-3993.767	-4254.991	261.2238	2.034889	0.747608	0.252392	1.273679
13278	-3985.151	-4246.409	261.2582	2.120215	0.801791	0.198209	1.17238
13284	-3981.105	-4242.383	261.2776	2.099316	0.756943	0.243057	1.173684
13290	-3988.2	-4249.48	261.2803	2.102193	0.632917	0.367083	1.168793
13296	-3983.804	-4245.109	261.3056	2.087691	0.733948	0.266052	1.159285
13302	-3997.053	-4258.411	261.3582	2.07818	0.691049	0.308951	1.120913
13308	-3979.146	-4240.484	261.3379	2.035045	0.625875	0.374125	1.177137
13314	-3982.223	-4243.561	261.3379	2.035045	0.625875	0.374125	1.177137
13320	-4010.037	-4271.446	261.4094	2.346863	0.663552	0.336448	0.7790754
13326	-4002.246	-4263.626	261.3795	2.376832	0.65767	0.34233	0.7790754
13332	-3996.442	-4257.741	261.2983	2.407599	0.763163	0.236837	0.8446708
13338	-3986.835	-4248.303	261.468	2.213854	0.642063	0.357937	0.8734903
13344	-3990.37	-4251.692	261.3223	2.234366	0.717554	0.282446	1.007375
13350	-3997.193	-4258.568	261.3747	2.214997	0.665478	0.334522	0.9740308
13356	-3984.587	-4245.993	261.4066	2.274466	0.614356	0.385644	0.8744197
13362	-3997.075	-4258.45	261.3755	2.24002	0.614356	0.385644	0.9471605
13368	-3981.431	-4242.791	261.3593	2.295936	0.703491	0.296509	0.9039586
13374	-3988.141	-4249.636	261.4948	2.258742	0.703491	0.296509	0.7829433
13380	-3974.463	-4235.833	261.3693	2.351518	0.615162	0.384838	0.8261677
13386	-3986.287	-4247.613	261.3263	2.423227	0.610815	0.389185	0.7884176
13392	-3994.577	-4255.902	261.3249	2.48787	0.790199	0.209801	0.690391
13398	-3988.853	-4250.194	261.3409	2.464379	0.693417	0.306583	0.7037013
13404	-3978.196	-4239.523	261.3268	2.481956	0.725125	0.274875	0.6976999
13410	-3996.044	-4257.428	261.3841	2.358686	0.649205	0.350795	0.7974865
13416	-3987.034	-4248.403	261.3687	2.358686	0.773597	0.226403	0.8177856
13422	-4003.691	-4265.131	261.4403	2.287057	0.668348	0.331652	0.8177856
13428	-3999.236	-4260.609	261.3729	2.287057	0.7301	0.2699	0.8986102
13434	-3987.367	-4248.738	261.3706	2.30736	0.660107	0.339893	0.8779906
13440	-3991.857	-4253.224	261.3675	2.339258	0.627859	0.372141	0.8436889
13446	-3985.491	-4246.857	261.3657	2.335643	0.703408	0.296592	0.850246
13452	-3993.11	-4254.505	261.3949	2.335643	0.678003	0.321997	0.8136607
13458	-3987.351	-4248.754	261.4035	2.307545	0.683669	0.316331	0.8383516
13464	-3990.94	-4252.365	261.4258	2.285543	0.683669	0.316331	0.8380598
13470	-3972.944	-4234.345	261.4019	2.316938	0.683669	0.316331	0.8287039
13476	-3967.686	-4229.072	261.3856	2.296853	0.679203	0.320797	0.8728345
13482	-3990.505	-4251.84	261.3356	2.321872	0.643539	0.356461	0.9014525
13488	-3986.679	-4248.139	261.4603	2.255642	0.767948	0.232052	0.832332
13494	-3985.184	-4246.665	261.4816	2.234257	0.697742	0.302258	0.832332
13500	-3976.814	-4238.22	261.4055	2.283791	0.69665	0.30335	0.8646758
13506	-3984.124	-4245.531	261.4071	2.301223	0.661753	0.338247	0.8417923
13512	-3993.549	-4254.404	260.8552	1.897578	0.769676	0.230324	1.658669
13518	-3981.598	-4242.382	260.7843	1.875348	0.747064	0.252936	1.724754
13524	-3978.598	-4239.529	260.9307	1.890283	0.664276	0.335724	1.609545
13530	-3982.28	-4243.278	260.9987	2.002182	0.73278	0.26722	1.47641
13536	-3980.952	-4241.882	260.9299	1.921447	0.79102	0.20898	1.587407
13542	-3980.338	-4241.062	260.7247	1.806162	0.664897	0.335103	1.814496
13548	-3980.877	-4241.861	260.9836	1.826877	0.695149	0.304851	1.617154
13554	-3984.024	-4244.687	260.6636	1.71879	0.698969	0.301031	1.915927
13560	-3996.606	-4257.685	261.0788	1.745198	0.64863	0.35137	1.607329
13566	-4012.937	-4273.704	260.7674	1.797812	0.619201	0.380799	1.790745
13572	-4001.754	-4262.753	260.9992	1.705119	0.740669	0.259331	1.693187
13578	-3982.178	-4242.983	260.8046	1.699027	0.663251	0.336749	1.83327
13584	-3999.021	-4259.643	260.6227	1.826241	0.656926	0.343074	1.870733
13590	-3994.844	-4255.592	260.7484	1.67537	0.626323	0.373677	1.887907
13596	-3987.971	-4249.022	261.0516	1.726673	0.714723	0.285277	1.640396
13602	-3980.652	-4241.782	261.1303	1.842248	0.742226	0.257774	1.497719
13608	-3996.643	-4257.585	260.9423	1.825091	0.736264	0.263736	1.648185
13614	-3981.361	-4242.433	261.0725	1.866877	0.662437	0.337563	1.522544
13620	-3992.756	-4253.988	261.2314	1.988049	0.662437	0.337563	1.305691
13626	-3976.279	-4237.524	261.2454	1.948032	0.662437	0.337563	1.326641
13632	-3981.634	-4242.949	261.3143	1.999225	0.620331	0.379669	1.227926
13638	-3975.829	-4237.231	261.4019	2.049031	0.72142	0.27858	1.107746
13644	-3981.851	-4242.956	261.1046	2.003152	0.685726	0.314274	1.394407
13650	-3982.668	-4243.929	261.2613	2.079192	0.660569	0.339431	1.205081
13656	-3976.078	-4237.366	261.2875	2.07766	0.640073	0.359927	1.183887
13662	-3991.109	-4252.383	261.2738	2.061193	0.697978	0.302022	1.20978
13668	-3996.358	-4257.588	261.23	2.041265	0.733249	0.266751	1.263299
13674	-3980.1	-4241.416	261.3155	2.155081	0.717836	0.282164	1.089671
13680	-3996.28	-4257.631	261.3511	2.077282	0.594771	0.405229	1.128174
13686	-3994.825	-4256.202	261.3771	2.149582	0.709308	0.290692	1.036741
13692	-3989.416	-4250.804	261.388	2.1387	0.630894	0.369106	1.036741
13698	-4003.59	-4264.884	261.2944	2.27115	0.721244	0.278756	0.9985129
13704	-3989.546	-4250.992	261.4467	2.258464	0.730419	0.269581	0.8456355
13710	-3994.89	-4256.282	261.3917	2.258464	0.640361	0.359639	0.9095236
13716	-3986.561	-4247.941	261.3796	2.218745	0.641443	0.358557	0.9651093
13722	-3994.184	-4255.415	261.2316	2.184672	0.616936	0.383064	1.138965
13728	-3996.403	-4257.793	261.3906	2.220526	0.703311	0.296689	0.9518075
13734	-4001.756	-4263.142	261.3858	2.201848	0.76017	0.23983	0.9761096
13740	-4004.668	-4265.946	261.2777	2.05798	0.633063	0.366937	1.209183
13746	-3998.395	-4259.665	261.2698	1.968907	0.687206	0.312794	1.290061
13752	-3992.255	-4253.356	261.1012	1.866872	0.725368	0.274632	1.501132
13758	-3982.862	-4243.698	260.8364	1.862588	0.73041	0.26959	1.696953
13764	-3988.984	-4249.936	260.9523	1.862588	0.708041	0.291959	1.613962
13770	-3988.909	-4249.882	260.9732	1.830256	0.636154	0.363846	1.622186
13776	-3996.845	-4257.897	261.0525	2.045907	0.609112	0.390888	1.401701
13782	-3984.425	-4245.564	261.1396	1.938945	0.676218	0.323782	1.417098
13788	-3983.61	-4244.798	261.1872	1.938945	0.676218	0.323782	1.379995
13794	-3995.195	-4256.381	261.1855	2.072168	0.745977	0.254023	1.27451
13800	-3971.833	-4233.114	261.2812	2.059396	0.655182	0.344818	1.204981
13806	-3995.794	-4257.138	261.3446	1.959282	0.688935	0.311065	1.236076
13812	-3988.965	-4250.321	261.3558	2.075999	0.743402	0.256598	1.125069
13818	-3995.647	-4256.95	261.303	2.16267	0.624135	0.375865	1.094236
13824	-3975.764	-4237.068	261.3033	2.078178	0.712031	0.287969	1.169694
13830	-3985.678	-4246.975	261.2971	2.09586	0.602525	0.397475	1.159622
13836	-3974.593	-4235.915	261.3218	2.089395	0.654912	0.345088	1.143449
13842	-3987.99	-4249.312	261.3218	2.089395	0.654912	0.345088	1.143449
13848	-3997.067	-4258.472	261.4046	2.060855	0.703911	0.296089	1.094465
13854	-3993.769	-4255.218	261.4487	2.151952	0.663484	0.336516	0.9627099
13860	-3980.816	-4242.26	261.444	2.15663	0.699885	0.300115	0.9627099
13866	-3987.23	-4248.68	261.4491	2.231422	0.618351	0.381649	0.8750191
13872	-3986.644	-4248.027	261.3822	2.198751	0.792257	0.207743	0.9829767
13878	-3974.496	-4235.913	261.4174	2.227167	0.696421	0.303579	0.9157926
13884	-3983.164	-4244.617	261.453	2.160141	0.774823	0.225177	0.9496142
13890	-3990.748	-4252.222	261.4743	2.199311	0.743255	0.256745	0.8830691
13896	-3993.847	-4255.261	261.4137	2.249293	0.685905	0.314095	0.8951968
13902	-3984.819	-4246.207	261.3881	2.242251	0.66658	0.33342	0.9312283
13908	-3991.46	-4252.816	261.3552	2.281017	0.799251	0.200749	0.9249214
13914	-3975.742	-4237.055	261.3126	2.128075	0.569863	0.430137	1.117036
13920	-3976.824	-4238.245	261.4205	2.040437	0.566671	0.433329	1.098615
13926	-3972.393	-4233.81	261.4177	2.163647	0.697528	0.302472	0.9825383
13932	-3975.64	-4237.049	261.409	2.174245	0.696053	0.303947	0.9806569
13938	-3978.782	-4240.222	261.4394	2.245362	0.742911	0.257089	0.8700182
13944	-3996.796	-4258.173	261.3777	2.336275	0.704329	0.295671	0.8347431
13950	-3995.249	-4256.666	261.4161	2.272911	0.720547	0.279453	0.8650217
13956	-3983.49	-4244.87	261.3793	2.308176	0.721667	0.278333	0.8669008
13962	-4013.275	-4274.361	261.0858	1.830282	0.720344	0.279656	1.539878
13968	-4005.014	-4266.281	261.2671	1.895915	0.720344	0.279656	1.350946
13974	-4016.318	-4277.522	261.2045	1.944058	0.519975	0.480025	1.36241
13980	-4016.345	-4277.292	260.9468	2.01435	0.639068	0.360932	1.506293
13986	-3997.457	-4258.493	261.0363	1.994205	0.626646	0.373354	1.453912
13992	-3988.231	-4249.325	261.0933	1.937243	0.624232	0.375768	1.453912
13998	-3981.73	-4242.697	260.9675	1.858695	0.652898	0.347102	1.605742
14004	-3989.504	-4250.185	260.6814	1.839777	0.603143	0.396857	1.821233
14010	-3985.532	-4246.525	260.9936	1.82812	0.794379	0.205621	1.608955
14016	-3972.539	-4233.43	260.8912	1.878696	0.692991	0.307009	1.64636
14022	-3973.841	-4234.377	260.5365	1.789754	0.609967	0.390033	1.953811
14028	-3983.54	-4243.913	260.3726	1.825357	0.697433	0.302567	2.039419
14034	-3979.436	-4240.099	260.663	1.813403	0.650784	0.349216	1.851986
14040	-3975.571	-4235.852	260.2812	1.778089	0.808697	0.191303	2.130625
14046	-3977.61	-4238.029	260.4192	1.698224	0.65101	0.34899	2.092523
14052	-3996.638	-4257.261	260.6231	1.708644	0.671458	0.328542	1.950125
14058	-3973.748	-4234.138	260.3902	1.722033	0.720353	0.279647	2.09595
14064	-3983.65	-4244.056	260.4069	1.730092	0.635569	0.364431	2.079667
14070	-3989.833	-4250.679	260.8459	1.802914	0.635569	0.364431	1.732388
14076	-3981.001	-4241.669	260.6682	1.802914	0.693584	0.306416	1.855596
14082	-4000.977	-4261.697	260.7196	1.736703	0.693584	0.306416	1.865682
14088	-4001.652	-4262.128	260.476	1.668222	0.690564	0.309436	2.074915
14094	-4007.828	-4268.649	260.8208	1.825539	0.637214	0.362786	1.734114
14100	-4012.609	-4272.641	260.0315	1.603359	0.677388	0.322612	2.402964
14106	-4012.976	-4273.28	260.3035	1.598156	0.679841	0.320159	2.232841
14112	-3994.907	-4255.547	260.6399	1.696068	0.657433	0.342567	1.947307
14118	-3995.488	-4256.162	260.6746	1.735895	0.657433	0.342567	1.896893
14124	-3985.732	-4245.96	260.2276	1.687883	0.666212	0.333788	2.223956
14130	-3992.35	-4253.181	260.8313	1.694926	0.647342	0.352658	1.817716
14136	-3997.836	-4258.3	260.4639	1.615656	0.737277	0.262723	2.117337
14142	-3992.197	-4252.581	260.3834	1.696152	0.755458	0.244542	2.117337
14148	-3985.246	-4246.084	260.8376	1.828355	0.691933	0.308067	1.720319
14154	-3992.493	-4253.512	261.0186	1.899498	0.74737	0.25263	1.538381
14160	-3991.519	-4252.57	261.0506	1.917323	0.657496	0.342504	1.501246
14166	-3996.935	-4257.786	260.8517	1.736864	0.681669	0.318331	1.774499
14172	-3997.126	-4257.82	260.6936	1.780243	0.648744	0.351256	1.853712
14178	-3995.369	-4255.751	260.3819	1.697434	0.657964	0.342036	2.117481
14184	-3988.056	-4248.647	260.5907	1.699076	0.752112	0.247888	1.978289
14190	-4006.405	-4267.318	260.9135	1.735321	0.655475	0.344525	1.732352
14196	-3995.593	-4256.089	260.4955	1.764781	0.730882	0.269118	1.997954
14202	-3988.283	-4249.196	260.9125	1.754235	0.722642	0.277358	1.719751
14208	-3985.312	-4246.015	260.7026	1.809326	0.614467	0.385533	1.827581
14214	-3976.319	-4236.83	260.5111	1.694379	0.61306	0.38694	2.034418
14220	-3987.231	-4247.185	259.9543	1.694186	0.58989	0.41011	2.394374
14226	-3991.28	-4251.731	260.4517	1.682526	0.627056	0.372944	2.081498
14232	-3990.685	-4251.113	260.4281	1.706056	0.668012	0.331988	2.081498
14238	-4002.446	-4263.196	260.7493	1.656632	0.75485	0.24515	1.899975
14244	-3977.318	-4238.131	260.8134	1.784786	0.789068	0.210932	1.767825
14250	-3981.933	-4242.788	260.8554	1.823418	0.671006	0.328994	1.711215
14256	-3979.377	-4240.169	260.7927	1.88467	0.730891	0.269109	1.712298
14262	-3989.644	-4250.413	260.7685	1.905211	0.690092	0.309908	1.714835
14268	-3993.759	-4254.902	261.1438	1.905211	0.659616	0.340384	1.439784
14274	-3988.614	-4249.757	261.1422	1.936407	0.657514	0.342486	1.416997
14280	-3989.981	-4251.196	261.2158	1.938078	0.643346	0.356654	1.358166
14286	-4000.232	-4261.308	261.0764	1.890456	0.684582	0.315418	1.502019
14292	-3993.796	-4254.854	261.058	1.907107	0.684582	0.315418	1.503322
14298	-4013.027	-4273.949	260.9224	1.826965	0.58457	0.41543	1.661084
14304	-3991.871	-4252.868	260.9977	1.800284	0.68338	0.31662	1.626185
14310	-3991.48	-4252.375	260.8951	1.805346	0.68338	0.31662	1.695918
14316	-3987.479	-4248.772	261.2927	1.956775	0.747831	0.252169	1.281234
14322	-3979.032	-4240.066	261.0336	1.891776	0.767573	0.232427	1.532982
14328	-3986.114	-4247.082	260.9678	1.940041	0.697807	0.302193	1.545965
14334	-3997.689	-4258.7	261.0107	1.881685	0.775162	0.224838	1.55733
14340	-3994.665	-4255.856	261.1909	1.880103	0.735601	0.264399	1.422905
14346	-3981.82	-4242.877	261.0577	2.013328	0.676757	0.323243	1.422905
14352	-3980.302	-4241.416	261.1138	1.957194	0.638568	0.361432	1.422905
14358	-3988.838	-4250.017	261.1792	2.011817	0.637224	0.362776	1.328591
14364	-3984.738	-4246.033	261.2954	2.037437	0.663626	0.336374	1.21156
14370	-3998.488	-4259.714	261.2267	1.93343	0.759424	0.240576	1.353199
14376	-3997.091	-4258.352	261.2614	2.03689	0.62685	0.37315	1.24076
14382	-4000.041	-4261.368	261.3268	2.042803	0.659633	0.340367	1.179965
14388	-3998.999	-4260.392	261.3927	2.07498	0.695056	0.304944	1.092363
14394	-3994.2	-4255.587	261.3868	2.161573	0.615354	0.384646	1.015611
14400	-3989.465	-4250.876	261.4102	2.125506	0.615354	0.384646	1.028002
14406	-3982.565	-4243.92	261.3549	2.02109	0.67234	0.32766	1.174443
14412	-3996.001	-4257.314	261.3128	2.096372	0.700126	0.299874	1.145329
14418	-4000.723	-4261.958	261.2348	2.096372	0.677756	0.322244	1.213054
14424	-3996.442	-4257.747	261.3049	2.007426	0.755361	0.244639	1.22895
14430	-3988.639	-4249.727	261.0882	1.91047	0.744687	0.255313	1.478054
14436	-3996.344	-4257.541	261.1978	1.929917	0.698217	0.301783	1.378793
14442	-3999.668	-4260.733	261.0645	1.891496	0.610367	0.389633	1.510118
14448	-4008.106	-4269.158	261.0515	1.954271	0.78428	0.21572	1.472683
14454	-3999.176	-4260.262	261.0856	1.901807	0.763166	0.236834	1.486585
14460	-4000.358	-4261.395	261.0373	1.888238	0.633046	0.366954	1.53281
14466	-3979.779	-4240.994	261.2143	1.851236	0.716807	0.283193	1.427088
14472	-3984.286	-4245.22	260.9343	1.784184	0.639803	0.360197	1.683148
14478	-3990.105	-4251.079	260.9744	1.808178	0.715007	0.284993	1.63729
14484	-3995.948	-4256.784	260.8365	1.698713	0.641545	0.358455	1.811491
14490	-3988.722	-4249.245	260.5222	1.664261	0.726123	0.273877	2.047034
14496	-3982.444	-4242.568	260.1234	1.581142	0.657975	0.342025	2.358875
14502	-3984.823	-4246.005	261.1819	2.001522	0.698969	0.301031	1.334672
14508	-3995.326	-4256.617	261.2911	2.074659	0.678786	0.321214	1.183348
14514	-3986.415	-4247.595	261.1803	2.074659	0.744263	0.255737	1.276686
14520	-3995.666	-4256.896	261.2291	2.025874	0.660909	0.339091	1.276686
14526	-3997.223	-4258.42	261.1966	2.161118	0.630435	0.369565	1.190265
14532	-4011.619	-4272.682	261.0633	1.946656	0.707148	0.292852	1.469565
14538	-3993.61	-4254.551	260.9416	1.922086	0.715082	0.284918	1.578426
14544	-3993.17	-4254.41	261.2405	1.923421	0.743211	0.256789	1.350233
14550	-3991.746	-4252.824	261.0783	1.943538	0.702095	0.297905	1.460541
14556	-3997.646	-4258.723	261.0765	1.89416	0.760068	0.239932	1.499181
14562	-4001.105	-4262.06	260.9551	1.871471	0.760068	0.239932	1.60546
14568	-4006.182	-4266.819	260.6363	1.846129	0.646455	0.353545	1.847865
14574	-3992.428	-4253.302	260.8743	1.831156	0.590399	0.409601	1.692375
14580	-3987.7	-4248.402	260.7012	1.733086	0.682166	0.317834	1.880741
14586	-3999.186	-4260.192	261.006	1.842129	0.766164	0.233836	1.589774
14592	-4002.655	-4263.378	260.7229	1.847936	0.766154	0.233846	1.786846
14598	-3992.157	-4253.126	260.9688	1.82845	0.682943	0.317057	1.626676
14604	-3987.871	-4248.645	260.7743	1.751518	0.683243	0.316757	1.818009
14610	-3984.648	-4245.394	260.7463	1.779562	0.7448	0.2552	1.818009
14616	-3990.866	-4251.55	260.6845	1.725677	0.742658	0.257342	1.897143
14622	-3999.873	-4260.519	260.646	1.733401	0.670544	0.329456	1.917985
14628	-3994.15	-4255.053	260.9029	1.821873	0.676397	0.323603	1.678628
14634	-3991.146	-4252.079	260.9328	1.791983	0.720384	0.279616	1.678628
14640	-3978.3	-4239.032	260.7321	1.740453	0.669205	0.330795	1.854606
14646	-3982.484	-4243.277	260.7926	1.759476	0.651662	0.348338	1.799894
14652	-3989.398	-4250.091	260.6928	1.812175	0.663164	0.336836	1.832367
14658	-3992.866	-4253.704	260.8382	1.762817	0.721847	0.278153	1.765868
14664	-3978.179	-4238.574	260.3952	1.72124	0.750865	0.249135	2.093178
14670	-3983.698	-4244.443	260.7452	1.711355	0.761761	0.238239	1.86554
14676	-3973.362	-4234.017	260.6548	1.77627	0.769442	0.230558	1.882922
14682	-3983.829	-4244.694	260.8651	1.890372	0.823466	0.176534	1.656758
14688	-3981.39	-4242.283	260.8932	1.876272	0.70409	0.29591	1.646664
14694	-3987.41	-4248.269	260.8591	1.850629	0.687666	0.312334	1.689382
14700	-3987.091	-4248.012	260.9209	1.788768	0.766809	0.233191	1.689382
14706	-3988.072	-4248.977	260.9056	1.771701	0.711039	0.288961	1.712287
14712	-4014.603	-4275.368	260.7644	1.902464	0.562346	0.437654	1.719648
14718	-4004.252	-4265.364	261.1113	1.862621	0.562346	0.437654	1.496732
14724	-4012.133	-4273.417	261.2842	1.942521	0.625048	0.374952	1.299818
14730	-4007.784	-4268.879	261.0945	1.942832	0.559393	0.440607	1.448681
14736	-3990.772	-4251.971	261.1993	2.025172	0.752775	0.247225	1.30158
14742	-3989.501	-4250.73	261.2284	1.966099	0.750068	0.249932	1.32577
14748	-3989.435	-4250.796	261.3611	2.133644	0.657472	0.342528	1.067218
14754	-3978.784	-4240.124	261.3393	2.133644	0.773908	0.226092	1.087515
14760	-3980.14	-4241.331	261.1916	2.048511	0.660875	0.339125	1.288908
14766	-3980.44	-4241.511	261.0711	1.91614	0.63858	0.36142	1.486692
14772	-3993.377	-4254.562	261.1847	1.888471	0.660185	0.339815	1.421211
14778	-3987.854	-4248.926	261.0719	1.914818	0.660185	0.339815	1.487123
14784	-3995.031	-4256.185	261.154	1.940563	0.660185	0.339815	1.404629
14790	-3992.542	-4253.675	261.1332	1.911295	0.660185	0.339815	1.443219
14796	-3989.309	-4250.43	261.1207	1.998941	0.693358	0.306642	1.385101
14802	-3998.596	-4259.453	260.8577	2.041218	0.678618	0.321382	1.552516
14808	-3998.132	-4259.048	260.9154	1.946619	0.690288	0.309712	1.579597
14814	-3996.237	-4257.271	261.0342	1.94197	0.738337	0.261663	1.49506
14820	-3999.612	-4260.889	261.2769	2.016838	0.591762	0.408238	1.244603
14826	-3996.793	-4257.909	261.1153	2.016838	0.699554	0.300446	1.3753
14832	-3994.981	-4256.407	261.4259	2.052874	0.706359	0.293641	1.082125
14838	-4004.147	-4265.457	261.3101	2.070828	0.716323	0.283677	1.170141
14844	-4001.626	-4262.956	261.3302	2.040725	0.762688	0.237312	1.178845
14850	-4002.294	-4262.631	260.3373	1.6008	0.691066	0.308934	2.209343
14856	-4004.333	-4264.939	260.6063	1.687426	0.659045	0.340955	1.975596
14862	-3997.921	-4259.155	261.2341	2.022627	0.801544	0.198456	1.275259
14868	-3996.816	-4258.166	261.3497	2.018877	0.801544	0.198456	1.180905
14874	-3992.028	-4253.326	261.2971	2.159747	0.705853	0.294147	1.102299
14880	-3994.994	-4256.289	261.2945	2.031645	0.572472	0.427528	1.217287
14886	-3994.069	-4255.475	261.4061	2.105286	0.619491	0.380509	1.051387
14892	-3995.019	-4256.283	261.2636	2.084916	0.562431	0.437569	1.198192
14898	-4000.187	-4261.442	261.2553	2.00108	0.767235	0.232765	1.275555
14904	-3993.293	-4254.504	261.2112	1.967503	0.723883	0.276117	1.338429
14910	-3986.765	-4247.984	261.2189	1.998936	0.580846	0.419154	1.306971
14916	-3997.973	-4259.231	261.2587	2.035394	0.607024	0.392976	1.244313
14922	-3993.905	-4255.098	261.1936	2.035394	0.634518	0.365482	1.297956
14928	-4006.059	-4267.254	261.1949	1.953054	0.524177	0.475823	1.36285
14934	-4002.751	-4263.864	261.1128	1.908677	0.732206	0.267794	1.460815
14940	-4003.67	-4264.785	261.1152	1.857295	0.675539	0.324461	1.497805
14946	-4003.388	-4264.439	261.0516	1.905959	0.675539	0.324461	1.508961
14952	-3990.465	-4251.634	261.1687	1.912226	0.775148	0.224852	1.415265
14958	-3996.576	-4257.651	261.075	1.870666	0.783675	0.216325	1.517836
14964	-3990.652	-4251.592	260.94	1.889738	0.783675	0.216325	1.603146
14970	-3989.825	-4250.791	260.9664	1.911787	0.610359	0.389641	1.567756
14976	-3979.197	-4240.272	261.0755	1.888877	0.687622	0.312378	1.503899
14982	-3997.222	-4258.264	261.0418	1.873979	0.754185	0.245815	1.540044
14988	-3992.762	-4253.819	261.0572	1.898475	0.798985	0.201015	1.510356
14994	-3993.891	-4254.942	261.0513	1.904412	0.677506	0.322494	1.510356
15000	-3980.793	-4241.955	261.1618	1.879002	0.693499	0.306501	1.446095
15006	-3981.093	-4242.076	260.9837	1.917573	0.701202	0.298798	1.550807
15012	-4006.528	-4267.671	261.1434	1.861791	0.764212	0.235788	1.473141
15018	-3989.156	-4250.365	261.2092	1.865672	0.764212	0.235788	1.419929
15024	-3995.472	-4256.698	261.226	1.943906	0.778133	0.221867	1.345498
15030	-4005.711	-4265.729	260.0183	1.598444	0.697193	0.302807	2.414395
15036	-4014.225	-4274.605	260.3804	1.598444	0.644023	0.355977	2.182975
15042	-3995.443	-4256.831	261.3873	2.175883	0.72911	0.27089	1.000947
15048	-4010.531	-4271.722	261.1912	2.171387	0.72911	0.27089	1.186102
15054	-4009.315	-4270.639	261.3234	2.063014	0.693859	0.306141	1.16539
15060	-4010.701	-4271.975	261.274	2.063014	0.728386	0.271614	1.208046
15066	-4021.496	-4282.928	261.4322	2.114098	0.648425	0.351575	1.017675
15072	-4000.875	-4259.849	258.9745	1.412793	0.688374	0.311626	3.164382
15078	-3992.906	-4252.38	259.4738	1.424152	0.703446	0.296554	2.858164
15084	-4000.736	-4260.42	259.6839	1.467002	0.655919	0.344081	2.703948
15090	-4004.329	-4264.275	259.9459	1.496734	0.722373	0.277627	2.523535
15096	-4004.752	-4264.859	260.107	1.604347	0.722373	0.277627	2.354538
15102	-3995.394	-4256.14	260.7466	1.767073	0.722899	0.277101	1.826397
15108	-4001.152	-4262.008	260.856	1.730815	0.737923	0.262077	1.775762
15114	-3997.974	-4258.482	260.5083	1.717842	0.76771	0.23229	2.020714
15120	-4002.192	-4262.892	260.7003	1.730615	0.80238	0.19762	1.883057
15126	-4011.842	-4272.601	260.7583	1.672527	0.656354	0.343646	1.883057
15132	-3989.125	-4249.757	260.6326	1.741398	0.673594	0.326406	1.921613
15138	-4004.097	-4264.567	260.4702	1.889111	0.774432	0.225568	1.93157
15144	-3992.908	-4254.013	261.1043	1.884505	0.67462	0.32538	1.485513
15150	-4001.391	-4261.749	260.3575	1.700658	0.630033	0.369967	2.131371
15156	-3991.62	-4252.041	260.4219	1.636262	0.682172	0.317828	2.131371
15162	-3991.888	-4252.459	260.571	1.75023	0.755252	0.244748	1.9572
15168	-4017.609	-4278.457	260.8474	1.873251	0.761911	0.238089	1.68161
15174	-4001.226	-4262.33	261.1036	2.002044	0.625262	0.374738	1.396042
15180	-4002.955	-4264.262	261.3068	1.991105	0.642949	0.357051	1.241094
15186	-4003.2	-4264.467	261.267	2.125077	0.614024	0.385976	1.160419
15192	-4007.164	-4268.534	261.3699	2.144063	0.739106	0.260894	1.048925
15198	-3995.585	-4256.943	261.3578	2.169325	0.743266	0.256734	1.03632
15204	-4002.687	-4263.99	261.3023	2.034067	0.680325	0.319675	1.208577
15210	-4012.897	-4274.261	261.3631	2.097071	0.655198	0.344802	1.099302
15216	-3998.516	-4259.948	261.4319	2.106471	0.655198	0.344802	1.025381
15222	-4000.373	-4261.843	261.4699	2.106471	0.65785	0.34215	0.9876123
15228	-3997.553	-4258.88	261.3267	2.077298	0.663993	0.336007	1.14988
15234	-3996.077	-4257.446	261.3689	2.102639	0.621355	0.378645	1.088807
15240	-3993.653	-4255.047	261.3939	2.079295	0.712848	0.287152	1.087301
15246	-3992.469	-4253.918	261.4495	2.022981	0.733373	0.266627	1.087966
15252	-3980.031	-4241.415	261.3839	2.049788	0.639536	0.360464	1.123363
15258	-3992.63	-4253.996	261.3661	2.018466	0.671199	0.328801	1.166925
15264	-3978.794	-4240.126	261.3327	2.052174	0.730677	0.269323	1.166693
15270	-3975.717	-4237.075	261.3586	2.125137	0.671192	0.328808	1.077484
15276	-3972.273	-4233.655	261.382	2.104912	0.636367	0.363633	1.074571
15282	-3981.899	-4243.34	261.4406	2.131564	0.636367	0.363633	0.9918907
15288	-3990.236	-4251.594	261.3582	2.214013	0.68483	0.31517	0.9918907
15294	-4007.837	-4269.158	261.3208	2.230457	0.632501	0.367499	1.012777
15300	-3995.491	-4256.891	261.3997	2.248901	0.632501	0.367499	0.9113193
15306	-3997.202	-4258.601	261.3997	2.248901	0.739764	0.260236	0.9113193
15312	-3991.441	-4252.882	261.4416	2.207012	0.772452	0.227548	0.9113193
15318	-4019.073	-4280.408	261.335	2.2441	0.73032	0.26968	0.9848382
15324	-4008.206	-4269.192	260.9854	1.832981	0.692158	0.307842	1.611394
15330	-4004.791	-4265.834	261.0431	1.98472	0.737053	0.262947	1.455948
15336	-3987.193	-4248.381	261.1874	1.870175	0.708076	0.291924	1.433214
15342	-3995.927	-4257.19	261.2635	1.89766	0.669016	0.330984	1.352444
15348	-3988.286	-4249.247	260.9617	1.851586	0.6843	0.3157	1.615082
15354	-3998.993	-4259.689	260.6961	1.790572	0.766056	0.233944	1.844952
15360	-3992.262	-4253.519	261.2573	1.874653	0.689946	0.310054	1.375436
15366	-3999.671	-4260.803	261.132	1.845759	0.731548	0.268452	1.493862
15372	-3983.105	-4244.314	261.2084	1.848459	0.713593	0.286407	1.433774
15378	-3989.922	-4251.077	261.1548	1.902079	0.777858	0.222142	1.433774
15384	-3990.707	-4251.961	261.2541	1.902079	0.733957	0.266043	1.356323
15390	-4000.978	-4262.188	261.2096	1.917201	0.746235	0.253765	1.379482
15396	-3983.836	-4244.976	261.14	1.983184	0.730365	0.269635	1.382304
15402	-4004.69	-4265.961	261.2719	1.972623	0.683074	0.316926	1.285287
15408	-4002.286	-4263.471	261.1851	1.918476	0.720544	0.279456	1.397631
15414	-3976.12	-4237.251	261.1315	1.842423	0.720544	0.279456	1.496719
15420	-3987.768	-4248.931	261.1633	1.926022	0.701662	0.298338	1.408725
15426	-3988.505	-4249.713	261.2079	1.914259	0.678903	0.321097	1.383134
15432	-3980.846	-4241.968	261.1225	1.964381	0.778735	0.221265	1.410626
15438	-3983.97	-4245.018	261.0481	1.894844	0.767572	0.232428	1.519904
15444	-3979.541	-4240.495	260.9545	1.901336	0.769516	0.230484	1.584145
15450	-3975.22	-4236.13	260.9101	1.958408	0.73764	0.26236	1.574852
15456	-3979.095	-4240.186	261.0906	1.8229	0.675417	0.324583	1.541748
15462	-3974.726	-4235.776	261.0491	1.833908	0.691111	0.308889	1.564251
15468	-3979.497	-4240.414	260.9169	1.84545	0.731147	0.268853	1.651768
15474	-3979.824	-4240.877	261.0527	1.95968	0.61848	0.38152	1.467686
15480	-3997.779	-4259.242	261.4624	2.233054	0.747738	0.252262	0.8573615
15486	-3988.472	-4249.906	261.4344	2.219606	0.771639	0.228361	0.9053289
15492	-3985.174	-4246.552	261.3779	2.36977	0.604808	0.395192	0.7908879
15498	-3984.167	-4245.596	261.4287	2.316093	0.626168	0.373832	0.7947971
15504	-3976.777	-4238.192	261.4146	2.316093	0.680627	0.319373	0.8134961
15510	-3982.124	-4243.585	261.4615	2.271467	0.683547	0.316453	0.8104856
15516	-3996.038	-4257.467	261.429	2.35222	0.766854	0.233146	0.7427197
15522	-3986.597	-4248.026	261.4293	2.35222	0.722986	0.277014	0.7423048
15528	-3985.444	-4246.851	261.407	2.305543	0.760008	0.239992	0.8365759
15534	-3986.065	-4247.51	261.4442	2.258589	0.660224	0.339776	0.8485599
15540	-3969.193	-4230.56	261.3666	2.284	0.639121	0.360879	0.9090998
15546	-3976.899	-4238.334	261.4347	2.195163	0.639121	0.360879	0.9317394
15552	-3994.018	-4255.295	261.2768	2.195163	0.588658	0.411342	1.088478
15558	-4000.504	-4261.861	261.357	2.158187	0.602902	0.397098	1.0478
15564	-4008.005	-4269.38	261.3748	2.149887	0.595702	0.404298	1.038694
15570	-3997.645	-4258.973	261.328	2.149887	0.620938	0.379062	1.0829
15576	-3997.601	-4258.942	261.3406	2.058964	0.757002	0.242998	1.153795
15582	-3980.918	-4242.231	261.3126	2.049596	0.740091	0.259909	1.186427
15588	-3978.762	-4240.041	261.2794	2.082776	0.740091	0.259909	1.186427
15594	-3981.734	-4242.991	261.2569	2.057723	0.717747	0.282253	1.227008
15600	-3990.117	-4251.429	261.3114	2.086803	0.727487	0.272513	1.155005
15606	-4000.91	-4262.144	261.2335	2.036978	0.703555	0.296445	1.263921
15612	-4000.537	-4261.783	261.2457	2.024729	0.62844	0.37156	1.263921
15618	-4000.096	-4261.403	261.3065	2.001659	0.599927	0.400073	1.232499
15624	-3994.455	-4255.667	261.2119	2.001659	0.746247	0.253753	1.310451
15630	-3989.862	-4251.156	261.2943	2.039978	0.575051	0.424949	1.210387
15636	-3989.63	-4250.878	261.2478	2.039978	0.702721	0.297279	1.249538
15642	-3990.911	-4252.139	261.2274	2.072584	0.702721	0.297279	1.239359
15648	-3992.363	-4253.338	260.9752	1.828637	0.768295	0.231705	1.621932
15654	-3992.833	-4254.038	261.2046	1.85471	0.62641	0.37359	1.431913
15660	-3985.754	-4246.876	261.1229	1.901356	0.62641	0.37359	1.458683
15666	-3988.14	-4249.451	261.3109	1.877141	0.619824	0.380176	1.330944
15672	-3985.345	-4246.633	261.2885	1.927331	0.572109	0.427891	1.308579
15678	-3996.914	-4258.161	261.247	2.007817	0.610788	0.389212	1.276788
15684	-3995.31	-4256.514	261.2043	2.011407	0.605835	0.394165	1.308734
15690	-3986.404	-4247.676	261.2722	2.048945	0.593738	0.406262	1.221479
15696	-3986.297	-4247.617	261.3199	2.008611	0.65843	0.34157	1.215275
15702	-3975.561	-4236.88	261.3191	2.009412	0.720756	0.279244	1.215275
15708	-3971.581	-4232.905	261.3242	2.051766	0.762715	0.237285	1.17449
15714	-3967.179	-4228.58	261.4015	2.07174	0.637607	0.362393	1.087248
15720	-3982.943	-4244.296	261.3528	2.194677	0.648246	0.351754	1.016513
15726	-3980.015	-4241.401	261.3859	2.181043	0.701813	0.298187	0.9971148
15732	-3971.048	-4232.468	261.42	2.181043	0.752311	0.247689	0.9623604
15738	-3982.111	-4243.518	261.4069	2.179724	0.662457	0.337543	0.9771947
15744	-3991.068	-4252.508	261.4396	2.041225	0.750671	0.249329	1.080222
15750	-3980.939	-4242.391	261.4518	2.232466	0.755706	0.244294	0.8706726
15756	-3989.639	-4251.051	261.4121	2.305003	0.713399	0.286601	0.8308226
15762	-3998.675	-4260.092	261.4164	2.278419	0.775129	0.224871	0.8581272
15768	-3992.7	-4254.151	261.4516	2.192091	0.788057	0.211943	0.9166719
15774	-3992.353	-4253.832	261.4798	2.166329	0.694687	0.305313	0.9140316
15780	-4003.596	-4264.821	261.2248	2.048843	0.77251	0.22749	1.26133
15786	-3993.314	-4254.541	261.2267	2.075737	0.703844	0.296156	1.237288
15792	-3987.425	-4248.709	261.2832	2.152971	0.694155	0.305845	1.1211
15798	-3980.674	-4241.982	261.3076	2.063303	0.647096	0.352904	1.178867
15804	-3983.952	-4245.191	261.2387	2.067595	0.63022	0.36978	1.234008
15810	-3979.045	-4240.338	261.2922	2.067595	0.636428	0.363572	1.188451
15816	-3981.084	-4242.337	261.2533	2.024291	0.619536	0.380464	1.257985
15822	-3987.308	-4248.562	261.2533	2.024291	0.649472	0.350528	1.257985
15828	-3992.687	-4253.979	261.2921	2.017035	0.715166	0.284834	1.231619
15834	-3986.766	-4248.074	261.3082	1.974232	0.724576	0.275424	1.253957
15840	-3985.671	-4246.953	261.2824	2.187901	0.67826	0.32174	1.089991
15846	-3979.925	-4241.242	261.3166	2.084095	0.689122	0.310878	1.152767
15852	-3996.061	-4257.36	261.2994	2.077683	0.561715	0.438285	1.173505
15858	-3988.203	-4249.521	261.3178	2.066725	0.707925	0.292075	1.167006
15864	-3992.766	-4254.067	261.3015	2.118712	0.675931	0.324069	1.135459
15870	-4004.474	-4265.857	261.3831	1.959473	0.704846	0.295154	1.203322
15876	-3983.137	-4244.494	261.3571	2.021945	0.700221	0.299779	1.171794
15882	-3993.801	-4255.055	261.2545	1.964198	0.694502	0.305498	1.306257
15888	-3996.818	-4257.967	261.1486	2.045467	0.641041	0.358959	1.326122
15894	-3991.905	-4252.966	261.0609	2.035296	0.641041	0.358959	1.403407
15900	-4003.08	-4264.469	261.3894	2.278641	0.614874	0.385126	0.8894437
15906	-3999.283	-4260.716	261.4328	2.235227	0.605258	0.394742	0.8894437
15912	-3989.944	-4251.399	261.4557	2.203801	0.644884	0.355116	0.8991356
15918	-3979.234	-4240.572	261.3373	1.993211	0.639743	0.360257	1.213572
15924	-3984	-4245.213	261.2132	1.957834	0.639743	0.360257	1.344554
15930	-3998.443	-4259.57	261.1266	1.998763	0.653899	0.346101	1.380617
15936	-3999.864	-4261.048	261.184	2.000692	0.73016	0.26984	1.333628
15942	-3989.228	-4250.471	261.2431	2.032632	0.73016	0.26984	1.259562
15948	-3990.904	-4252.267	261.363	2.115602	0.754891	0.245109	1.082282
15954	-3978.402	-4239.81	261.4082	2.143908	0.675204	0.324796	1.011874
15960	-3997.061	-4258.368	261.3074	2.244711	0.593549	0.406451	1.011874
15966	-3988.298	-4249.586	261.2879	2.24465	0.726509	0.273491	1.031028
15972	-3982.403	-4243.741	261.3388	2.200625	0.689074	0.310926	1.024394
15978	-3993.488	-4254.809	261.3215	2.166731	0.773645	0.226355	1.073313
15984	-3996.293	-4257.597	261.3032	2.072378	0.602302	0.397698	1.174808
15990	-3992.415	-4253.8	261.3851	2.058673	0.710068	0.289932	1.114253
15996	-3990.112	-4251.476	261.3647	2.165842	0.747541	0.252459	1.032985
16002	-3989.663	-4251.035	261.3714	2.170196	0.730811	0.269189	1.022252
16008	-3988.646	-4249.989	261.3428	2.190576	0.730811	0.269189	1.030236
16014	-3998.875	-4260.269	261.3944	2.432443	0.718747	0.281253	0.66354
16020	-3996.954	-4257.862	260.9085	1.808941	0.742886	0.257114	1.683899
16026	-4005.925	-4266.928	261.0027	1.796932	0.742886	0.257114	1.624981
16032	-4006.152	-4266.975	260.8237	1.833167	0.714546	0.285454	1.726712
16038	-4018.535	-4279.63	261.0952	2.011109	0.770343	0.229657	1.395499
16044	-3988.957	-4250.304	261.3473	2.059217	0.787111	0.212889	1.147636
16050	-4000.706	-4262.107	261.4011	2.187397	0.747154	0.252846	0.9752864
16056	-3991.45	-4252.903	261.4533	2.219363	0.747551	0.252449	0.8841484
16062	-3998.446	-4259.917	261.4705	2.240205	0.747551	0.252449	0.8387422
16068	-3998.745	-4260.158	261.4126	2.345926	0.711549	0.288451	0.7760109
16074	-4007.124	-4268.498	261.3737	2.365338	0.740232	0.259768	0.8025027
16080	-3995.867	-4257.255	261.3885	2.415328	0.721819	0.278181	0.706206
16086	-3995.798	-4257.189	261.3907	2.441677	0.661179	0.338821	0.6519547
16092	-3990.309	-4251.7	261.3913	2.428673	0.644165	0.355835	0.6771251
16098	-3992.824	-4254.188	261.3635	2.407872	0.652874	0.347126	0.7574188
16104	-3989.14	-4250.54	261.4001	2.394005	0.637608	0.362392	0.7223452
16110	-3998.058	-4258.767	260.7092	1.775015	0.688629	0.311371	1.84661
16116	-3992.668	-4253.058	260.3896	1.728867	0.688629	0.311371	2.091829
16122	-3997.081	-4257.718	260.6362	1.674622	0.58975	0.41025	1.964175
16128	-3983.317	-4243.535	260.2177	1.644018	0.625157	0.374843	2.258537
16134	-3997.666	-4257.712	260.0465	1.539298	0.672574	0.327426	2.433866
16140	-3993.232	-4253.248	260.0166	1.573685	0.711485	0.288515	2.431066
16146	-4008.726	-4268.265	259.5391	1.463408	0.711493	0.288507	2.794632
16152	-3995.731	-4255.707	259.9753	1.514662	0.667074	0.332926	2.494016
16158	-3987.122	-4247.063	259.9415	1.496196	0.648034	0.351966	2.526665
16164	-3993.523	-4253.759	260.236	1.545936	0.67305	0.32695	2.309619
16170	-4007.095	-4267.116	260.0214	1.57899	0.666849	0.333151	2.424709
16176	-4008.337	-4267.991	259.6539	1.459403	0.732435	0.267565	2.726985
16182	-4002.389	-4261.912	259.5228	1.523203	0.706099	0.293901	2.768102
16188	-3989.926	-4250.085	260.1587	1.559095	0.671451	0.328549	2.35043
16194	-3996.982	-4257.683	260.7013	1.627629	0.724865	0.275135	1.951985
16200	-3992.641	-4253.071	260.4303	1.651858	0.705751	0.294249	2.11563
16206	-3998.57	-4258.984	260.4136	1.690469	0.600676	0.399324	2.101302
16212	-3987.581	-4248.325	260.7437	1.625637	0.648431	0.351569	1.924752
16218	-3977.801	-4238.645	260.844	1.752657	0.760037	0.239963	1.768903
16224	-3999.654	-4260.64	260.9867	1.890937	0.772769	0.227231	1.568184
16230	-3982.214	-4243.26	261.0457	1.869211	0.646659	0.353341	1.54071
16236	-3972.593	-4233.502	260.9087	1.847324	0.652321	0.347679	1.656311
16242	-3979.925	-4241.171	261.2466	1.953743	0.752105	0.247895	1.32112
16248	-3991.071	-4252.229	261.158	1.957653	0.685119	0.314881	1.388208
16254	-3997.061	-4258.418	261.3564	2.11394	0.709568	0.290432	1.089896
16260	-3987.679	-4248.925	261.2466	2.090456	0.686758	0.313242	1.20803
16266	-3981.207	-4242.563	261.3565	2.094712	0.644334	0.355666	1.107462
16272	-3982.896	-4244.249	261.3524	2.167819	0.644334	0.355666	1.043019
16278	-3978.742	-4240.195	261.453	2.142558	0.628608	0.371392	0.9679592
16284	-3983.893	-4245.288	261.3954	2.148289	0.658816	0.341184	1.020183
16290	-3990.91	-4252.34	261.4302	2.148289	0.722602	0.277398	0.9855296
16296	-3982.454	-4243.891	261.4373	2.190276	0.722602	0.277398	0.9342036
16302	-3992.652	-4254.076	261.424	2.139039	0.660291	0.339709	1.001095
16308	-4000.614	-4262.078	261.4644	1.970429	0.640924	0.359076	1.12233
16314	-3994.903	-4256.363	261.4607	1.954755	0.637369	0.362631	1.139731
16320	-3981.778	-4242.978	261.2004	1.954755	0.666131	0.333869	1.357132
16326	-3987.168	-4248.225	261.0577	1.873978	0.766645	0.233355	1.528289
16332	-3999.655	-4260.732	261.0774	1.854613	0.77709	0.22291	1.528044
16338	-4002.019	-4263.218	261.1992	1.838377	0.730864	0.269136	1.44856
16344	-4010.228	-4271.257	261.0296	1.836196	0.717069	0.282931	1.576831
16350	-4016.641	-4277.867	261.2261	1.91894	0.702415	0.297585	1.3652
16356	-4017.051	-4278.244	261.1931	1.906293	0.712312	0.287688	1.400871
16362	-4002.358	-4263.499	261.141	1.934306	0.73345	0.26655	1.419553
16368	-3991.926	-4253.024	261.098	1.967625	0.614257	0.385743	1.426994
16374	-3987.128	-4248.337	261.2086	2.020549	0.668429	0.331571	1.297801
16380	-3980.678	-4241.956	261.2785	1.950682	0.752863	0.247137	1.297801
16386	-3972.561	-4233.839	261.2785	1.950682	0.649636	0.350364	1.297801
16392	-3986.702	-4247.924	261.2216	2.14214	0.65774	0.34226	1.1851
16398	-4006.291	-4267.594	261.3037	1.996882	0.736278	0.263722	1.238818
16404	-3978.219	-4239.574	261.3549	2.052673	0.736278	0.263722	1.146699
16410	-4012.782	-4273.762	260.9804	1.846329	0.645875	0.354125	1.605331
16416	-4004.677	-4265.586	260.909	1.862132	0.723849	0.276151	1.645495
16422	-4000.472	-4261.433	260.9609	1.881564	0.670841	0.329159	1.593929
16428	-3998.37	-4259.486	261.1157	1.90742	0.703811	0.296189	1.45954
16434	-3994.321	-4255.645	261.3233	2.114246	0.576242	0.423758	1.119913
16440	-3996.518	-4257.913	261.3952	2.160557	0.633393	0.366607	1.008275
16446	-3998.934	-4260.296	261.3616	2.082767	0.701784	0.298216	1.113706
16452	-3994.503	-4255.514	261.0106	1.903129	0.545941	0.454059	1.541594
16458	-4001.147	-4262.204	261.0566	1.85707	0.633388	0.366612	1.541594
16464	-4003.769	-4264.871	261.1015	1.932935	0.753411	0.246589	1.450909
16470	-4001.441	-4262.742	261.3006	2.032423	0.795442	0.204558	1.21147
16476	-4006.372	-4267.581	261.2084	1.963126	0.808008	0.191992	1.344149
16482	-3992.534	-4253.708	261.1739	2.031286	0.727781	0.272219	1.317193
16488	-3992.972	-4254.187	261.2145	1.99067	0.712645	0.287355	1.317193
16494	-3995.314	-4256.621	261.3072	2.013364	0.767078	0.232922	1.22205
16500	-3987.669	-4248.869	261.1999	1.981585	0.768196	0.231804	1.336252
16506	-3987.861	-4248.971	261.1098	1.937182	0.735513	0.264487	1.441363
16512	-3992.386	-4253.347	260.9608	1.90141	0.704692	0.295308	1.579459
16518	-3995.646	-4256.792	261.1462	2.035434	0.703057	0.296943	1.336131
16524	-4012.203	-4273.105	260.9013	1.858431	0.766028	0.233972	1.653652
16530	-4014.499	-4275.435	260.9365	1.977262	0.624083	0.375917	1.541541
16536	-4004.568	-4265.689	261.1211	1.988197	0.624083	0.375917	1.393198
16542	-3998.436	-4259.563	261.1266	1.982713	0.689773	0.310227	1.393198
16548	-3995.9	-4257.049	261.149	1.928271	0.742849	0.257151	1.41805
16554	-3980.089	-4241.234	261.1457	1.931585	0.700901	0.299099	1.41805
16560	-3989.119	-4250.303	261.1841	1.907112	0.693465	0.306535	1.407298
16566	-3985.53	-4246.568	261.0385	1.897332	0.732204	0.267796	1.525203
16572	-3988.899	-4249.991	261.0919	1.897332	0.62971	0.37029	1.485222
16578	-4001.297	-4262.457	261.1606	1.910629	0.710359	0.289641	1.422745
16584	-4008.861	-4269.153	260.2921	1.586044	0.750095	0.249905	2.247979
16590	-4000.726	-4261.181	260.4555	1.586044	0.584224	0.415776	2.142194
16596	-3989.665	-4250.431	260.7659	1.833163	0.732005	0.267995	1.767192
16602	-3983.472	-4244.504	261.0318	1.875176	0.716392	0.283608	1.546585
16608	-3983.883	-4244.992	261.1088	1.875176	0.716392	0.283608	1.489134
16614	-3986.868	-4247.838	260.9705	1.866193	0.667762	0.332238	1.598122
16620	-3987.949	-4249.239	261.2897	1.981802	0.690332	0.309668	1.263092
16626	-3974.959	-4236.211	261.2522	1.974219	0.687434	0.312566	1.300031
16632	-3969.699	-4230.951	261.2522	1.974219	0.677282	0.322718	1.300031
16638	-3978.67	-4239.868	261.1978	1.811122	0.677282	0.322718	1.470326
16644	-3980.361	-4241.481	261.1202	1.922183	0.66576	0.33424	1.444894
16650	-3984.075	-4245.068	260.9926	1.814914	0.66576	0.33424	1.619264
16656	-3970.42	-4231.228	260.8083	1.846468	0.750267	0.249733	1.728185
16662	-3983.002	-4243.785	260.7834	1.746522	0.773401	0.226599	1.815198
16668	-3984.614	-4245.237	260.6234	1.673387	0.731633	0.268367	1.973602
16674	-3981.496	-4242.293	260.7975	1.820293	0.704886	0.295114	1.754158
16680	-3974.581	-4235.603	261.0223	1.857704	0.732536	0.267464	1.566451
16686	-3977.554	-4238.426	260.8721	1.822495	0.612195	0.387805	1.700093
16692	-3992.698	-4253.72	261.0219	1.911062	0.650112	0.349888	1.527344
16698	-3991.649	-4252.766	261.1166	1.911062	0.605496	0.394504	1.456068
16704	-3991.039	-4252.272	261.2326	2.083681	0.74415	0.25585	1.225631
16710	-3993.224	-4254.551	261.3262	2.148231	0.631208	0.368792	1.086172
16716	-3996.218	-4257.473	261.2548	2.148231	0.629743	0.370257	1.150747
16722	-3979.631	-4240.898	261.2667	2.065034	0.730154	0.269846	1.212509
16728	-3998.973	-4260.254	261.2804	2.051366	0.673306	0.326694	1.212509
16734	-3991.552	-4252.809	261.2566	2.001256	0.732397	0.267603	1.274313
16740	-3986.895	-4248.06	261.1649	2.067873	0.644392	0.355608	1.294867
16746	-3993.881	-4255.243	261.3612	2.064765	0.656988	0.343012	1.130307
16752	-3997.947	-4259.406	261.459	2.263749	0.806454	0.193546	0.8236497
16758	-4003.116	-4264.566	261.4494	2.25539	0.636361	0.363639	0.846116
16764	-4001.754	-4263.192	261.4384	2.223826	0.655253	0.344747	0.8960448
16770	-4000.519	-4261.891	261.3721	2.270423	0.657987	0.342013	0.9179776
16776	-4002.153	-4263.583	261.4309	2.222051	0.688786	0.311214	0.906454
16782	-3992.139	-4253.551	261.412	2.140025	0.728369	0.271631	1.011991
16788	-3995.255	-4256.671	261.4159	2.159097	0.670282	0.329718	0.9890547
16794	-3994.291	-4255.611	261.3197	2.186697	0.670282	0.329718	1.056157
16800	-3988.108	-4249.407	261.2986	2.207848	0.731211	0.268789	1.056157
16806	-3990.908	-4252.35	261.4421	2.178924	0.578307	0.421693	0.9412312
16812	-3989.264	-4250.686	261.4217	2.218908	0.578307	0.421693	0.9200994
16818	-3985.739	-4247.151	261.4123	2.198515	0.786273	0.213727	0.9521304
16824	-3979.998	-4241.409	261.4108	2.221215	0.635871	0.364129	0.9294653
16830	-4002.447	-4263.715	261.2685	1.976934	0.687072	0.312928	1.284494
16836	-3998.095	-4259.364	261.2689	1.976578	0.687072	0.312928	1.284494
16842	-4001.764	-4263.262	261.4976	2.004266	0.654688	0.345312	1.060419
16848	-3999.956	-4261.327	261.3711	2.130837	0.785999	0.214001	1.060419
16854	-3999.631	-4260.995	261.3644	2.079315	0.618368	0.381632	1.114272
16860	-3980.225	-4241.61	261.3856	2.234902	0.668046	0.331954	0.9418597
16866	-3993.381	-4254.715	261.3333	2.093765	0.739055	0.260945	1.129283
16872	-3991.061	-4252.38	261.3195	2.084692	0.739214	0.260786	1.149693
16878	-4001.708	-4262.778	261.07	1.972649	0.673159	0.326841	1.444618
16884	-3991.763	-4252.885	261.1223	1.944655	0.71182	0.28818	1.426028
16890	-3975.817	-4236.809	260.9921	1.900468	0.761975	0.238025	1.557177
16896	-3976.707	-4237.818	261.111	1.85945	0.676088	0.323912	1.499299
16902	-3974.56	-4235.766	261.2063	1.953207	0.642429	0.357571	1.353756
16908	-3975.912	-4237.107	261.1948	2.072704	0.693106	0.306894	1.26637
16914	-3985.007	-4246.319	261.3121	1.847026	0.693106	0.306894	1.35399
16920	-3999.307	-4260.591	261.2837	2.058124	0.591777	0.408223	1.203966
16926	-3993.039	-4254.226	261.1871	2.131319	0.631132	0.368868	1.223804
16932	-4011.003	-4272.21	261.207	2.010422	0.743073	0.256927	1.307311
16938	-3997.452	-4258.797	261.3451	2.008784	0.601637	0.398363	1.193607
16944	-3984.034	-4245.368	261.3334	2.020415	0.719347	0.280653	1.193607
16950	-3984.349	-4245.597	261.2477	2.020415	0.707956	0.292044	1.265846
16956	-3985.421	-4246.687	261.2665	2.035986	0.72318	0.27682	1.237207
16962	-3996.85	-4258.168	261.3181	2.035986	0.781657	0.218343	1.193445
16968	-3997.718	-4258.988	261.2699	1.987826	0.647947	0.352053	1.274397
16974	-4002.342	-4263.816	261.4742	2.011926	0.712338	0.287662	1.075268
16980	-3986.676	-4248.006	261.3299	1.94738	0.696512	0.303488	1.258318
16986	-3985.673	-4247.058	261.3841	1.930034	0.737007	0.262993	1.227439
16992	-3986.095	-4247.387	261.2914	2.041991	0.693149	0.306851	1.21116
16998	-3987.749	-4248.961	261.2118	2.01425	0.659768	0.340232	1.300294
17004	-3990.329	-4251.564	261.2349	2.082788	0.659768	0.340232	1.224473
17010	-3989.902	-4251.099	261.1974	2.062904	0.603029	0.396971	1.272307
17016	-3978.495	-4239.801	261.3062	2.062904	0.714097	0.285903	1.180422
17022	-3983.228	-4244.53	261.3017	1.96321	0.619029	0.380971	1.268471
17028	-3987.231	-4248.446	261.215	2.015825	0.647427	0.352573	1.296468
17034	-3975.521	-4236.647	261.1268	2.048197	0.73692	0.26308	1.341392
17040	-3978.439	-4239.546	261.1078	1.999243	0.658665	0.341335	1.394965
17046	-3988.805	-4250.044	261.239	1.899839	0.584539	0.415461	1.370014
17052	-3985.907	-4246.853	260.9459	1.842617	0.683518	0.316482	1.632983
17058	-3986.52	-4247.571	261.0505	1.89609	0.629732	0.370268	1.517138
17064	-3989.456	-4250.646	261.1904	1.987861	0.651874	0.348126	1.33881
17070	-3994.187	-4255.475	261.2881	2.021135	0.658098	0.341902	1.231583
17076	-3982.314	-4243.63	261.3162	2.007425	0.632248	0.367752	1.219427
17082	-3978.88	-4240.22	261.3407	2.038149	0.648837	0.351163	1.17198
17088	-3975.317	-4236.549	261.2324	2.046959	0.593156	0.406844	1.25659
17094	-3972.596	-4233.903	261.3068	2.053629	0.593156	0.406844	1.187974
17100	-3988.864	-4250.126	261.2616	1.985963	0.532015	0.467985	1.282804
17106	-3988.306	-4249.751	261.4451	2.070148	0.674276	0.325724	1.047742
17112	-4000.797	-4262.232	261.4347	2.291734	0.745545	0.254455	0.8189182
17118	-4010.672	-4272.067	261.3953	2.300117	0.751879	0.248121	0.8574289
17124	-3996.366	-4257.776	261.4096	2.224409	0.718154	0.281846	0.9272622
17130	-3978.882	-4239.922	261.0395	1.841572	0.707292	0.292708	1.565643
17136	-3992.635	-4253.613	260.9779	1.903217	0.728542	0.271458	1.565643
17142	-3982.332	-4243.355	261.0225	1.860811	0.747036	0.252964	1.564011
17148	-3979.066	-4240.205	261.1399	1.876602	0.767768	0.232232	1.464579
17154	-3976.558	-4237.772	261.214	1.981023	0.670239	0.329761	1.325391
17160	-3968.498	-4229.577	261.079	1.994553	0.670239	0.329761	1.420943
17166	-3980.928	-4242.24	261.3115	2.108931	0.687392	0.312608	1.135217
17172	-3968.409	-4229.843	261.4341	2.108931	0.620259	0.379741	1.020845
17178	-3969.076	-4230.487	261.4106	2.159595	0.656868	0.343132	0.9939009
17184	-3986.455	-4247.871	261.4153	2.171337	0.66515	0.33485	0.9771664
17190	-3980.938	-4242.278	261.3398	2.16059	0.692825	0.307175	1.061816
17196	-3984.682	-4246.084	261.4017	2.086607	0.692825	0.307175	1.073196
17202	-3980.912	-4242.291	261.3788	2.03527	0.654559	0.345441	1.140959
17208	-3990.457	-4251.729	261.2728	1.949167	0.620015	0.379985	1.303658
17214	-3976.961	-4238.117	261.1568	1.971493	0.653887	0.346113	1.378331
17220	-3981.205	-4242.393	261.1876	2.108011	0.653887	0.346113	1.243035
17226	-3976.014	-4237.375	261.3616	2.174872	0.754387	0.245613	1.027218
17232	-3979.698	-4240.933	261.2352	2.009958	0.740121	0.259879	1.284739
17238	-3983.306	-4244.504	261.198	2.009958	0.69373	0.30627	1.314958
17244	-3974.259	-4235.453	261.1933	1.977533	0.678223	0.321777	1.344755
17250	-3975.038	-4236.254	261.2161	1.977533	0.678223	0.321777	1.326528
17256	-3973.737	-4234.979	261.2413	1.964018	0.677978	0.322022	1.317113
17262	-3973.373	-4234.657	261.2841	2.053268	0.677978	0.322022	1.207715
17268	-3975.42	-4236.842	261.4227	2.044946	0.658681	0.341319	1.092424
17274	-3982.195	-4243.455	261.2603	2.044946	0.727097	0.272903	1.234956
17280	-3979.912	-4241.214	261.3017	1.998849	0.592112	0.407888	1.238899
17286	-3981.984	-4243.29	261.3066	2.044418	0.592327	0.407673	1.196084
17292	-3983.941	-4245.314	261.3731	2.054984	0.570689	0.429311	1.128385
17298	-3989.38	-4250.701	261.3211	2.054984	0.642844	0.357156	1.174347
17304	-3976.205	-4237.397	261.1915	2.048476	0.642844	0.357156	1.289001
17310	-3978.536	-4239.791	261.2551	1.973318	0.7534	0.2466	1.298375
17316	-3972.275	-4233.636	261.3616	1.973318	0.751916	0.248084	1.209804
17322	-3973.061	-4234.26	261.1992	2.070486	0.723368	0.276632	1.264561
17328	-3976.416	-4237.706	261.2895	2.078145	0.723368	0.276632	1.181736
17334	-3975.394	-4236.723	261.3295	2.078145	0.664282	0.335718	1.146651
17340	-3984.768	-4246.018	261.2507	2.08021	0.722677	0.277323	1.213244
17346	-3979.384	-4240.622	261.2382	2.080049	0.719112	0.280888	1.223993
17352	-3987.828	-4249.035	261.2075	2.036165	0.723926	0.276074	1.285957
17358	-3980.76	-4242.086	261.3254	2.101995	0.723926	0.276074	1.129061
17364	-3989.525	-4250.85	261.3248	2.080775	0.621582	0.378418	1.148477
17370	-3990.927	-4252.399	261.4713	2.134885	0.671816	0.328184	0.956956
17376	-3993.55	-4254.986	261.4361	2.254802	0.697817	0.302183	0.862854
17382	-3991.846	-4253.318	261.4721	2.15108	0.557671	0.442329	0.9389501
17388	-3996.032	-4257.48	261.4484	2.15108	0.607215	0.392785	0.9638956
17394	-3987.565	-4248.925	261.36	2.132923	0.769928	0.230072	1.068897
17400	-3985.424	-4246.788	261.3646	2.05449	0.669016	0.330984	1.136444
17406	-3981.783	-4242.942	261.1587	2.02947	0.705328	0.294672	1.33087
17412	-3979.249	-4240.683	261.4334	2.059242	0.729293	0.270707	1.069156
17418	-4007.714	-4269.083	261.369	2.122387	0.625028	0.374972	1.070347
17424	-3988.808	-4250.192	261.3836	2.126311	0.795029	0.204971	1.052836
17430	-3985.487	-4246.941	261.4534	2.089417	0.748957	0.251043	1.021067
17436	-3985.896	-4247.224	261.3279	2.069367	0.586637	0.413363	1.155774
17442	-3990.076	-4251.255	261.1784	1.844267	0.627339	0.372661	1.459899
17448	-3994.413	-4255.289	260.876	1.821736	0.706592	0.293408	1.697856
17454	-3991.387	-4252.29	260.9022	1.836781	0.660071	0.339929	1.668497
17460	-3989.698	-4250.836	261.1384	1.88492	0.647289	0.352711	1.459427
17466	-4001.763	-4262.781	261.0187	2.059797	0.639484	0.360516	1.417135
17472	-4002.71	-4263.9	261.1904	1.989474	0.639484	0.360516	1.337525
17478	-3997.466	-4258.685	261.2194	1.945199	0.736176	0.263824	1.349669
17484	-3988.829	-4250.035	261.2067	1.962837	0.743427	0.256573	1.345784
17490	-3982.517	-4243.86	261.3428	1.998604	0.796423	0.203577	1.204294
17496	-3987.344	-4248.682	261.3374	2.123678	0.673892	0.326108	1.098439
17502	-4003.629	-4263.768	260.1385	1.659827	0.799496	0.200504	2.299129
17508	-3987.432	-4247.587	260.1548	1.643571	0.719768	0.280232	2.299129
17514	-3984.369	-4244.974	260.6049	1.670918	0.655456	0.344544	1.987626
17520	-3979.933	-4240.791	260.8585	1.80743	0.666029	0.333971	1.720339
17526	-3978.127	-4238.919	260.7921	1.842395	0.729543	0.270457	1.742462
17532	-3980.486	-4241.481	260.9953	1.8986	0.632897	0.367103	1.556246
17538	-3964.699	-4225.64	260.9402	1.886527	0.690138	0.309862	1.605333
17544	-3965.665	-4226.745	261.0807	1.89756	0.674646	0.325354	1.493443
17550	-3975.972	-4236.714	260.7424	1.865994	0.674646	0.325354	1.760677
17556	-3964.887	-4225.865	260.9778	1.876697	0.672938	0.327062	1.585127
17562	-3973.09	-4234.374	261.2846	2.021443	0.69825	0.30175	1.234223
17568	-3972.001	-4233.373	261.3717	2.084458	0.750793	0.249207	1.102969
17574	-3974.579	-4236.007	261.4278	2.05474	0.64136	0.35864	1.078584
17580	-3963.684	-4225.05	261.3652	2.119034	0.635506	0.364494	1.077003
17586	-3966.05	-4227.383	261.3337	2.251434	0.635506	0.364494	0.9787393
17592	-3982.548	-4243.907	261.3583	2.226828	0.635506	0.364494	0.9787393
17598	-3983.242	-4244.579	261.3367	2.226828	0.73113	0.26887	1.000604
17604	-3977.948	-4239.346	261.3985	2.17454	0.74898	0.25102	0.9910137
17610	-3989.718	-4251.034	261.3155	2.111205	0.684169	0.315831	1.129641
17616	-3993.522	-4254.798	261.2763	2.110458	0.717949	0.282051	1.165089
17622	-3983.323	-4244.665	261.3423	2.044387	0.828205	0.171795	1.165089
17628	-3970.524	-4231.889	261.3651	2.109611	0.688307	0.311693	1.085905
17634	-3986.196	-4247.127	260.9308	1.945888	0.692083	0.307917	1.568877
17640	-3991.423	-4252.146	260.7235	1.826114	0.771117	0.228883	1.80159
17646	-3998.074	-4258.785	260.711	1.84425	0.723099	0.276901	1.797658
17652	-3995.757	-4256.701	260.9447	1.968232	0.764629	0.235371	1.542151
17658	-3988.058	-4249.069	261.0108	1.902151	0.705021	0.294979	1.542151
17664	-3978.636	-4239.573	260.9367	1.969346	0.715914	0.284086	1.547276
17670	-3975.856	-4236.73	260.8741	1.905468	0.707758	0.292242	1.639464
17676	-3976.842	-4237.605	260.7625	1.766589	0.7622	0.2378	1.815755
17682	-3987.605	-4248.327	260.7215	1.775167	0.745188	0.254812	1.838056
17688	-3964.882	-4225.714	260.8322	1.822751	0.790773	0.209227	1.728043
17694	-3973.898	-4234.77	260.8717	1.78325	0.668176	0.331824	1.728043
17700	-3963.84	-4224.744	260.9039	1.814494	0.668176	0.331824	1.683224
17706	-3968.752	-4229.599	260.8461	1.822093	0.68351	0.31649	1.71875
17712	-3983.978	-4244.661	260.6836	1.774025	0.690578	0.309422	1.864823
17718	-3995.169	-4256.144	260.9752	1.803846	0.715734	0.284266	1.639807
17724	-3995.852	-4256.484	260.6321	1.804442	0.736404	0.263596	1.879204
17730	-3994.515	-4255.219	260.7036	1.744471	0.797598	0.202402	1.871357
17736	-3987.964	-4248.6	260.6363	1.695547	0.611871	0.388129	1.950033
17742	-3980.193	-4240.457	260.2636	1.593187	0.664328	0.335672	2.261735
17748	-3987.442	-4247.983	260.5411	1.67631	0.631918	0.368082	2.026498
17754	-3986.558	-4247.46	260.9025	1.666832	0.662232	0.337768	1.787923
17760	-3993.013	-4253.845	260.8324	1.691851	0.760987	0.239013	1.819066
17766	-3988.948	-4249.541	260.5929	1.69296	0.577714	0.422286	1.980861
17772	-3990.548	-4251.575	261.0264	1.724559	0.689367	0.310633	1.659928
17778	-3975.372	-4236.247	260.875	1.876051	0.738349	0.261651	1.659928
17784	-3967.509	-4228.501	260.9921	1.876051	0.662542	0.337458	1.57512
17790	-3969.957	-4231.004	261.0471	1.821101	0.639293	0.360707	1.57512
17796	-3992.559	-4253.588	261.0285	1.83971	0.760153	0.239847	1.57512
17802	-3986.041	-4247.045	261.0033	1.819264	0.760153	0.239847	1.608369
17808	-4008.692	-4269.593	260.9004	1.928515	0.672312	0.327688	1.603797
17814	-4000.726	-4261.734	261.0086	1.923234	0.579924	0.420076	1.528178
17820	-4001.189	-4262.466	261.2763	1.931536	0.600456	0.399544	1.315107
17826	-3989.031	-4250.305	261.2744	1.937518	0.823689	0.176311	1.311761
17832	-3984.058	-4245.284	261.2254	1.986511	0.696516	0.303484	1.311761
17838	-3985.107	-4246.477	261.3705	1.98148	0.696516	0.303484	1.19521
17844	-3988.764	-4250.033	261.2683	1.98906	0.669617	0.330383	1.274738
17850	-3989.504	-4250.807	261.3033	2.117216	0.617918	0.382082	1.135146
17856	-3989.649	-4251.027	261.3781	2.268639	0.741798	0.258202	0.913412
17862	-3982.015	-4243.412	261.3966	2.268639	0.741798	0.258202	0.8926875
17868	-3968.777	-4230.193	261.4155	2.26419	0.799346	0.200654	0.876052
17874	-3967.538	-4228.881	261.343	2.224614	0.639192	0.360808	0.9964829
17880	-3978.64	-4240.017	261.3771	2.224614	0.727768	0.272232	0.9616679
17886	-3970.05	-4231.485	261.4354	2.19149	0.600049	0.399951	0.9350028
17892	-3970.989	-4232.323	261.3333	2.160782	0.70269	0.29731	1.067829
17898	-3985.829	-4247.275	261.4459	2.095988	0.702999	0.297001	1.021992
17904	-3983.762	-4245.163	261.4004	2.081694	0.702999	0.297001	1.079072
17910	-3982.082	-4243.363	261.2819	2.215211	0.702999	0.297001	1.064952
17916	-3977.843	-4239.183	261.3399	2.093902	0.833711	0.166289	1.123286
17922	-3978.941	-4240.212	261.2716	2.172575	0.743421	0.256579	1.113881
17928	-3973.111	-4234.438	261.327	2.172575	0.743421	0.256579	1.062639
17934	-3973.687	-4235.049	261.3621	2.203889	0.731129	0.268871	0.9980831
17940	-3983.633	-4244.827	261.1942	2.203889	0.731129	0.268871	1.155122
17946	-3985.025	-4246.186	261.1618	2.028871	0.694058	0.305942	1.328871
17952	-3992.817	-4254.191	261.3745	2.2414	0.814562	0.185438	0.9466892
17958	-3988.768	-4250.184	261.4167	2.208328	0.748982	0.251018	0.9370009
17964	-3986.925	-4248.302	261.3769	2.125314	0.761458	0.238542	1.060134
17970	-4009.915	-4271.268	261.3524	2.109196	0.717701	0.282299	1.097957
17976	-3995.608	-4256.989	261.3813	2.120906	0.717701	0.282299	1.060159
17982	-3979.996	-4241.268	261.2722	2.1391	0.692481	0.307519	1.143409
17988	-3978.429	-4239.842	261.4137	2.112742	0.766386	0.233614	1.036977
17994	-3977.678	-4239.051	261.3733	2.23112	0.701732	0.298268	0.9588093
18000	-3979.391	-4240.714	261.3229	2.140127	0.670405	0.329595	1.096638
18006	-3984.842	-4246.25	261.4076	2.204168	0.702635	0.297365	0.95107
18012	-3990.47	-4251.826	261.3562	2.146028	0.579081	0.420919	1.060082
18018	-3987.757	-4249.212	261.4543	2.146028	0.717384	0.282616	0.9630486
18024	-3986.891	-4248.289	261.3982	2.164052	0.572368	0.427632	1.001865
18030	-3999.626	-4261.046	261.4206	2.153026	0.753488	0.246512	0.990375
18036	-4000.27	-4261.662	261.3922	2.195875	0.698761	0.301239	0.9757197
18042	-4003.895	-4265.271	261.3766	2.074123	0.679442	0.320558	1.107962
18048	-3986.801	-4248.129	261.3287	2.067579	0.700629	0.299371	1.156656
18054	-3986.566	-4247.848	261.2815	2.013585	0.664716	0.335284	1.243421
18060	-3993.058	-4254.22	261.1628	1.985372	0.733933	0.266067	1.362679
18066	-3986.035	-4247.318	261.2837	2.064278	0.651532	0.348468	1.198678
18072	-3984.426	-4245.643	261.2172	2.067905	0.739258	0.260742	1.251803
18078	-3995.801	-4257.007	261.2052	2.099574	0.716055	0.283945	1.235342
18084	-3996.18	-4257.513	261.333	2.169135	0.714726	0.285274	1.060229
18090	-3995.697	-4257.02	261.323	2.023632	0.795291	0.204709	1.199799
18096	-3983.118	-4244.233	261.1144	2.014804	0.778364	0.221636	1.377626
18102	-3979.431	-4240.575	261.1436	1.966852	0.682491	0.317509	1.392319
18108	-3984.56	-4245.75	261.1906	2.003913	0.69826	0.30174	1.325819
18114	-4004.233	-4264.901	260.6675	1.732214	0.693854	0.306146	1.904214
18120	-4008.251	-4269.43	261.179	1.903387	0.67857	0.32143	1.414091
18126	-3991.393	-4252.412	261.0198	2.062642	0.734531	0.265469	1.414091
18132	-3986.137	-4247.197	261.0595	2.023983	0.693798	0.306202	1.413224
18138	-3976.064	-4237.228	261.1643	1.992586	0.655033	0.344967	1.355808
18144	-3979.677	-4240.839	261.1623	2.041396	0.753575	0.246425	1.318407
18150	-3976.304	-4237.528	261.2248	2.057513	0.753575	0.246425	1.25411
18156	-3979.777	-4240.979	261.2019	1.979335	0.594482	0.405518	1.336421
18162	-3985.186	-4246.369	261.1829	2.049783	0.603277	0.396723	1.294913
18168	-3987.15	-4248.339	261.1897	2.019677	0.696695	0.303305	1.313845
18174	-3986.684	-4247.932	261.2478	2.051993	0.748535	0.251465	1.239519
18180	-3980.941	-4242.222	261.281	1.919464	0.638375	0.361625	1.320988
18186	-3995.232	-4256.638	261.4063	1.974156	0.770987	0.229013	1.170575
18192	-3999.729	-4260.167	260.4384	1.60935	0.622979	0.377021	2.138153
18198	-3983.778	-4243.985	260.2076	1.57231	0.648257	0.351743	2.310919
18204	-4003.038	-4264.392	261.3543	2.197783	0.744136	0.255864	1.011941
18210	-3988.749	-4250.064	261.3147	2.038684	0.648922	0.351078	1.194024
18216	-3994.381	-4255.766	261.3854	2.00562	0.651498	0.348502	1.161295
18222	-3982.172	-4243.541	261.3692	1.961054	0.698156	0.301844	1.213802
18228	-3980.823	-4241.999	261.1754	2.049948	0.698156	0.301844	1.300899
18234	-3984.748	-4245.923	261.1754	2.049948	0.698156	0.301844	1.300899
18240	-3995.312	-4256.475	261.1632	1.997244	0.568173	0.431827	1.353
18246	-3987.441	-4248.78	261.3391	1.973377	0.70329	0.29671	1.228864
18252	-3987.335	-4248.72	261.3855	2.010849	0.70329	0.29671	1.156646
18258	-3993.116	-4254.407	261.2908	2.07062	0.765221	0.234779	1.18712
18264	-4013.088	-4273.614	260.5263	1.657292	0.702071	0.297929	2.048925
18270	-3987.597	-4248.119	260.5222	1.645859	0.743405	0.256595	2.059149
18276	-3995.814	-4256.301	260.4869	1.710045	0.701479	0.298521	2.040081
18282	-3988.911	-4249.475	260.5639	1.632998	0.701479	0.298521	2.040081
18288	-3992.342	-4253.154	260.8121	1.802136	0.626754	0.373246	1.756628
18294	-4001.294	-4262.223	260.929	1.78953	0.599189	0.400811	1.683082
18300	-3996.165	-4257.21	261.0453	1.894458	0.666021	0.333979	1.522283
18306	-3994.004	-4255.19	261.1859	1.953317	0.718617	0.281383	1.369743
18312	-4002.634	-4263.736	261.1019	2.031279	0.670733	0.329267	1.374518
18318	-3981.584	-4242.71	261.1252	1.956911	0.675167	0.324833	1.414276
18324	-3986.714	-4247.836	261.1215	1.864848	0.68616	0.31384	1.487406
18330	-4004.707	-4265.678	260.9705	1.944459	0.739154	0.260846	1.540687
18336	-3993.946	-4254.905	260.9586	1.913102	0.637399	0.362601	1.57251
18342	-4000.01	-4260.821	260.8104	1.856051	0.741515	0.258485	1.719958
18348	-4001.637	-4262.257	260.6193	1.817224	0.713986	0.286014	1.879223
18354	-4012.909	-4274.028	261.1192	1.997048	0.726178	0.273822	1.387759
18360	-4007.035	-4268.096	261.0613	1.920221	0.613572	0.386428	1.490985
18366	-3984.298	-4245.471	261.1732	1.948393	0.621486	0.378514	1.383582
18372	-3989.685	-4250.736	261.0509	1.977255	0.621486	0.378514	1.455686
18378	-3996.065	-4257.33	261.265	1.937364	0.621486	0.378514	1.319513
18384	-3990.52	-4251.574	261.0533	1.847418	0.621486	0.378514	1.551194
18390	-4003.232	-4264.017	260.7847	1.744858	0.725422	0.274578	1.815415
18396	-3990.23	-4250.914	260.6833	1.75641	0.626094	0.373906	1.877056
18402	-3988.251	-4248.914	260.6629	1.723605	0.762405	0.237595	1.91315
18408	-3993.935	-4254.606	260.6713	1.715208	0.6654	0.3346	1.91315
18414	-3993.715	-4254.552	260.8371	1.746647	0.706514	0.293486	1.777863
18420	-3986.867	-4247.877	261.0095	1.876307	0.739955	0.260045	1.562188
18426	-3980.88	-4241.841	260.9609	1.924899	0.748006	0.251994	1.562188
18432	-3987.451	-4248.451	261	1.885426	0.638643	0.361357	1.562453
18438	-3986.349	-4247.283	260.9342	1.872757	0.70557	0.29443	1.619698
18444	-3990.272	-4251.311	261.0388	1.825283	0.695605	0.304395	1.578102
18450	-3983.098	-4244.413	261.3147	1.97683	0.695605	0.304395	1.246442
18456	-3989.358	-4250.523	261.1645	2.126952	0.663375	0.336625	1.246442
18462	-3994.961	-4256.305	261.344	2.100476	0.694244	0.305756	1.11357
18468	-3996.091	-4257.32	261.2292	1.908554	0.694244	0.305756	1.370887
18474	-3998.46	-4259.599	261.1393	1.873458	0.596183	0.403817	1.467432
18480	-3999.711	-4260.988	261.2768	1.873458	0.748044	0.251956	1.361057
18486	-4000.888	-4261.874	260.9858	1.994372	0.735556	0.264444	1.492041
18492	-3994.2	-4255.378	261.1779	1.958432	0.756892	0.243108	1.371994
18498	-3996.082	-4257.302	261.2198	1.916597	0.654742	0.345258	1.371994
18504	-4010.335	-4271.607	261.2717	1.957938	0.728646	0.271354	1.297429
18510	-4008.491	-4269.352	260.8613	1.839883	0.647022	0.352978	1.695416
18516	-3995.503	-4256.751	261.2478	1.982235	0.721298	0.278702	1.29712
18522	-4002.972	-4264.189	261.2173	1.995741	0.73586	0.26414	1.310846
18528	-3995.758	-4257.007	261.2487	2.026305	0.633922	0.366078	1.260188
18534	-3993.989	-4255.176	261.1867	2.088229	0.599944	0.400056	1.260188
18540	-3981.12	-4242.343	261.2232	2.088616	0.721076	0.278924	1.229425
18546	-3984.594	-4245.898	261.3035	2.016518	0.721076	0.278924	1.222481
18552	-3978.806	-4240.008	261.202	2.001091	0.721076	0.278924	1.318865
18558	-3989.466	-4250.511	261.0442	1.993516	0.723509	0.276491	1.44843
18564	-4003.227	-4264.349	261.1216	1.916279	0.723509	0.276491	1.448323
18570	-4015.921	-4277.054	261.133	1.914835	0.721527	0.278473	1.44069
18576	-3999.111	-4260.381	261.2696	1.936717	0.615426	0.384574	1.316312
18582	-3992.076	-4253.315	261.2394	2.030911	0.585951	0.414049	1.264011
18588	-3986.864	-4248.063	261.199	1.981999	0.605426	0.394574	1.336607
18594	-3992.354	-4253.492	261.1383	1.99107	0.717821	0.282179	1.377517
18600	-3997.717	-4258.959	261.2419	1.926788	0.717821	0.282179	1.346389
18606	-3979.683	-4240.888	261.2057	1.937088	0.740621	0.259379	1.366959
18612	-3979.466	-4240.557	261.0914	1.958328	0.738207	0.261793	1.439242
18618	-3990.389	-4251.364	260.9752	1.899776	0.724968	0.275032	1.570167
18624	-4004.054	-4265.377	261.3235	2.093435	0.724968	0.275032	1.138398
18630	-3992.395	-4253.79	261.3948	2.144211	0.768977	0.231023	1.024745
18636	-3990.845	-4252.187	261.342	2.225674	0.768977	0.231023	0.9963968
18642	-3981.285	-4242.574	261.2891	2.152415	0.646081	0.353919	1.116322
18648	-3995.493	-4256.871	261.3788	2.038167	0.736889	0.263111	1.138352
18654	-3989.529	-4250.632	261.1033	1.973602	0.646386	0.353614	1.418354
18660	-3988.931	-4250.086	261.155	1.911505	0.785261	0.214739	1.426322
18666	-3994.468	-4255.615	261.1468	1.884714	0.776375	0.223625	1.453195
18672	-3977.293	-4238.503	261.21	1.922269	0.728051	0.271949	1.375185
18678	-3989.819	-4250.972	261.1536	1.989817	0.683429	0.316571	1.36647
18684	-3983.508	-4244.633	261.1255	2.017905	0.720565	0.279435	1.36647
18690	-3993.438	-4254.697	261.2588	1.956225	0.659008	0.340992	1.309275
18696	-3991.837	-4253.279	261.4419	2.021003	0.665788	0.334212	1.096799
18702	-3988.659	-4249.9	261.2406	2.056906	0.7589	0.2411	1.241391
18708	-3983.114	-4244.441	261.3273	2.046342	0.712645	0.287355	1.176489
18714	-3996.814	-4258.043	261.2292	2.055212	0.725002	0.274998	1.252385
18720	-3991.405	-4252.644	261.2394	2.039773	0.605766	0.394234	1.2567
18726	-3998.629	-4259.947	261.3181	2.089	0.605766	0.394234	1.147109
18732	-3998.798	-4260.071	261.2729	2.090933	0.749879	0.250121	1.184982
18738	-3992.807	-4254.132	261.3252	2.090933	0.716369	0.283631	1.139104
18744	-3993.975	-4255.305	261.3296	2.152949	0.614524	0.385476	1.078562
18750	-3991.043	-4252.471	261.4277	2.258127	0.614524	0.385476	0.86888
18756	-3999.619	-4261.028	261.4087	2.297928	0.639194	0.360806	0.8437716
18762	-3997.044	-4258.477	261.4323	2.298429	0.586628	0.413372	0.8134511
18768	-3997.825	-4259.222	261.3969	2.270007	0.710702	0.289298	0.8907072
18774	-3985.83	-4247.25	261.4195	2.270007	0.697447	0.302553	0.8644392
18780	-3983.458	-4244.848	261.3905	2.341647	0.693233	0.306767	0.8115678
18786	-3986.609	-4247.971	261.3616	2.404316	0.73563	0.26437	0.7654159
18792	-4004.513	-4265.865	261.3523	2.404316	0.73563	0.26437	0.7785764
18798	-3993.425	-4254.789	261.3634	2.341184	0.755593	0.244407	0.8463349
18804	-3987.531	-4248.89	261.3589	2.296147	0.755593	0.244407	0.9040918
18810	-3980.181	-4241.544	261.3627	2.321021	0.665796	0.334204	0.8713183
18816	-3980.265	-4241.649	261.3838	2.304026	0.584327	0.415673	0.8664656
18822	-3992.646	-4253.914	261.2679	2.151044	0.636402	0.363598	1.136615
18828	-3985.699	-4246.881	261.1824	2.172233	0.743079	0.256921	1.192902
18834	-3989.447	-4250.744	261.2967	2.047193	0.749265	0.250735	1.20212
18840	-3997.428	-4258.673	261.245	1.991879	0.774091	0.225909	1.291482
18846	-3997.857	-4259.138	261.2812	2.020336	0.714632	0.285368	1.238043
18852	-3977.567	-4238.854	261.2871	2.062941	0.723733	0.276267	1.196882
18858	-3978.332	-4239.655	261.3232	2.133786	0.733409	0.266591	1.102195
18864	-3988.106	-4249.268	261.1623	1.987848	0.72298	0.27702	1.361091
18870	-3983.703	-4244.965	261.2618	1.987848	0.620841	0.379159	1.2811
18876	-3981.063	-4242.35	261.2877	2.087547	0.670791	0.329209	1.175119
18882	-3999.449	-4260.791	261.3419	2.062726	0.632691	0.367309	1.149347
18888	-3989.067	-4250.271	261.2034	2.062726	0.742396	0.257604	1.267509
18894	-3979.036	-4240.346	261.3099	2.196903	0.642126	0.357874	1.055818
18900	-3981.655	-4242.929	261.2739	2.204025	0.598067	0.401933	1.082911
18906	-3989.164	-4250.455	261.2918	2.113195	0.593699	0.406301	1.148952
18912	-3994.842	-4256.152	261.3103	2.114645	0.738232	0.261768	1.131205
18918	-3990.344	-4251.807	261.4635	2.161779	0.746477	0.253523	0.93672
18924	-3985.564	-4246.808	261.2434	2.162861	0.780798	0.219202	1.147857
18930	-3979.721	-4241.032	261.3111	2.162861	0.608504	0.391496	1.086567
18936	-3978.663	-4240.038	261.3746	2.132776	0.618522	0.381478	1.055225
18942	-3978.123	-4239.589	261.4659	2.088441	0.707838	0.292162	1.00971
18948	-3979.301	-4240.661	261.3598	2.049655	0.577914	0.422086	1.145032
18954	-3977.219	-4238.606	261.387	2.149021	0.666081	0.333919	1.027667
18960	-3989.884	-4251.043	261.1588	2.083348	0.741955	0.258045	1.287206
18966	-3991.606	-4252.773	261.1669	2.078862	0.751363	0.248637	1.284212
18972	-3996.48	-4257.697	261.2172	2.013375	0.744984	0.255016	1.296666
18978	-4002.733	-4263.994	261.2608	1.969758	0.622387	0.377613	1.296666
18984	-4007.826	-4269.029	261.2028	1.894619	0.711531	0.288469	1.402475
18990	-3989.838	-4250.877	261.0391	1.949481	0.732188	0.267812	1.485727
18996	-3981.517	-4242.674	261.157	1.893653	0.706302	0.293698	1.438556
19002	-3989.721	-4250.942	261.2208	1.893653	0.693496	0.306504	1.389136
19008	-3982.461	-4243.881	261.4205	1.952467	0.714076	0.285924	1.177086
19014	-3980.203	-4241.525	261.3227	2.050239	0.714076	0.285924	1.177086
19020	-3987.723	-4248.987	261.2642	1.961541	0.660318	0.339682	1.300607
19026	-4000.447	-4261.838	261.3909	2.096134	0.688351	0.311649	1.074412
19032	-3981.33	-4242.718	261.3883	2.07925	0.680676	0.319324	1.092507
19038	-3988.378	-4249.688	261.31	2.020758	0.729507	0.270493	1.213402
19044	-4005.187	-4266.517	261.3297	2.176935	0.735761	0.264239	1.055948
19050	-4015.54	-4277.03	261.4903	2.06025	0.64188	0.35812	1.013461
19056	-3998.868	-4260.26	261.3918	2.158746	0.63786	0.36214	1.013461
19062	-4001.786	-4263.093	261.3073	2.131536	0.685152	0.314848	1.118749
19068	-3995.083	-4256.528	261.4442	2.051267	0.687816	0.312184	1.06655
19074	-3995.223	-4256.332	261.1091	2.008171	0.617541	0.382459	1.386994
19080	-3992.763	-4253.877	261.1141	1.873462	0.696121	0.303879	1.486453
19086	-3996.964	-4258.011	261.0465	1.865635	0.69893	0.30107	1.542736
19092	-4008.406	-4269.676	261.2702	1.865635	0.523089	0.476911	1.372404
19098	-3982.566	-4243.725	261.1584	1.857238	0.797982	0.202018	1.465207
19104	-4013.219	-4274.44	261.221	1.957819	0.7818	0.2182	1.338318
19110	-3994.355	-4255.606	261.2515	2.062592	0.632427	0.367573	1.227456
19116	-4000.638	-4261.964	261.3255	2.02312	0.632427	0.367573	1.19809
19122	-4002.299	-4263.607	261.308	1.89982	0.764036	0.235964	1.315054
19128	-4007.628	-4268.951	261.3236	1.95614	0.659813	0.340187	1.256215
19134	-3984.655	-4245.952	261.2977	1.982022	0.659813	0.340187	1.256215
19140	-3979.94	-4241.199	261.2591	1.998178	0.712154	0.287846	1.274783
19146	-3982.11	-4243.23	261.1203	1.952144	0.712154	0.287846	1.421762
19152	-3981.048	-4242.297	261.2486	1.919381	0.732227	0.267773	1.346985
19158	-3975.274	-4236.194	260.9203	1.920373	0.732227	0.267773	1.595229
19164	-3987.999	-4249.079	261.0795	1.946691	0.597084	0.402916	1.457231
19170	-3982.985	-4244.261	261.2758	1.946691	0.613674	0.386326	1.303219
19176	-3983.459	-4244.687	261.2283	1.994179	0.786916	0.213084	1.303219
19182	-3988.109	-4249.198	261.0889	1.898688	0.730301	0.269699	1.486421
19188	-3994.015	-4255.106	261.091	1.942133	0.679364	0.320636	1.451954
19194	-3987.371	-4248.549	261.1782	1.918122	0.683671	0.316329	1.403259
19200	-3976.945	-4238.117	261.1724	1.947642	0.618933	0.381067	1.384817
19206	-3984.543	-4245.928	261.3847	2.118765	0.791613	0.208387	1.058906
19212	-3983.631	-4244.8	261.1688	2.034753	0.726032	0.273968	1.31856
19218	-3976.449	-4237.687	261.2379	1.937715	0.726032	0.273968	1.340925
19224	-3991.229	-4252.454	261.2245	1.96318	0.649773	0.350227	1.331306
19230	-3996.96	-4258.035	261.0751	1.969328	0.770843	0.229157	1.443331
19236	-3994.957	-4256.214	261.2571	1.906296	0.70087	0.29913	1.350601
19242	-3991.394	-4252.627	261.2331	2.0741	0.532559	0.467441	1.2333
19248	-3998.748	-4259.885	261.1371	1.923479	0.743184	0.256816	1.430927
19254	-3999.116	-4260.539	261.4223	2.229351	0.672493	0.327507	0.9079413
19260	-3990.784	-4252.187	261.4021	2.229351	0.597299	0.402701	0.9300838
19266	-3978.407	-4239.761	261.3545	2.258913	0.693291	0.306709	0.9493347
19272	-3976.131	-4237.52	261.3889	2.245801	0.735799	0.264201	0.92652
19278	-3991.668	-4253.086	261.4178	2.254345	0.728824	0.271176	0.884753
19284	-3991.571	-4252.978	261.4067	2.37122	0.706952	0.293048	0.7476937
19290	-3985.971	-4247.332	261.361	2.347043	0.82428	0.17572	0.8420987
19296	-3987.171	-4248.534	261.3632	2.349974	0.73198	0.26802	0.8357103
19302	-3991.681	-4253.13	261.4487	2.249687	0.650483	0.349517	0.8538634
19308	-3996.636	-4258.104	261.4685	2.212489	0.675122	0.324878	0.8744829
19314	-3991.735	-4253.015	261.2793	2.081252	0.810054	0.189946	1.187856
19320	-3992.168	-4253.493	261.3252	2.081252	0.792786	0.207214	1.147675
19326	-3981.751	-4243.152	261.4008	2.081252	0.716537	0.283463	1.07903
19332	-3991.201	-4252.608	261.4069	2.075236	0.680571	0.319429	1.07903
19338	-3988.049	-4249.354	261.305	2.071269	0.618778	0.381222	1.174192
19344	-3976.271	-4237.664	261.3937	2.123054	0.618778	0.381222	1.046323
19350	-3984.906	-4246.284	261.3779	2.121664	0.649005	0.350995	1.062613
19356	-3990.766	-4252.157	261.3912	2.121664	0.750217	0.249783	1.050016
19362	-3992.232	-4253.646	261.4136	2.078715	0.634878	0.365122	1.069504
19368	-3966.687	-4228.002	261.3149	2.01353	0.634878	0.365122	1.215322
19374	-3978.063	-4239.361	261.2988	2.057127	0.702074	0.297926	1.191799
19380	-3985.909	-4247.134	261.2249	2.021977	0.722576	0.277424	1.283319
19386	-3985.276	-4246.606	261.3294	2.0624	0.784561	0.215439	1.160642
19392	-3986.126	-4247.537	261.4117	2.050237	0.694809	0.305191	1.097655
19398	-3993.261	-4254.674	261.413	2.050237	0.778887	0.221113	1.09645
19404	-3998.668	-4260.025	261.3571	2.235512	0.70041	0.29959	0.9710968
19410	-3997.589	-4258.734	261.1444	1.945282	0.616087	0.383913	1.408417
19416	-4001.853	-4263.317	261.4634	2.01305	0.693542	0.306458	1.084239
19422	-3981.006	-4242.28	261.2739	2.097545	0.768953	0.231047	1.178433
19428	-3979.194	-4240.385	261.1918	1.955815	0.693011	0.306989	1.363132
19434	-3979.516	-4240.867	261.3515	1.984985	0.615957	0.384043	1.208525
19440	-3998.368	-4259.729	261.361	2.013791	0.635318	0.364682	1.175474
19446	-3994.299	-4255.634	261.3352	2.069031	0.660457	0.339543	1.149675
19452	-3988.049	-4249.428	261.379	2.069031	0.685062	0.314938	1.110401
19458	-3986.202	-4247.645	261.443	2.176627	0.678329	0.321671	0.94279
19464	-3989.133	-4250.56	261.4272	2.231769	0.678329	0.321671	0.8997634
19470	-3988.665	-4250.075	261.4104	2.231769	0.661838	0.338162	0.9183839
19476	-3986.196	-4247.661	261.4646	2.252405	0.661838	0.338162	0.8309077
19482	-3983.279	-4244.695	261.4161	2.214735	0.708887	0.291113	0.9307464
19488	-3978.464	-4239.907	261.4423	2.214735	0.708887	0.291113	0.9019499
19494	-4004.581	-4265.938	261.3575	2.229541	0.784438	0.215562	0.9768012
19500	-4003.517	-4264.881	261.3637	2.145249	0.655942	0.344058	1.053736
19506	-4009.43	-4270.829	261.3989	2.146557	0.608273	0.391727	1.018461
19512	-4000.84	-4262.181	261.3406	2.21195	0.654647	0.345353	1.011521
19518	-3985.388	-4246.746	261.3579	2.259971	0.739116	0.260884	0.9445778
19524	-3983.568	-4244.956	261.3875	2.191068	0.683666	0.316334	0.9854135
19530	-3987.36	-4248.748	261.3875	2.191068	0.702467	0.297533	0.9854135
19536	-3994.02	-4255.357	261.3362	2.221354	0.698388	0.301612	1.006525
19542	-3997.942	-4259.248	261.3059	2.18997	0.698388	0.301612	1.066135
19548	-4011.743	-4273.153	261.4097	2.116231	0.607705	0.392295	1.037491
19554	-3991.262	-4252.702	261.4399	2.261754	0.607705	0.392295	0.8499024
19560	-3990.018	-4251.369	261.3507	2.143398	0.653435	0.346565	1.067837
19566	-3982.871	-4244.253	261.3824	2.11161	0.668718	0.331282	1.067837
19572	-3974.787	-4236.233	261.4462	2.118689	0.652678	0.347322	0.9992093
19578	-3985.443	-4246.865	261.422	2.050607	0.674393	0.325607	1.087791
19584	-3985.955	-4247.33	261.3749	2.064023	0.730375	0.269625	1.118647
19590	-3994.206	-4255.585	261.3786	2.071722	0.606364	0.393636	1.108326
19596	-3980.217	-4241.59	261.3721	2.016679	0.710613	0.289387	1.163246
19602	-3991.559	-4252.874	261.3157	1.984964	0.721481	0.278519	1.238809
19608	-4001.808	-4263.227	261.4191	1.970962	0.617892	0.382108	1.162142
19614	-3998.036	-4259.373	261.3371	1.906294	0.576258	0.423742	1.286192
19620	-3995.84	-4256.813	260.9733	1.768384	0.690958	0.309042	1.66657
19626	-3995.838	-4256.533	260.6946	1.750494	0.757748	0.242252	1.873333
19632	-3998.673	-4259.473	260.8	1.750494	0.683399	0.316601	1.800954
19638	-4010.966	-4271.596	260.6305	1.685649	0.721865	0.278135	1.960607
19644	-3992.2	-4252.797	260.5972	1.764119	0.674186	0.325814	1.930173
19650	-3995.165	-4255.687	260.5213	1.717427	0.758269	0.241731	2.012301
19656	-4002.924	-4263.389	260.4651	1.768901	0.758269	0.241731	2.01548
19662	-4003.232	-4263.8	260.5677	1.569878	0.688127	0.311873	2.079288
19668	-4008.256	-4268.62	260.3643	1.667504	0.665904	0.334096	2.14852
19674	-3996.71	-4257.921	261.2111	1.941604	0.7223	0.2777	1.35908
19680	-3994.962	-4256.124	261.1614	1.991336	0.647548	0.352452	1.35908
19686	-3985.243	-4246.527	261.2841	1.95831	0.713747	0.286253	1.287034
19692	-4002.515	-4263.877	261.3619	1.903722	0.643434	0.356566	1.267899
19698	-3992.093	-4253.241	261.1479	1.907763	0.643434	0.356566	1.434652
19704	-4004.002	-4265.392	261.3897	1.901419	0.631812	0.368188	1.246728
19710	-4003.845	-4263.913	260.0683	1.589109	0.739337	0.260663	2.388713
19716	-3989.393	-4249.779	260.3857	1.640574	0.739337	0.260663	2.152127
19722	-3997.698	-4258.159	260.4612	1.709275	0.614407	0.385593	2.057594
19728	-3991.117	-4251.62	260.5036	1.643738	0.614407	0.385593	2.072806
19734	-4000.108	-4260.363	260.2556	1.581508	0.614407	0.385593	2.274363
19740	-3990.35	-4250.955	260.605	1.659254	0.720774	0.279226	1.995312
19746	-4015.306	-4275.486	260.1801	1.659254	0.565539	0.434461	2.2729
19752	-3999.606	-4260.238	260.6321	1.756983	0.713687	0.286313	1.911409
19758	-4006.517	-4267.202	260.6855	1.778307	0.600801	0.399199	1.860556
19764	-3987.635	-4248.4	260.7654	1.764834	0.76414	0.23586	1.814951
19770	-3985.85	-4246.915	261.0645	1.86694	0.783758	0.216242	1.528456
19776	-3998.145	-4259.373	261.2275	1.96463	0.817975	0.182025	1.327677
19782	-3993.543	-4254.289	260.7457	1.847832	0.733207	0.266793	1.771056
19788	-3981.983	-4242.919	260.9365	1.807119	0.650069	0.349931	1.665218
19794	-3995.675	-4256.564	260.8897	1.774128	0.636355	0.363645	1.721839
19800	-4002.891	-4264.152	261.2615	2.052632	0.691852	0.308148	1.227465
19806	-3989.217	-4250.376	261.1592	2.117143	0.631471	0.368529	1.259031
19812	-3983.653	-4244.455	260.8025	1.976999	0.674886	0.325114	1.639519
19818	-3996.219	-4257.189	260.9699	1.810694	0.72675	0.27325	1.638723
19824	-3992.28	-4253.205	260.9258	1.818282	0.609119	0.390881	1.664862
19830	-4000.082	-4261.232	261.1501	1.952031	0.609119	0.390881	1.398746
19836	-3987.66	-4248.792	261.1318	1.957922	0.766499	0.233501	1.408411
19842	-3975.724	-4237.001	261.2773	2.061876	0.720556	0.279444	1.206187
19848	-3991.466	-4252.481	261.0152	2.014379	0.720556	0.279444	1.454665
19854	-3981.986	-4243.215	261.2292	1.997761	0.705614	0.294386	1.299606
19860	-3972.348	-4233.59	261.2424	2.084616	0.677264	0.322736	1.216539
19866	-3964.141	-4225.428	261.2869	2.08992	0.677264	0.322736	1.173695
19872	-3969.885	-4231.183	261.2983	2.07852	0.719184	0.280816	1.173695
19878	-3974.319	-4235.624	261.3048	2.102569	0.693415	0.306585	1.146919
19884	-3988.988	-4250.249	261.2607	2.060665	0.740941	0.259059	1.221292
19890	-3992.677	-4254.022	261.3453	2.10775	0.70464	0.29536	1.105798
19896	-3992.193	-4253.549	261.3558	2.074098	0.70464	0.29536	1.126763
19902	-3983.762	-4245.032	261.2701	2.077319	0.70464	0.29536	1.199133
19908	-3971.782	-4232.986	261.2039	2.086048	0.70464	0.29536	1.247774
19914	-3980.105	-4241.428	261.3227	1.965248	0.604315	0.395685	1.249443
19920	-3977.163	-4238.235	261.0726	1.986152	0.754317	0.245683	1.432345
19926	-3984.965	-4246.025	261.0605	1.942925	0.677843	0.322157	1.474466
19932	-3982.956	-4244.07	261.1145	2.000112	0.759274	0.240726	1.38906
19938	-3980.958	-4242.331	261.3733	2.094858	0.695934	0.304066	1.091971
19944	-3977.937	-4239.306	261.3694	2.098733	0.733669	0.266331	1.091971
19950	-3968.366	-4229.791	261.4255	2.098733	0.690709	0.309291	1.039114
19956	-3982.054	-4243.444	261.3897	2.248025	0.614764	0.385236	0.9232797
19962	-3977.764	-4239.216	261.4518	2.227935	0.706047	0.293953	0.8759576
19968	-3988.386	-4249.829	261.4429	2.230874	0.706047	0.293953	0.8828604
19974	-3986.42	-4247.822	261.4024	2.183335	0.677926	0.322074	0.9781251
19980	-3973.935	-4235.401	261.4668	2.230466	0.652842	0.347158	0.8551988
19986	-3974.836	-4236.17	261.3337	2.358393	0.652842	0.347158	0.8613845
19992	-3979.834	-4241.263	261.4296	2.351273	0.676386	0.323614	0.7432768
19998	-3969.425	-4230.908	261.4829	2.278132	0.638428	0.361572	0.7723993
20004	-3984.834	-4246.131	261.2976	2.470803	0.638428	0.361572	0.7618368
20010	-3993.786	-4255.268	261.4818	2.171156	0.54059	0.45941	0.9064133
20016	-3984.845	-4246.252	261.4073	2.164662	0.703221	0.296779	0.992125
20022	-4001.129	-4262.541	261.4127	2.199935	0.726499	0.273501	0.9501233
20028	-3996.983	-4258.407	261.4239	2.11512	0.729934	0.270066	1.02476
20034	-3999.192	-4260.566	261.3733	2.056676	0.699727	0.300273	1.126743
20040	-3980.793	-4242.131	261.338	2.075189	0.699727	0.300273	1.141715
20046	-3983.389	-4244.765	261.3757	2.104927	0.666585	0.333415	1.080355
20052	-3980.008	-4241.444	261.4358	2.072028	0.695635	0.304365	1.054814
20058	-3985.347	-4246.743	261.3958	2.064311	0.678436	0.321564	1.099367
20064	-3993.151	-4254.461	261.3099	2.10443	0.672469	0.327531	1.140659
20070	-3978.188	-4239.512	261.3243	2.10443	0.642349	0.357651	1.127797
20076	-3981.757	-4243.122	261.3655	2.015257	0.681719	0.318281	1.170276
20082	-3976.008	-4237.349	261.3409	2.064431	0.747382	0.252618	1.148668
20088	-3981.105	-4242.429	261.3235	2.166091	0.646377	0.353623	1.072037
20094	-3985.241	-4246.574	261.333	2.156541	0.642214	0.357786	1.072037
20100	-3978.915	-4240.242	261.3263	2.095452	0.565127	0.434873	1.134042
20106	-4002.457	-4263.755	261.2984	2.123407	0.53331	0.46669	1.134042
20112	-3989.586	-4250.819	261.2333	1.922699	0.674472	0.325528	1.356533
20118	-3974.416	-4235.616	261.1997	1.956266	0.736017	0.263983	1.356533
20124	-3980.386	-4241.591	261.2048	2.007651	0.677333	0.322667	1.311376
20130	-4005.072	-4266.3	261.2283	2.100208	0.630888	0.369112	1.21529
20136	-3996.773	-4258.047	261.2734	2.229092	0.736097	0.263903	1.05984
20142	-4003.106	-4264.574	261.4683	2.292302	0.736097	0.263903	0.77303
20148	-3991.764	-4253.181	261.4165	2.344114	0.732046	0.267954	0.77303
20154	-3991.184	-4252.548	261.3639	2.379319	0.695578	0.304422	0.7969792
20160	-4003.488	-4264.751	261.2626	1.987882	0.561471	0.438529	1.280359
20166	-3991.08	-4252.208	261.1283	1.976367	0.63051	0.36949	1.396791
20172	-3988.637	-4249.918	261.2805	2.085892	0.622652	0.377348	1.182767
20178	-3981.928	-4243.238	261.31	2.111174	0.703994	0.296006	1.134596
20184	-3973.964	-4235.318	261.3543	2.08414	0.727786	0.272214	1.119101
20190	-3982.289	-4243.693	261.4046	2.002381	0.672034	0.327966	1.147193
20196	-3985.808	-4247.099	261.2903	1.964078	0.778697	0.221303	1.277161
20202	-3988.069	-4249.402	261.3332	1.964078	0.678432	0.321568	1.241577
20208	-3987.897	-4249.215	261.3188	2.127557	0.675438	0.324562	1.11192
20214	-3986.927	-4248.286	261.3583	2.169985	0.675438	0.324562	1.035178
20220	-3981.379	-4242.819	261.4405	2.101441	0.616143	0.383857	1.021911
20226	-3983.553	-4245.095	261.5427	2.084245	0.616143	0.383857	0.9349104
20232	-3979.329	-4240.653	261.3236	2.123958	0.73766	0.26234	1.110807
20238	-3976.269	-4237.695	261.4261	2.123958	0.688596	0.311404	1.013909
20244	-3990.217	-4251.629	261.4118	2.023191	0.688596	0.311404	1.1222
20250	-3995.168	-4256.444	261.2755	2.090647	0.635894	0.364106	1.183032
20256	-3987.21	-4248.207	260.9972	2.03573	0.674312	0.325688	1.452039
20262	-4001.201	-4262.431	261.2298	1.868091	0.639677	0.360323	1.402102
20268	-3992.499	-4253.374	260.8754	1.818386	0.637406	0.362594	1.700677
20274	-4003.514	-4264.416	260.9016	1.879382	0.675052	0.324948	1.638416
20280	-3994.645	-4255.515	260.8695	1.80234	0.706375	0.293625	1.716146
20286	-4008.216	-4269.089	260.8731	1.841212	0.726809	0.273191	1.686066
20292	-3993.838	-4254.214	260.3768	1.643711	0.70154	0.29846	2.155906
20298	-3990.938	-4250.866	259.9279	1.739843	0.70154	0.29846	2.382172
20304	-3999.903	-4259.612	259.7092	1.525166	0.628226	0.371774	2.652632
20310	-4008.743	-4268.7	259.9568	1.582301	0.70312	0.29688	2.463201
20316	-4010.697	-4270.783	260.086	1.677085	0.713481	0.286519	2.321628
20322	-3979.627	-4240.387	260.7601	1.753113	0.660804	0.339196	1.826663
20328	-3992.915	-4253.805	260.89	1.936632	0.65567	0.34433	1.605431
20334	-3987.171	-4247.998	260.8273	1.838525	0.685549	0.314451	1.720396
20340	-3988.496	-4249.535	261.0392	1.790919	0.737408	0.262592	1.602914
20346	-3977.711	-4238.83	261.119	1.855289	0.715235	0.284765	1.496482
20352	-3985.791	-4246.589	260.7977	1.911739	0.692058	0.307942	1.689556
20358	-3997.921	-4258.684	260.7629	1.76707	0.740177	0.259823	1.815132
20364	-3996.011	-4256.836	260.8254	1.795731	0.761464	0.238536	1.751813
20370	-3988.062	-4249.193	261.1307	1.908668	0.587864	0.412136	1.447136
20376	-3984.366	-4245.591	261.2252	2.061073	0.627175	0.372825	1.250835
20382	-3987.207	-4248.38	261.1735	2.035664	0.674616	0.325384	1.313974
20388	-3985.868	-4247.052	261.1842	2.017043	0.729422	0.270578	1.320369
20394	-3982.874	-4243.871	260.9969	2.037402	0.598268	0.401732	1.451062
20400	-3989.088	-4249.974	260.8864	1.951999	0.598268	0.401732	1.596886
20406	-3980.986	-4242.01	261.0239	1.903721	0.657641	0.342359	1.531322
20412	-4000.277	-4261.752	261.4748	2.101876	0.758373	0.241627	0.9873359
20418	-4012.332	-4273.652	261.3208	2.249708	0.651707	0.348293	0.9935552
20424	-3983.053	-4244.456	261.4035	2.192089	0.725225	0.274775	0.9679325
20430	-3975.48	-4236.881	261.4015	2.192089	0.744453	0.255547	0.9700081
20436	-3989.415	-4250.685	261.2697	2.173388	0.68013	0.31987	1.1149
20442	-3982.984	-4244.344	261.3603	2.160383	0.627927	0.372073	1.042509
20448	-3979.468	-4240.932	261.4639	2.223469	0.756387	0.243613	0.8670553
20454	-3983.92	-4245.279	261.3589	2.328382	0.698604	0.301396	0.8670553
20460	-3980.411	-4241.802	261.3912	2.328873	0.73166	0.26834	0.8270497
20466	-3983.487	-4244.837	261.3503	2.3397	0.73166	0.26834	0.8639072
20472	-3984.942	-4246.378	261.4366	2.306283	0.671379	0.328621	0.7974067
20478	-3993.994	-4255.416	261.4213	2.274887	0.700786	0.299214	0.8564443
20484	-3994.603	-4256.014	261.4108	2.293676	0.676507	0.323493	0.8464056
20490	-3981.153	-4242.595	261.4413	2.24791	0.72445	0.27555	0.8647916
20496	-3983.018	-4244.483	261.4647	2.224516	0.643058	0.356942	0.8647916
20502	-3981.875	-4243.311	261.4356	2.207712	0.589784	0.410216	0.9171757
20508	-3977.795	-4239.239	261.4435	2.199807	0.683243	0.316757	0.9171757
20514	-3980.841	-4242.281	261.4399	2.18549	0.683243	0.316757	0.9366007
20520	-3982.097	-4243.436	261.339	2.189823	0.682484	0.317516	1.034632
20526	-3994.203	-4255.573	261.3698	2.151994	0.663348	0.336652	1.041498
20532	-3997.408	-4258.863	261.4547	2.067065	0.700197	0.299803	1.041498
20538	-3983.438	-4244.816	261.3784	2.173389	0.746276	0.253724	1.01224
20544	-3979.327	-4240.771	261.4437	2.220813	0.680488	0.319512	0.8934716
20550	-3995.854	-4257.297	261.4437	2.220813	0.704075	0.295925	0.8934716
20556	-4007.213	-4268.661	261.4485	2.216887	0.793946	0.206054	0.8925173
20562	-3999.419	-4260.79	261.3703	2.263482	0.65829	0.34171	0.9275183
20568	-3996.022	-4257.397	261.375	2.325075	0.741487	0.258513	0.8518174
20574	-3995.939	-4257.262	261.3232	2.38706	0.716405	0.283595	0.8393239
20580	-4016.678	-4278.061	261.3837	2.252693	0.740619	0.259381	0.9246984
20586	-4004.182	-4265.565	261.3837	2.252693	0.748334	0.251666	0.9246984
20592	-3996.983	-4258.404	261.4212	2.252028	0.583688	0.416312	0.8835506
20598	-3984.486	-4245.834	261.3483	2.252028	0.712475	0.287525	0.963074
20604	-3986.993	-4248.27	261.2768	2.142208	0.618571	0.381429	1.136551
20610	-3988.783	-4250.063	261.2796	2.117968	0.668031	0.331969	1.155545
20616	-3982.25	-4243.519	261.2694	2.01494	0.790257	0.209743	1.252445
20622	-3980.391	-4241.804	261.4131	2.01494	0.626825	0.373175	1.12845
20628	-3993.15	-4254.513	261.3635	2.243856	0.596196	0.403804	0.9557456
20634	-4014.929	-4276.327	261.3978	2.250863	0.596196	0.403804	0.9112099
20640	-3989.137	-4250.507	261.3696	2.279136	0.722386	0.277614	0.9112099
20646	-3985.223	-4246.663	261.4397	2.20777	0.79287	0.20713	0.9125437
20652	-3981.396	-4242.787	261.3907	2.203628	0.667537	0.332463	0.9693173
20658	-3976.308	-4237.7	261.3918	2.112656	0.667537	0.332463	1.057969
20664	-3977.206	-4238.575	261.3695	2.147197	0.712622	0.287378	1.046345
20670	-3979.134	-4240.517	261.3828	2.197447	0.712622	0.287378	0.9836695
20676	-3987.705	-4249.009	261.3034	2.091105	0.609463	0.390537	1.158217
20682	-3983.979	-4245.146	261.1678	2.109206	0.733615	0.266385	1.25854
20688	-3987.131	-4248.574	261.443	2.162806	0.66348	0.33652	0.9572995
20694	-3981.679	-4243.063	261.3834	2.162806	0.66348	0.33652	1.017717
20700	-3994.173	-4255.409	261.2357	2.083683	0.66348	0.33652	1.22304
20706	-3990.971	-4252.309	261.3382	2.057664	0.6811	0.3189	1.157021
20712	-3986.28	-4247.618	261.3383	2.050414	0.694933	0.305067	1.163322
20718	-4000.56	-4261.783	261.2226	2.007758	0.762785	0.237215	1.296822
20724	-4007.253	-4268.439	261.1855	2.044871	0.677085	0.322915	1.296822
20730	-3998.262	-4259.512	261.2494	1.911591	0.629871	0.370129	1.352551
20736	-3994.57	-4255.694	261.1243	1.906206	0.59765	0.40235	1.453917
20742	-3987.66	-4248.792	261.1318	1.896163	0.716624	0.283376	1.455897
20748	-3983.11	-4244.085	260.975	1.84533	0.674032	0.325968	1.609994
20754	-3988.297	-4249.526	261.2294	1.941008	0.686205	0.313795	1.345059
20760	-3964.976	-4226.219	261.2428	1.955032	0.672443	0.327557	1.323105
20766	-3982.913	-4244.183	261.2699	1.896855	0.697378	0.302622	1.347974
20772	-3991.318	-4252.283	260.9651	1.845394	0.79058	0.20942	1.617136
20778	-4003.307	-4264.454	261.147	1.85896	0.753497	0.246503	1.47254
20784	-3996.6	-4257.795	261.1944	1.942682	0.706816	0.293184	1.371405
20790	-4008.687	-4269.881	261.1944	1.942682	0.68791	0.31209	1.371405
20796	-3981.413	-4242.64	261.2271	1.977414	0.583135	0.416865	1.317723
20802	-3979.726	-4241.013	261.2876	2.202977	0.579469	0.420531	1.071125
20808	-3977.615	-4238.919	261.3039	2.227332	0.685619	0.314381	1.032334
20814	-3976.464	-4237.814	261.3498	2.238128	0.794428	0.205572	0.9758849
20820	-4001.065	-4262.403	261.3378	2.148557	0.658718	0.341282	1.075049
20826	-3979.481	-4240.923	261.442	2.175362	0.651175	0.348825	0.9451547
20832	-3989.906	-4251.172	261.2663	2.131652	0.764069	0.235931	1.155211
20838	-3976.787	-4238.044	261.2567	2.06895	0.770751	0.229249	1.217702
20844	-3978.965	-4240.202	261.2366	1.97695	0.653304	0.346696	1.310473
20850	-3988.025	-4249.287	261.2617	2.000726	0.704917	0.295083	1.270561
20856	-3983.46	-4244.693	261.2329	1.933084	0.762133	0.237867	1.34854
20862	-3976.043	-4237.405	261.3624	2.085453	0.740354	0.259646	1.110511
20868	-3986.866	-4248.2	261.3339	2.141167	0.729711	0.270289	1.085563
20874	-3982.371	-4243.702	261.3306	2.050375	0.619423	0.380577	1.170083
20880	-3987.812	-4249.227	261.4153	2.141616	0.67088	0.32912	1.007163
20886	-4005.76	-4267.066	261.3061	2.113553	0.590753	0.409247	1.135979
20892	-3999.688	-4260.97	261.282	2.10007	0.699817	0.300183	1.169161
20898	-4002.991	-4264.256	261.2649	2.021554	0.710029	0.289971	1.250663
20904	-3988.719	-4250.022	261.3026	2.035646	0.710029	0.289971	1.206965
20910	-3999.463	-4260.647	261.1849	1.995269	0.702675	0.297325	1.337295
20916	-3995.333	-4256.56	261.2271	1.987448	0.747168	0.252832	1.309644
20922	-3986.136	-4247.34	261.2041	1.962635	0.747168	0.252832	1.348016
20928	-3978.561	-4239.824	261.263	1.912008	0.747168	0.252832	1.341407
20934	-3987.094	-4248.346	261.2519	1.943108	0.639806	0.360194	1.325364
20940	-3993.276	-4254.48	261.2041	1.95022	0.776887	0.223113	1.357814
20946	-3990.706	-4252.029	261.323	2.036862	0.704725	0.295275	1.188396
20952	-3994.393	-4255.694	261.3001	2.155897	0.726185	0.273815	1.103078
20958	-3998.025	-4259.419	261.3938	2.275882	0.647001	0.352999	0.8875994
20964	-3990.886	-4252.296	261.4095	2.260109	0.712002	0.287998	0.8875994
20970	-3991.683	-4253.136	261.4533	2.246147	0.692186	0.307814	0.8525282
20976	-3993.734	-4255.147	261.413	2.294773	0.583157	0.416843	0.8424053
20982	-3997.887	-4259.297	261.41	2.236054	0.699307	0.300693	0.9141301
20988	-3974.497	-4235.919	261.4219	2.212624	0.695855	0.304145	0.9267671
20994	-3970.138	-4231.528	261.3902	2.299371	0.629288	0.370712	0.8643659
21000	-3976.376	-4237.756	261.3802	2.347952	0.598422	0.401578	0.8167615
21006	-3973.126	-4234.525	261.3993	2.34584	0.667572	0.332428	0.7943327
21012	-3969.313	-4230.692	261.3784	2.315326	0.697037	0.302963	0.8594062
21018	-3974.925	-4236.313	261.3878	2.230593	0.697037	0.302963	0.9440656
21024	-3966.735	-4228.092	261.3573	2.157669	0.715352	0.284648	1.048026
21030	-3968.322	-4229.681	261.3595	2.138395	0.662227	0.337773	1.064179
21036	-3977.585	-4238.878	261.2934	2.089151	0.705985	0.294015	1.168758
21042	-3990.29	-4251.679	261.3894	2.089151	0.742491	0.257509	1.082305
21048	-3994.589	-4255.842	261.2532	2.096625	0.746301	0.253699	1.197082
21054	-3994.289	-4255.369	261.0798	1.915684	0.712325	0.287675	1.480475
21060	-3989.347	-4250.188	260.8414	1.894562	0.584354	0.415646	1.670657
21066	-3999.5	-4260.338	260.8382	1.895045	0.715936	0.284064	1.672605
21072	-3991.202	-4252.626	261.4235	2.158344	0.603748	0.396252	0.9820721
21078	-3997.607	-4258.991	261.3839	2.140616	0.630391	0.369609	1.038831
21084	-3985.359	-4246.743	261.3839	2.140616	0.685147	0.314853	1.038831
21090	-3994.358	-4255.731	261.373	2.140616	0.702009	0.297991	1.049307
21096	-3992.59	-4253.959	261.3692	2.149564	0.702009	0.297991	1.044344
21102	-3998.993	-4260.319	261.3251	2.193664	0.720378	0.279622	1.044344
21108	-3991.668	-4253.053	261.3851	2.197356	0.68965	0.31035	0.9815088
21114	-3992.956	-4254.319	261.3633	2.235109	0.475972	0.524028	0.9650705
21120	-3991.83	-4253.192	261.3615	2.252118	0.475972	0.524028	0.949133
21126	-3991.486	-4252.866	261.3802	2.252118	0.832997	0.167003	0.9291593
21132	-4003.353	-4264.758	261.4053	2.309607	0.579033	0.420967	0.8335185
21138	-3986.332	-4247.72	261.3877	2.348721	0.619156	0.380844	0.8060529
21144	-3991.267	-4252.711	261.4438	2.307167	0.66412	0.33588	0.786383
21150	-3983.083	-4244.436	261.3528	2.132622	0.66412	0.33588	1.075951
21156	-3989.344	-4250.662	261.3183	2.08527	0.622223	0.377777	1.150276
21162	-3991.504	-4252.945	261.4412	2.091951	0.623087	0.376913	1.030519
21168	-4008.691	-4270.099	261.4083	2.095146	0.618716	0.381284	1.058945
21174	-3986.712	-4248.1	261.3875	2.260056	0.699746	0.300254	0.9124542
21180	-3989.653	-4251.102	261.4492	2.188389	0.699746	0.300254	0.9234496
21186	-3996.633	-4257.944	261.3102	2.199441	0.697381	0.302619	1.053042
21192	-3992.413	-4253.817	261.4044	2.08941	0.710887	0.289113	1.068109
21198	-3983.452	-4244.784	261.3327	2.21722	0.75054	0.24946	1.014061
21204	-3997.795	-4259.209	261.4137	2.266568	0.618455	0.381545	0.8752962
21210	-3991.541	-4252.936	261.3943	2.266568	0.605859	0.394141	0.8975814
21216	-3999.321	-4260.782	261.4607	2.271893	0.657161	0.342839	0.8110305
21222	-4002.585	-4263.995	261.4096	2.287705	0.655577	0.344423	0.8551778
21228	-3992.818	-4254.188	261.3699	2.266095	0.696569	0.303431	0.9250986
21234	-3993.413	-4254.661	261.2479	2.620636	0.70095	0.29905	0.535392
21240	-4006.585	-4267.814	261.2289	2.639639	0.68193	0.31807	0.535392
21246	-3998.648	-4259.832	261.1838	2.687039	0.68193	0.31807	0.4931619
21252	-3996.157	-4257.41	261.2524	2.618511	0.794631	0.205369	0.5021833
21258	-3995.141	-4256.408	261.2671	2.603015	0.609087	0.390913	0.4798231
21264	-4000.708	-4261.903	261.1944	2.673968	0.749227	0.250773	0.536902
21270	-4001.711	-4262.912	261.2004	2.669278	0.785764	0.214236	0.5252165
21276	-4000.623	-4261.823	261.2003	2.669278	0.785764	0.214236	0.5268654
21282	-3992.365	-4253.694	261.3293	2.523153	0.617213	0.382787	0.6023995
21288	-3990.658	-4251.97	261.3124	2.523153	0.617213	0.382787	0.6449711
21294	-3992.373	-4253.712	261.3394	2.510961	0.74185	0.25815	0.6082898
21300	-4001.881	-4263.236	261.3542	2.495106	0.70746	0.29254	0.6113918
21306	-4009.023	-4270.332	261.3095	2.545872	0.618276	0.381724	0.5935579
21312	-3995.17	-4256.457	261.2866	2.570009	0.699753	0.300247	0.5896407
21318	-3991.903	-4253.222	261.3187	2.523989	0.69159	0.30841	0.6284894
21324	-3997.024	-4258.286	261.2621	2.565102	0.704886	0.295114	0.6628159
21330	-3989.473	-4250.757	261.2839	2.552854	0.704238	0.295762	0.6423812
21336	-3985.823	-4247.204	261.3813	2.467611	0.709584	0.290416	0.6123752
21342	-3993.12	-4254.598	261.478	2.161559	0.709804	0.290196	0.9213106
21348	-3986.227	-4247.61	261.3825	2.219978	0.701754	0.298246	0.9607901
21354	-3980.036	-4241.323	261.2871	2.229113	0.662991	0.337009	1.046802
21360	-3995.532	-4256.944	261.4123	2.229113	0.606426	0.393574	0.9192486
21366	-3987.029	-4248.433	261.4031	2.230705	0.706586	0.293414	0.9275135
21372	-3985.638	-4247.023	261.3854	2.185728	0.744295	0.255705	0.9928933
21378	-3972.302	-4233.774	261.4717	2.103216	0.744295	0.255705	0.9890908
21384	-3979.65	-4241.083	261.4327	2.137122	0.669872	0.330128	0.9942336
21390	-3990.298	-4251.82	261.5221	2.018598	0.669872	0.330128	1.023167
21396	-3985.726	-4247.082	261.3563	2.095379	0.651444	0.348556	1.107026
21402	-3980.141	-4241.401	261.2607	2.098527	0.651444	0.348556	1.188999
21408	-3978.344	-4239.631	261.2871	2.07209	0.697021	0.302979	1.188999
21414	-3984.109	-4245.394	261.2842	2.146153	0.785829	0.214171	1.126331
21420	-3979.284	-4240.634	261.3496	2.126243	0.662846	0.337154	1.084812
21426	-3979.161	-4240.575	261.4135	2.194099	0.681122	0.318878	0.955463
21432	-3986.805	-4248.204	261.3993	2.139028	0.674644	0.325356	1.025423
21438	-3993.147	-4254.539	261.392	2.247611	0.68254	0.31746	0.9212256
21444	-3995.767	-4257.151	261.3836	2.201182	0.663496	0.336504	0.979076
21450	-4001.325	-4262.765	261.4401	2.137126	0.774828	0.225172	0.9867594
21456	-3983.846	-4245.229	261.383	2.137126	0.721792	0.278208	1.043103
21462	-3990.289	-4251.535	261.2461	2.240623	0.691511	0.308489	1.074746
21468	-4004.665	-4265.897	261.2322	2.180618	0.684698	0.315302	1.142059
21474	-3976.253	-4237.564	261.3116	2.160961	0.701818	0.298182	1.087897
21480	-3987.37	-4248.747	261.3775	2.11097	0.647322	0.352678	1.073114
21486	-3983.811	-4245.215	261.404	2.084446	0.688194	0.311806	1.073114
21492	-3975.535	-4236.85	261.3146	2.084446	0.690949	0.309051	1.154231
21498	-3978.443	-4239.796	261.3529	2.088844	0.693057	0.306943	1.116059
21504	-3979.536	-4240.894	261.3578	2.11777	0.694668	0.305332	1.085101
21510	-3968.381	-4229.724	261.3431	2.180416	0.68736	0.31264	1.039828
21516	-3969.796	-4231.141	261.3452	2.077713	0.659157	0.340843	1.133042
21522	-3969.93	-4231.212	261.2815	2.048936	0.660446	0.339554	1.213601
21528	-3981.698	-4242.996	261.2982	2.032241	0.707141	0.292859	1.213601
21534	-3983.978	-4245.256	261.2777	2.052779	0.587734	0.412266	1.213601
21540	-3976.792	-4238.142	261.3502	2.036658	0.652495	0.347505	1.164935
21546	-3984.542	-4245.935	261.3924	2.18843	0.728247	0.271753	0.9830789
21552	-3982.445	-4243.906	261.4611	2.208517	0.633939	0.366061	0.8875873
21558	-3981.947	-4243.305	261.3577	2.172667	0.590223	0.409777	1.033138
21564	-3986.996	-4248.329	261.3331	2.09242	0.590223	0.409777	1.130729
21570	-3979.978	-4241.246	261.2675	2.052303	0.672534	0.327466	1.222686
21576	-3971.702	-4232.953	261.2503	1.995935	0.705391	0.294609	1.283844
21582	-3974.075	-4235.391	261.3165	1.929789	0.705391	0.294609	1.283844
21588	-3985.722	-4246.957	261.2354	1.975103	0.744377	0.255623	1.312887
21594	-3968.745	-4230.138	261.3929	2.028175	0.647875	0.352125	1.134721
21600	-3974.349	-4235.643	261.2944	2.005898	0.686913	0.313087	1.239095
21606	-3994.662	-4255.947	261.2848	2.057771	0.704875	0.295125	1.203298
21612	-3977.827	-4239.079	261.2526	2.018016	0.6632	0.3368	1.263778
21618	-3976.551	-4237.784	261.2329	1.90758	0.6632	0.3368	1.368778
21624	-3979.901	-4241.018	261.1172	1.927007	0.651362	0.348638	1.443436
21630	-3985.277	-4246.541	261.2635	1.922869	0.631689	0.368311	1.332341
21636	-3984.197	-4245.482	261.2843	1.917754	0.720756	0.279244	1.31972
21642	-3981.95	-4242.833	260.8829	1.856791	0.707454	0.292546	1.668042
21648	-3985.101	-4246.296	261.1955	1.944165	0.609837	0.390163	1.369409
21654	-3981.111	-4242.258	261.1467	1.895114	0.609837	0.390163	1.445313
21660	-3992.115	-4253.08	260.9656	1.943187	0.740159	0.259841	1.545242
21666	-4000.636	-4261.786	261.1492	1.955625	0.633048	0.366952	1.396691
21672	-3995.372	-4256.18	260.8075	1.842475	0.759213	0.240787	1.731559
21678	-3992.885	-4253.834	260.9489	1.888757	0.76056	0.23944	1.597393
21684	-3985.009	-4245.994	260.9842	1.853515	0.581879	0.418121	1.597393
21690	-3987.216	-4248.253	261.0372	1.841635	0.581879	0.418121	1.567329
21696	-4003.017	-4263.907	260.8898	1.799458	0.581879	0.418121	1.703835
21702	-3997.038	-4257.92	260.8822	1.891406	0.623019	0.376981	1.643721
21708	-3997.145	-4258.134	260.9891	1.891406	0.66393	0.33607	1.566076
21714	-4003.846	-4264.56	260.714	1.783351	0.6197	0.3803	1.837598
21720	-4000.208	-4260.941	260.7332	1.860324	0.645675	0.354325	1.771054
21726	-3994.929	-4255.568	260.6393	1.764518	0.742431	0.257569	1.901468
21732	-3989.972	-4250.749	260.7771	1.657406	0.742431	0.257569	1.880581
21738	-4000.425	-4261.195	260.7703	1.692581	0.742431	0.257569	1.861194
21744	-3997.543	-4257.924	260.3802	1.645637	0.680431	0.319569	2.152403
21750	-3996.394	-4257.765	261.3713	2.148293	0.592963	0.407037	1.043534
21756	-3987.62	-4248.982	261.3614	2.09535	0.708998	0.291002	1.102448
21762	-3995.561	-4256.972	261.4101	2.156676	0.708998	0.291002	0.9972685
21768	-4008.615	-4269.943	261.3278	2.131731	0.708998	0.291002	1.099891
21774	-3984.382	-4245.786	261.4037	2.098865	0.708998	0.291002	1.059769
21780	-3991.893	-4253.306	261.4125	2.137985	0.708998	0.291002	1.013544
21786	-3995.042	-4256.464	261.4217	2.182221	0.680833	0.319167	0.9592751
21792	-3985.854	-4247.263	261.4088	2.158856	0.657857	0.342143	0.9963861
21798	-3988.406	-4249.814	261.4088	2.158856	0.693543	0.306457	0.9963861
21804	-3981.648	-4242.941	261.2938	2.128829	0.758909	0.241091	1.133336
21810	-3980.174	-4241.575	261.4009	2.213032	0.613676	0.386324	0.9488083
21816	-3985.248	-4246.48	261.2315	2.060968	0.607235	0.392765	1.245661
21822	-3993.654	-4254.846	261.1922	2.087379	0.634496	0.365504	1.256389
21828	-3983.996	-4245.321	261.3251	2.116257	0.687762	0.312238	1.11645
21834	-3994.889	-4256.228	261.339	2.185591	0.729187	0.270813	1.038731
21840	-3979.783	-4241.196	261.4137	2.144696	0.764953	0.235047	1.005688
21846	-3983.107	-4244.444	261.3369	2.221482	0.713318	0.286682	1.005688
21852	-3984.878	-4246.175	261.2969	2.202323	0.690316	0.309684	1.062959
21858	-3985.371	-4246.602	261.2301	1.97585	0.690316	0.309684	1.316576
21864	-3987.298	-4248.342	261.0443	1.965124	0.743131	0.256869	1.469944
21870	-3981.091	-4242.39	261.2987	2.087369	0.704109	0.295891	1.165637
21876	-3979.421	-4240.801	261.3795	2.075945	0.68715	0.31285	1.103654
21882	-3994.684	-4256.104	261.4204	2.074964	0.566636	0.433364	1.066645
21888	-3987.814	-4249.126	261.3122	2.118747	0.62707	0.37293	1.12582
21894	-3987.477	-4248.804	261.3276	2.066711	0.62707	0.37293	1.158391
21900	-3991.562	-4252.911	261.349	2.089126	0.594983	0.405017	1.119378
21906	-4000.243	-4261.668	261.4257	2.173606	0.723663	0.276337	0.964095
21912	-3991.199	-4252.682	261.4821	2.136398	0.723663	0.276337	0.9439142
21918	-4006.246	-4267.609	261.3634	2.225469	0.723663	0.276337	0.9749465
21924	-3985.803	-4247.305	261.5017	2.212194	0.745561	0.254439	0.8348894
21930	-3993.115	-4254.489	261.3744	2.013718	0.661644	0.338356	1.163869
21936	-3993.634	-4255.005	261.3712	2.016884	0.553706	0.446294	1.163869
21942	-4004.633	-4265.937	261.304	2.014901	0.788504	0.211496	1.223429
21948	-4002.635	-4264.009	261.3738	1.983594	0.678649	0.321351	1.190584
21954	-3999.952	-4261.203	261.2514	1.927073	0.722301	0.277699	1.338615
21960	-3994.224	-4255.58	261.356	2.006435	0.685002	0.314998	1.186232
21966	-4000.686	-4261.949	261.2634	2.03941	0.709884	0.290116	1.236969
21972	-3991.783	-4253.009	261.2256	2.002619	0.728472	0.271528	1.298537
21978	-4001.371	-4262.548	261.1773	1.958178	0.735535	0.264465	1.372661
21984	-4000.144	-4261.313	261.1689	1.966649	0.679902	0.320098	1.372661
21990	-4000.321	-4261.686	261.365	2.093808	0.699438	0.300562	1.100584
21996	-3991.092	-4252.44	261.3473	2.167945	0.688784	0.311216	1.047772
22002	-4007	-4268.428	261.4276	2.202948	0.596619	0.403381	0.9310542
22008	-4006.083	-4267.541	261.4584	2.235611	0.699378	0.300622	0.8591554
22014	-3993.301	-4254.677	261.3762	2.235611	0.700027	0.299973	0.9510871
22020	-3996.749	-4258.154	261.4042	2.207544	0.700027	0.299973	0.9510871
22026	-3999.47	-4260.859	261.3892	2.223216	0.744413	0.255587	0.9504382
22032	-4013.841	-4275.217	261.3758	2.346423	0.677738	0.322262	0.824373
22038	-3994.673	-4256.008	261.3352	2.16833	0.685501	0.314499	1.058845
22044	-3995.52	-4256.936	261.4161	2.16833	0.594104	0.405896	0.9794418
22050	-3990.89	-4252.291	261.4009	2.15036	0.693944	0.306056	1.012768
22056	-3997.719	-4259.148	261.4296	2.103541	0.686956	0.313044	1.030516
22062	-3994.204	-4255.622	261.4185	2.160491	0.686956	0.313044	0.9849637
22068	-4011.8	-4273.215	261.4144	2.051355	0.671377	0.328623	1.094168
22074	-4010.4	-4271.667	261.2667	1.986584	0.671377	0.328623	1.278047
22080	-3984.886	-4246.236	261.3505	2.09471	0.622579	0.377421	1.112966
22086	-3987.316	-4248.667	261.3512	2.093948	0.682737	0.317263	1.112966
22092	-4005.499	-4266.667	261.1683	2.058149	0.700849	0.299151	1.300007
22098	-3985.2	-4246.551	261.3515	2.082434	0.639393	0.360607	1.123168
22104	-3987.541	-4248.942	261.4006	2.092697	0.596413	0.403587	1.068539
22110	-4010.795	-4271.389	260.5934	1.786335	0.699182	0.300818	1.917743
22116	-4004.937	-4265.684	260.7478	1.739526	0.761989	0.238011	1.844514
22122	-4000.951	-4262.226	261.2748	2.056221	0.583778	0.416222	1.213177
22128	-4011.775	-4273.122	261.3471	2.044436	0.702331	0.297669	1.160877
22134	-3995.745	-4256.94	261.1953	1.834747	0.779312	0.220688	1.45427
22140	-3996.339	-4257.392	261.0537	1.8564	0.732397	0.267603	1.544291
22146	-4008.086	-4269.237	261.1516	1.915844	0.692287	0.307713	1.425621
22152	-4004.45	-4265.511	261.0614	1.94248	0.721304	0.278696	1.474124
22158	-3984.263	-4245.211	260.948	1.755611	0.651684	0.348316	1.69371
22164	-3979.485	-4240.457	260.9723	1.767263	0.676571	0.323429	1.668104
22170	-3979.147	-4240.189	261.0425	1.997631	0.697581	0.302419	1.446573
22176	-3974.343	-4235.446	261.1032	2.0091	0.697581	0.302419	1.390837
22182	-3999.595	-4260.836	261.2418	2.119016	0.717274	0.282726	1.187639
22188	-3987.182	-4248.533	261.3517	2.009051	0.683573	0.316427	1.187639
22194	-3996.403	-4257.768	261.3643	2.068803	0.715067	0.284933	1.1239
22200	-4009.929	-4271.118	261.1894	2.039476	0.798347	0.201653	1.297995
22206	-3993.668	-4254.958	261.2898	1.956444	0.66753	0.33247	1.283828
22212	-4001.756	-4263.174	261.4188	2.035331	0.733803	0.266197	1.104865
22218	-3997.773	-4259.014	261.2413	1.984703	0.620564	0.379436	1.300348
22224	-4009.781	-4270.992	261.2113	1.9942	0.620564	0.379436	1.316955
22230	-4013.253	-4274.683	261.4298	2.071501	0.751792	0.248208	1.061039
22236	-4000.379	-4261.656	261.2766	2.086286	0.746355	0.253645	1.185812
22242	-3990.616	-4251.937	261.3206	1.961536	0.650357	0.349643	1.254202
22248	-4005.277	-4266.615	261.3375	2.087506	0.790498	0.209502	1.13114
22254	-3996.398	-4257.734	261.336	2.096736	0.668164	0.331836	1.12419
22260	-3988.23	-4249.53	261.2998	2.03952	0.681755	0.318245	1.206103
22266	-3994.281	-4255.525	261.2444	2.007018	0.641442	0.358558	1.279586
22272	-4007.955	-4269.103	261.1473	2.006044	0.629106	0.370894	1.358599
22278	-3987.082	-4248.243	261.1613	1.968187	0.668844	0.331156	1.377377
22284	-3992.706	-4253.814	261.1081	1.976865	0.703953	0.296047	1.412111
22290	-4001.988	-4263.239	261.251	1.907167	0.591641	0.408359	1.354801
22296	-4006.384	-4267.587	261.2027	1.928828	0.710075	0.289925	1.375782
22302	-3990.112	-4251.375	261.2624	1.9339	0.730412	0.269588	1.324389
22308	-3986.93	-4248.008	261.078	1.809586	0.737356	0.262644	1.560882
22314	-3983.942	-4244.891	260.9486	1.790417	0.737356	0.262644	1.6685
22320	-3982.687	-4243.808	261.1207	1.945594	0.723631	0.276369	1.426549
22326	-3983.522	-4244.611	261.0887	1.9759	0.803905	0.196095	1.427784
22332	-3978.688	-4239.791	261.1027	1.961941	0.721443	0.278557	1.427784
22338	-3971.65	-4232.795	261.1458	1.868539	0.721443	0.278557	1.466247
22344	-3965.134	-4226.297	261.1634	1.884579	0.721443	0.278557	1.44059
22350	-3964.431	-4225.196	260.7652	1.82725	0.709429	0.290571	1.77181
22356	-3961.916	-4222.763	260.8472	1.745242	0.709429	0.290571	1.77181
22362	-3981.955	-4242.924	260.9693	1.905664	0.726308	0.273692	1.570164
22368	-3998.354	-4259.172	260.8175	1.844768	0.726308	0.273692	1.722896
22374	-3993.777	-4255.083	261.3061	2.194756	0.691646	0.308354	1.061437
22380	-3986.395	-4247.846	261.4508	2.194756	0.702287	0.297713	0.9147237
22386	-3995.218	-4256.672	261.4539	2.170402	0.718365	0.281635	0.9377223
22392	-3978.885	-4240.296	261.4109	2.213492	0.639911	0.360089	0.9377223
22398	-3980.235	-4241.532	261.2978	2.201211	0.636808	0.363192	1.063144
22404	-3984.215	-4245.58	261.3648	2.150032	0.702658	0.297342	1.048181
22410	-3985.147	-4246.232	261.0851	1.913311	0.638813	0.361187	1.478294
22416	-3990.06	-4251.185	261.1253	1.912138	0.716312	0.283688	1.448619
22422	-3991.712	-4252.984	261.2725	2.012052	0.660211	0.339789	1.252209
22428	-3993.778	-4255.026	261.2481	2.026987	0.625913	0.374087	1.260111
22434	-3991.601	-4252.763	261.1622	1.913162	0.621545	0.378455	1.419552
22440	-3970.456	-4231.615	261.1593	1.865773	0.710625	0.289375	1.458069
22446	-3974.987	-4236.05	261.0633	1.876904	0.581778	0.418222	1.521903
22452	-3988.832	-4249.753	260.9205	1.820417	0.581778	0.418222	1.66717
22458	-3991.55	-4252.479	260.9289	1.836572	0.654027	0.345973	1.649589
22464	-3984.398	-4245.793	261.3953	1.979128	0.686437	0.313563	1.175845
22470	-3992.664	-4253.844	261.1806	1.95857	0.718017	0.281983	1.369784
22476	-3998.215	-4259.442	261.2263	1.991237	0.707435	0.292565	1.30726
22482	-3993.962	-4255.274	261.3117	2.057673	0.707435	0.292565	1.180187
22488	-3997.167	-4258.479	261.3117	2.057673	0.726549	0.273451	1.180187
22494	-3983.222	-4244.612	261.39	2.164451	0.695054	0.304946	1.00958
22500	-3980.858	-4242.263	261.4044	2.172321	0.717261	0.282739	0.9873329
22506	-4012.581	-4274.044	261.4628	2.138082	0.645306	0.354694	0.9624475
22512	-3998.248	-4259.698	261.4502	2.216955	0.645306	0.354694	0.890472
22518	-3999.293	-4260.761	261.4678	2.226238	0.625197	0.374803	0.8590285
22524	-3993.722	-4255.205	261.4825	2.211647	0.650142	0.349858	0.8589043
22530	-4005.639	-4266.822	261.1834	1.987999	0.565783	0.434217	1.344279
22536	-3991.448	-4252.685	261.2369	2.029981	0.587679	0.412321	1.266868
22542	-3997.443	-4258.676	261.2338	2.03307	0.70802	0.29198	1.266868
22548	-3988.386	-4249.757	261.3718	2.076119	0.689734	0.310266	1.110491
22554	-3990.348	-4251.733	261.3851	2.119217	0.574881	0.425119	1.058186
22560	-4004.87	-4266.238	261.3683	2.10969	0.634929	0.365071	1.082821
22566	-3991.488	-4252.786	261.2983	2.143125	0.726077	0.273923	1.11635
22572	-3982.77	-4244.075	261.3056	2.069473	0.693066	0.306934	1.175245
22578	-3976.009	-4237.287	261.2779	2.097214	0.762716	0.237284	1.175245
22584	-3985.621	-4246.892	261.2707	2.100249	0.616497	0.383503	1.178851
22590	-3983.14	-4244.384	261.2436	2.099923	0.643426	0.356574	1.202457
22596	-3984.863	-4246.368	261.5057	2.164034	0.772167	0.227833	0.8875296
22602	-3979.876	-4241.228	261.3523	2.227058	0.551383	0.448617	0.984608
22608	-3989.657	-4251.051	261.3939	2.269121	0.598861	0.401139	0.8951672
22614	-3990.201	-4251.536	261.3344	2.269121	0.598861	0.401139	0.9597159
22620	-3992.362	-4253.774	261.4125	2.39039	0.598861	0.401139	0.7077579
22626	-3994.458	-4255.78	261.3219	2.440133	0.733694	0.266306	0.7709593
22632	-3990.567	-4251.943	261.3764	2.468771	0.634996	0.365004	0.6222966
22638	-3989.77	-4251.056	261.2855	2.559685	0.634996	0.365004	0.6222966
22644	-3993.357	-4254.759	261.4014	2.40602	0.777232	0.222768	0.7000347
22650	-4016.924	-4278.348	261.4244	2.372057	0.598031	0.401969	0.7186334
22656	-4009.03	-4270.489	261.4587	2.337699	0.675617	0.324383	0.7186334
22662	-3992.661	-4254.088	261.4267	2.337699	0.683041	0.316959	0.7675702
22668	-3987.276	-4248.753	261.4767	2.333072	0.567506	0.432494	0.6958856
22674	-3973.928	-4235.349	261.4205	2.395789	0.717192	0.282808	0.684086
22680	-3988.939	-4250.388	261.4488	2.320879	0.713623	0.286377	0.7599502
22686	-3980.048	-4241.431	261.3829	2.32958	0.705722	0.294278	0.8365437
22692	-3975.124	-4236.541	261.417	2.324104	0.65229	0.34771	0.7997953
22698	-3980.325	-4241.821	261.4965	2.244609	0.672374	0.327626	0.7997953
22704	-3971.931	-4233.286	261.3546	2.38646	0.668156	0.331844	0.7997953
22710	-3969.524	-4230.963	261.4385	2.304515	0.60454	0.39546	0.7972418
22716	-3975.37	-4236.824	261.454	2.255657	0.6064	0.3936	0.8401567
22722	-3980.983	-4242.311	261.3283	2.306505	0.6064	0.3936	0.9264914
22728	-3990.651	-4252.047	261.3965	2.243353	0.660191	0.339809	0.9209598
22734	-4007.493	-4268.469	260.9765	1.899208	0.733759	0.266241	1.569589
22740	-3980.751	-4242.143	261.3922	2.12066	0.644741	0.355259	1.050029
22746	-4007.006	-4268.302	261.2959	1.989542	0.769315	0.230685	1.251474
22752	-3998.371	-4259.622	261.2507	1.957235	0.72512	0.27488	1.315003
22758	-3999.238	-4260.583	261.3446	2.027813	0.663406	0.336594	1.17752
22764	-3997.154	-4258.511	261.3576	2.01483	0.771368	0.228632	1.17752
22770	-3977.667	-4238.906	261.2383	2.078697	0.602118	0.397882	1.225058
22776	-3983.696	-4244.805	261.1095	1.946152	0.784776	0.215224	1.434673
22782	-3982.361	-4243.318	260.9566	1.831199	0.669321	0.330679	1.633533
22788	-3989.269	-4250.384	261.1152	1.939324	0.668718	0.331282	1.435534
22794	-3998.592	-4259.871	261.279	1.956921	0.668718	0.331282	1.292276
22800	-3987.485	-4248.737	261.252	1.966782	0.554154	0.445846	1.306215
22806	-4002.587	-4263.797	261.2103	1.969947	0.626091	0.373909	1.337224
22812	-3998.059	-4259.453	261.3938	2.000887	0.689503	0.310497	1.158052
22818	-3988.083	-4249.403	261.3201	2.000887	0.680326	0.319674	1.221624
22824	-3985.803	-4247.039	261.2357	2.076022	0.74381	0.25619	1.229444
22830	-3989.021	-4250.257	261.2357	2.076022	0.71389	0.28611	1.229444
22836	-3988.325	-4249.575	261.2506	2.056781	0.739507	0.260493	1.233142
22842	-3986.271	-4247.667	261.3962	2.067159	0.750555	0.249445	1.09633
22848	-3985.867	-4247.112	261.2455	2.057866	0.745849	0.254151	1.236484
22854	-3982.428	-4243.923	261.4947	2.004727	0.674679	0.325321	1.062812
22860	-3989.619	-4250.705	261.0857	2.021696	0.725274	0.274726	1.394692
22866	-4008.81	-4269.998	261.1877	2.032935	0.619527	0.380473	1.304711
22872	-3996.54	-4257.899	261.3593	2.136032	0.613662	0.386338	1.066616
22878	-3996.535	-4257.932	261.397	2.019237	0.613662	0.386338	1.138975
22884	-3999.232	-4260.593	261.3607	2.062818	0.594156	0.405844	1.132516
22890	-3988.986	-4250.283	261.2973	2.116379	0.693716	0.306284	1.141241
22896	-3996.667	-4258.007	261.3404	2.153033	0.692272	0.307728	1.068416
22902	-3992.174	-4253.185	261.0108	2.031184	0.621864	0.378136	1.445168
22908	-4002.172	-4263.349	261.1778	1.953311	0.795951	0.204049	1.3761
22914	-4002.148	-4263.179	261.0313	1.953311	0.655596	0.344404	1.488694
22920	-3991.619	-4252.52	260.9012	1.918169	0.692373	0.307627	1.610704
22926	-3990.485	-4251.151	260.6664	1.792758	0.703426	0.296574	1.863771
22932	-3991.426	-4252.365	260.9384	1.822546	0.729733	0.270267	1.652785
22938	-4011.577	-4272.248	260.6705	1.82493	0.563533	0.436467	1.838906
22944	-3996.548	-4257.257	260.7096	1.832982	0.65843	0.34157	1.80645
22950	-4005.75	-4266.775	261.0244	1.984994	0.662062	0.337938	1.469991
22956	-4006.129	-4267.311	261.1816	1.984994	0.700355	0.299645	1.348075
22962	-3994.08	-4254.769	260.6893	1.828141	0.73567	0.26433	1.823795
22968	-3979.253	-4240.032	260.7792	1.783643	0.760608	0.239392	1.792371
22974	-3976.175	-4236.904	260.729	1.803034	0.694299	0.305701	1.8137
22980	-3981.513	-4242.588	261.0759	1.902095	0.694299	0.305701	1.493694
22986	-3983.147	-4244.198	261.0509	1.995313	0.724167	0.275833	1.441928
22992	-3992.318	-4253.431	261.1128	1.894809	0.709269	0.290731	1.471288
22998	-3982.157	-4243.269	261.1127	1.894809	0.621988	0.378012	1.471401
23004	-3982.178	-4243.263	261.0849	1.827748	0.607982	0.392018	1.542364
23010	-3984.631	-4245.469	260.8381	1.892548	0.608296	0.391704	1.674448
23016	-3990.1	-4251.057	260.9571	1.945272	0.580246	0.419754	1.549965
23022	-3991.533	-4252.509	260.9755	1.950653	0.750083	0.249917	1.532398
23028	-3978.909	-4239.947	261.0384	1.819148	0.729955	0.270045	1.582937
23034	-3992.671	-4253.775	261.1043	1.85829	0.729955	0.270045	1.505254
23040	-3985.88	-4246.904	261.0241	1.87235	0.71302	0.28698	1.55434
23046	-3977.633	-4238.562	260.9295	1.874325	0.591442	0.408558	1.621951
23052	-3998.185	-4259.011	260.8256	1.802899	0.742085	0.257915	1.746652
23058	-3997.031	-4257.876	260.8453	1.716258	0.730841	0.269159	1.793283
23064	-3988.862	-4249.356	260.4946	1.673869	0.635944	0.364056	2.058925
23070	-3989.596	-4250.899	261.3027	2.04073	0.592556	0.407444	1.202576
23076	-3982.17	-4243.586	261.4154	2.130668	0.790592	0.209408	1.017845
23082	-4005.032	-4266.296	261.2642	2.053187	0.674029	0.325971	1.224675
23088	-3987.254	-4248.646	261.3911	2.072382	0.710765	0.289235	1.096258
23094	-4008.614	-4269.668	261.054	1.796138	0.530706	0.469294	1.588328
23100	-4001.038	-4262.329	261.2909	2.17753	0.657162	0.342838	1.091693
23106	-3991.419	-4252.658	261.2394	2.121002	0.622657	0.377343	1.187934
23112	-3990.846	-4252.221	261.3751	2.137006	0.613993	0.386007	1.050694
23118	-4008.097	-4269.478	261.3815	2.113187	0.610838	0.389162	1.067267
23124	-4008.129	-4268.998	260.8687	1.821032	0.473788	0.526212	1.703565
23130	-3997.364	-4258.119	260.7549	1.816774	0.676206	0.323794	1.786267
23136	-3995.012	-4255.78	260.7674	1.804328	0.506586	0.493414	1.786267
23142	-3990.761	-4251.016	260.2554	1.69457	0.698279	0.301721	2.201699
23148	-3984.719	-4245.109	260.3904	1.686977	0.619308	0.380692	2.118806
23154	-3984.091	-4244.489	260.3979	1.732525	0.539155	0.460845	2.083988
23160	-3982.82	-4243.809	260.9894	1.813979	0.656787	0.343213	1.622279
23166	-3989.205	-4249.922	260.7165	1.768429	0.745069	0.254931	1.846124
23172	-3989.471	-4250.695	261.2246	1.927478	0.666402	0.333598	1.359573
23178	-3983.124	-4244.325	261.2006	1.969084	0.620164	0.379836	1.345641
23184	-3974.653	-4235.971	261.3178	1.989631	0.636132	0.363868	1.233087
23190	-3975.339	-4236.436	261.0976	1.939939	0.73782	0.26218	1.448592
23196	-3978.68	-4239.851	261.1709	1.938496	0.673398	0.326602	1.39311
23202	-3978.966	-4240.215	261.2487	2.064783	0.653113	0.346887	1.227956
23208	-3985.956	-4247.254	261.2978	2.050272	0.799729	0.200271	1.198571
23214	-3976.357	-4237.578	261.2211	2.102717	0.762094	0.237906	1.219217
23220	-3980.283	-4241.377	261.094	2.029105	0.704925	0.295075	1.382402
23226	-3987.842	-4249.104	261.2616	2.01069	0.704925	0.295075	1.262407
23232	-3985.588	-4246.864	261.2758	2.01069	0.663863	0.336137	1.250598
23238	-3995.611	-4256.887	261.2758	2.01069	0.707233	0.292767	1.250598
23244	-3985.664	-4247.059	261.3953	2.029462	0.707233	0.292767	1.131352
23250	-3980.379	-4241.751	261.3711	2.217486	0.675732	0.324268	0.9751608
23256	-3979.259	-4240.645	261.3857	2.168705	0.675732	0.324268	1.0096
23262	-3993.418	-4254.777	261.3584	2.19601	0.648191	0.351809	1.0096
23268	-4009.759	-4271.159	261.3998	2.120388	0.636992	0.363008	1.043022
23274	-3989.299	-4250.368	261.0689	1.919903	0.653655	0.346345	1.485506
23280	-3977.619	-4239.074	261.4549	2.242172	0.672298	0.327702	0.8554783
23286	-3978.655	-4240.084	261.4293	2.234874	0.621336	0.378664	0.8938801
23292	-3985.625	-4247.081	261.4567	2.121562	0.633417	0.366583	0.9857715
23298	-3987.388	-4248.784	261.3963	2.165066	0.631732	0.368268	1.002678
23304	-3996.784	-4258.26	261.4752	2.058103	0.724933	0.275067	1.030362
23310	-3985.934	-4247.356	261.4219	2.115169	0.742213	0.257787	1.026711
23316	-4004.47	-4265.896	261.4258	2.068696	0.81224	0.18776	1.067446
23322	-3994.006	-4255.413	261.4071	2.031983	0.669028	0.330972	1.118501
23328	-4003.044	-4264.371	261.3279	2.111179	0.736887	0.263113	1.118501
23334	-3989.4	-4250.723	261.3229	2.098154	0.639166	0.360834	1.134672
23340	-4004.651	-4265.843	261.1925	2.125643	0.752845	0.247155	1.224034
23346	-4000.668	-4262.076	261.4079	2.155077	0.672504	0.327496	1.001118
23352	-4003.905	-4265.325	261.4194	2.200362	0.677842	0.322158	0.9426098
23358	-3978.352	-4239.759	261.407	2.200362	0.604474	0.395526	0.9557097
23364	-3998.888	-4260.427	261.5393	2.083321	0.588272	0.411728	0.9395294
23370	-4004.744	-4266.103	261.3591	2.140895	0.721838	0.278162	1.062268
23376	-3999.067	-4260.479	261.4117	2.148521	0.721838	0.278162	1.003855
23382	-3984.282	-4245.703	261.4202	2.140018	0.714458	0.285542	1.003855
23388	-3980.758	-4242.159	261.4016	2.185181	0.735749	0.264251	0.9770799
23394	-3985.861	-4247.235	261.3744	2.210202	0.520663	0.479337	0.9792261
23400	-3990.962	-4252.31	261.3478	2.247102	0.822335	0.177665	0.96869
23406	-3982.869	-4244.357	261.4881	2.278547	0.703021	0.296979	0.7643903
23412	-3981.397	-4242.792	261.3948	2.332356	0.703021	0.296979	0.8180104
23418	-3991.751	-4253.168	261.4173	2.283694	0.703021	0.296979	0.8506709
23424	-3987.622	-4249.071	261.4491	2.281807	0.762923	0.237077	0.8132209
23430	-3991.935	-4253.369	261.4336	2.255856	0.710452	0.289548	0.8645148
23436	-3996.837	-4258.271	261.4336	2.255856	0.64761	0.35239	0.8645148
23442	-3989.536	-4251.009	261.4731	2.255856	0.558483	0.441517	0.8156819
23448	-3988.712	-4250.112	261.4	2.334129	0.649263	0.350737	0.808988
23454	-3992.544	-4253.936	261.3921	2.375918	0.681766	0.318234	0.7623961
23460	-4002.06	-4263.454	261.3941	2.366492	0.761426	0.238574	0.7729764
23466	-4000.915	-4262.325	261.4097	2.366492	0.732962	0.267038	0.7502893
23472	-3993.316	-4254.726	261.4097	2.366492	0.635011	0.364989	0.7502893
23478	-3999.174	-4260.577	261.4038	2.426239	0.7992	0.2008	0.6568893
23484	-3988.071	-4249.506	261.4353	2.24111	0.678388	0.321612	0.8797778
23490	-3987.134	-4248.487	261.3539	2.309231	0.763967	0.236033	0.8949877
23496	-3984.849	-4246.289	261.4392	2.235149	0.738743	0.261257	0.8822404
23502	-3992.359	-4253.805	261.4458	2.245722	0.67483	0.32517	0.8620373
23508	-4007.423	-4268.911	261.4884	2.249893	0.645358	0.354642	0.8035341
23514	-4002.412	-4263.837	261.4252	2.259536	0.664385	0.335615	0.8700866
23520	-3993.536	-4254.906	261.3693	2.15319	0.706291	0.293709	1.040824
23526	-3996.794	-4258.097	261.3029	2.098479	0.721438	0.278562	1.152163
23532	-4021.554	-4282.981	261.4272	1.970745	0.772672	0.227328	1.1552
23538	-3996.94	-4258.182	261.242	1.911688	0.699348	0.300652	1.358349
23544	-3987.755	-4249.102	261.3468	2.299166	0.696329	0.303671	0.9141824
23550	-3981.215	-4242.521	261.3067	2.340129	0.637377	0.362623	0.9133003
23556	-3989.476	-4250.911	261.4358	2.190725	0.532615	0.467385	0.9353987
23562	-3986.868	-4248.217	261.3491	2.075076	0.67534	0.32466	1.131871
23568	-3988.008	-4249.237	261.2297	2.08761	0.629219	0.370781	1.224794
23574	-4001.921	-4263.413	261.4922	2.227383	0.70663	0.29337	0.8277076
23580	-4004.918	-4266.296	261.3777	2.199953	0.63742	0.36258	0.9863173
23586	-3993.449	-4254.834	261.3845	2.147633	0.681508	0.318492	1.031424
23592	-3995.072	-4256.525	261.4537	2.147633	0.682679	0.317321	0.9620546
23598	-3991.573	-4252.943	261.3698	2.144924	0.728234	0.271766	1.048271
23604	-3996.098	-4257.543	261.4456	2.135342	0.728234	0.271766	0.9829791
23610	-3993.914	-4255.317	261.4029	2.178045	0.687729	0.312271	0.9829791
23616	-3992.409	-4253.869	261.46	2.166803	0.749926	0.250074	0.9351166
23622	-3991.786	-4253.21	261.4236	2.276886	0.736581	0.263419	0.851259
23628	-3977.666	-4239.097	261.4305	2.150062	0.629819	0.370181	0.9833752
23634	-3977.774	-4239.213	261.4388	2.165938	0.629819	0.370181	0.9584269
23640	-3980.112	-4241.583	261.4709	2.165938	0.71554	0.28446	0.9242147
23646	-3983.583	-4244.973	261.3904	2.131805	0.653097	0.346903	1.041045
23652	-3976.189	-4237.557	261.3681	2.131805	0.66756	0.33244	1.062344
23658	-3980.904	-4242.179	261.2754	2.061795	0.682985	0.317015	1.207878
23664	-3987.151	-4248.471	261.3208	2.02735	0.681798	0.318202	1.198538
23670	-3995.529	-4256.754	261.2257	1.977132	0.773964	0.226036	1.319133
23676	-3996.35	-4257.586	261.2364	1.919074	0.640545	0.359455	1.356944
23682	-3989.722	-4250.935	261.2135	1.910225	0.736082	0.263918	1.381893
23688	-3989.2	-4250.191	260.9903	1.888015	0.745402	0.254598	1.567675
23694	-3995.093	-4256.258	261.1641	1.811385	0.693825	0.306175	1.495557
23700	-3988.622	-4249.368	260.7465	1.869532	0.695241	0.304759	1.755397
23706	-3979.299	-4239.769	260.4698	1.741165	0.615482	0.384518	2.030799
23712	-3978.84	-4239.588	260.7478	1.734828	0.655246	0.344754	1.847717
23718	-3984.335	-4245.444	261.1095	1.832348	0.674683	0.325317	1.520726
23724	-3986.334	-4247.171	260.8367	1.896181	0.670094	0.329906	1.672895
23730	-3995.524	-4256.558	261.0344	1.900905	0.682672	0.317328	1.525583
23736	-3980.797	-4241.832	261.0355	1.828935	0.634633	0.365367	1.577871
23742	-3998.688	-4259.632	260.9432	1.853307	0.634633	0.365367	1.627262
23748	-4000.115	-4260.945	260.8302	1.84252	0.740592	0.259408	1.715555
23754	-4002.773	-4263.5	260.7269	1.828467	0.771507	0.228493	1.797572
23760	-3989.99	-4251.038	261.0473	1.892314	0.728561	0.271439	1.522352
23766	-3995.696	-4256.88	261.1841	1.887323	0.726582	0.273418	1.422586
23772	-3997.509	-4258.812	261.3033	1.879722	0.64289	0.35711	1.335021
23778	-4001.517	-4262.746	261.2289	1.986784	0.666491	0.333509	1.30877
23784	-3982.282	-4243.541	261.2594	2.085018	0.67577	0.32423	1.201743
23790	-3995.381	-4256.583	261.2024	2.041563	0.546853	0.453147	1.285725
23796	-3988.117	-4249.347	261.2299	1.937941	0.742977	0.257023	1.347099
23802	-3981.668	-4242.808	261.1408	1.998576	0.733296	0.266704	1.369597
23808	-3986.511	-4247.789	261.2786	1.986797	0.772275	0.227725	1.268091
23814	-3968.404	-4229.663	261.2584	2.064608	0.635519	0.364481	1.219911
23820	-3970.719	-4231.904	261.1848	2.053746	0.675684	0.324316	1.290152
23826	-3978.164	-4239.413	261.2485	1.990071	0.600786	0.399214	1.290152
23832	-3981.37	-4242.6	261.2291	2.023828	0.648318	0.351682	1.27837
23838	-3998.365	-4259.675	261.3105	2.040745	0.602205	0.397795	1.195864
23844	-3993.402	-4254.716	261.314	2.078485	0.628999	0.371001	1.160011
23850	-3985.366	-4246.664	261.2975	2.030841	0.690172	0.309828	1.215451
23856	-3981.603	-4242.907	261.3034	2.023347	0.661405	0.338595	1.216769
23862	-3973.715	-4235.027	261.3122	2.039127	0.628976	0.371024	1.195781
23868	-3974.019	-4235.292	261.2733	2.061147	0.732617	0.267383	1.210226
23874	-4002.276	-4263.499	261.2234	2.061147	0.669399	0.330601	1.252237
23880	-3998.31	-4259.564	261.2536	2.068993	0.673096	0.326904	1.220324
23886	-3993.024	-4254.363	261.3396	2.068993	0.673151	0.326849	1.145818
23892	-3975.341	-4236.651	261.3103	2.098246	0.657855	0.342145	1.145818
23898	-3972.044	-4233.295	261.251	2.089027	0.730688	0.269312	1.205486
23904	-3983.131	-4244.456	261.3246	2.112954	0.730688	0.269312	1.119852
23910	-3986.561	-4247.881	261.3205	2.056313	0.781366	0.218634	1.173751
23916	-3993.505	-4254.769	261.2646	2.23142	0.582176	0.417824	1.066003
23922	-3995.356	-4256.769	261.413	2.230475	0.770919	0.229081	0.9169767
23928	-3998.209	-4259.651	261.4417	2.289726	0.704727	0.295273	0.8125463
23934	-3981.254	-4242.556	261.3013	2.018411	0.78283	0.21717	1.222756
23940	-3995.628	-4256.647	261.0195	2.015899	0.703491	0.296509	1.450228
23946	-3991.912	-4252.85	260.9384	1.944361	0.682063	0.317937	1.564435
23952	-3989.465	-4250.634	261.1691	1.987434	0.695152	0.304848	1.356064
23958	-3986.495	-4247.793	261.2981	1.965252	0.707101	0.292899	1.269796
23964	-3986.728	-4247.943	261.2156	2.120113	0.609464	0.390536	1.209106
23970	-3984.898	-4246.221	261.3223	2.044497	0.771627	0.228373	1.182429
23976	-3974.382	-4235.76	261.3783	2.076959	0.731868	0.268132	1.103822
23982	-3977.483	-4238.803	261.3201	2.132243	0.599513	0.400487	1.106429
23988	-3983.237	-4244.712	261.4752	2.098912	0.66661	0.33339	0.9898784
23994	-3982.063	-4243.466	261.4035	2.07405	0.626317	0.373683	1.08323
24000	-3982.83	-4244.223	261.3932	2.187217	0.626317	0.373683	0.9834995
24006	-3996.907	-4258.3	261.3932	2.174582	0.752118	0.247882	0.996255
24012	-4006.496	-4267.953	261.4571	2.179079	0.639437	0.360563	0.9249397
24018	-3995.116	-4256.485	261.3683	2.210871	0.668946	0.331054	0.9848242
24024	-3989.429	-4250.906	261.4767	2.106513	0.682685	0.317315	0.9807348
24030	-3995.08	-4256.514	261.4345	2.264139	0.670966	0.329034	0.8535901
24036	-4005.057	-4266.445	261.388	2.293894	0.542778	0.457222	0.8734176
24042	-3990.203	-4251.525	261.3216	2.353693	0.663949	0.336051	0.881153
24048	-3980.143	-4241.544	261.4011	2.274134	0.645421	0.354579	0.881153
24054	-3989.349	-4250.76	261.4118	2.263494	0.706666	0.293334	0.881153
24060	-3987.03	-4248.441	261.4111	2.220812	0.706666	0.293334	0.9296161
24066	-3999.631	-4260.98	261.3495	2.301612	0.700213	0.299787	0.9085297
24072	-3999.7	-4260.781	261.0815	1.925197	0.749401	0.250599	1.471981
24078	-3989.252	-4250.393	261.1411	1.933051	0.609904	0.390096	1.420474
24084	-4001.871	-4262.905	261.0336	1.893062	0.735158	0.264842	1.532036
24090	-3985.537	-4246.318	260.7808	1.782283	0.756193	0.243807	1.792209
24096	-3993.23	-4253.98	260.7495	1.770796	0.650364	0.349636	1.821819
24102	-3996.73	-4257.277	260.5471	1.746445	0.755563	0.244437	1.975762
24108	-3996.635	-4257.244	260.6095	1.819296	0.666347	0.333653	1.884502
24114	-3997.585	-4258.165	260.5807	1.741058	0.680143	0.319857	1.956859
24120	-3993.903	-4255.212	261.3085	2.114009	0.685073	0.314927	1.133397
24126	-3985.118	-4246.311	261.1923	2.031847	0.685073	0.314927	1.301838
24132	-3998.142	-4259.359	261.2174	2.031847	0.675952	0.324048	1.28142
24138	-3990.887	-4252.055	261.1684	2.050737	0.620467	0.379533	1.305953
24144	-3980.929	-4242.139	261.2099	2.009259	0.712154	0.287846	1.305953
24150	-3983.313	-4244.47	261.1574	2.01157	0.730694	0.269306	1.346228
24156	-3971.343	-4232.584	261.2408	2.00391	0.658383	0.341617	1.285097
24162	-3992.29	-4253.56	261.27	2.00391	0.739376	0.260624	1.2611
24168	-3994.749	-4255.994	261.2448	2.06904	0.716558	0.283442	1.227727
24174	-3992.146	-4253.42	261.2746	2.101945	0.62656	0.37344	1.173931
24180	-3994.423	-4255.738	261.315	2.150389	0.615767	0.384233	1.094471
24186	-3990.717	-4252.076	261.3594	2.105242	0.602515	0.397485	1.095205
24192	-3991.976	-4253.364	261.3887	2.026495	0.696448	0.303552	1.139949
24198	-3997.516	-4258.755	261.2394	2.060325	0.67645	0.32355	1.239585
24204	-3985.378	-4246.681	261.3029	2.106593	0.661621	0.338379	1.144996
24210	-3979.317	-4240.586	261.2689	2.213781	0.709254	0.290746	1.078435
24216	-3984.28	-4245.677	261.3967	2.186917	0.709254	0.290746	0.9802389
24222	-3991.371	-4252.803	261.4316	2.175768	0.707998	0.292002	0.9557254
24228	-3981.764	-4243.162	261.3986	2.20877	0.707998	0.292002	0.9557254
24234	-3985.767	-4247.145	261.3776	2.229745	0.70631	0.29369	0.9557254
24240	-3978.887	-4240.253	261.3662	2.241138	0.759009	0.240991	0.9557254
24246	-3982.908	-4244.278	261.3703	2.314844	0.58433	0.41567	0.8695965
24252	-3991.524	-4252.837	261.3131	2.335922	0.656097	0.343903	0.9107905
24258	-3991.52	-4252.862	261.3422	2.315368	0.579517	0.420483	0.9012503
24264	-3987.026	-4248.401	261.3755	2.298922	0.579535	0.420465	0.882165
24270	-3984.592	-4246.031	261.439	2.29351	0.743724	0.256276	0.8111192
24276	-3986.957	-4248.357	261.4001	2.232715	0.770895	0.229105	0.928558
24282	-3982.029	-4243.464	261.4351	2.12644	0.585914	0.414086	1.002503
24288	-3971.554	-4232.978	261.4245	2.117261	0.585914	0.414086	1.022065
24294	-3991.328	-4252.79	261.4619	2.065019	0.730636	0.269364	1.036519
24300	-3982.123	-4243.411	261.288	2.10106	0.730636	0.269364	1.163052
24306	-3978.573	-4239.89	261.3176	2.071427	0.606907	0.393093	1.163052
24312	-3987.568	-4248.824	261.2567	2.074339	0.60826	0.39174	1.213134
24318	-3974.593	-4235.484	260.8912	1.826751	0.658437	0.341563	1.683531
24324	-3986.349	-4247.187	260.8381	1.744558	0.658437	0.341563	1.778665
24330	-3975.61	-4236.546	260.9361	1.868581	0.686934	0.313066	1.621354
24336	-3990.317	-4251.385	261.0676	1.837835	0.630632	0.369368	1.547699
24342	-3981.422	-4242.374	260.9514	1.810778	0.753294	0.246706	1.651957
24348	-3980.569	-4241.211	260.6414	1.75179	0.631176	0.368824	1.908678
24354	-3988.585	-4248.565	259.9799	1.631187	0.65307	0.34693	2.417992
24360	-3990.193	-4250.863	260.67	1.761996	0.635865	0.364135	1.882259
24366	-3981.691	-4242.219	260.5282	1.677699	0.707914	0.292086	2.034155
24372	-3979.591	-4240.113	260.5213	1.705707	0.701226	0.298774	2.020095
24378	-3978.413	-4238.801	260.3876	1.688345	0.714565	0.285435	2.119705
24384	-3995.653	-4256.064	260.4105	1.665466	0.714565	0.285435	2.119705
24390	-3991.322	-4251.873	260.5509	1.660066	0.682831	0.317169	2.03074
24396	-3988.242	-4248.773	260.5302	1.693666	0.642514	0.357486	2.022203
24402	-3995.501	-4256.283	260.7814	1.867538	0.75675	0.24325	1.732295
24408	-3993.713	-4254.462	260.7489	1.764393	0.635577	0.364423	1.826615
24414	-3985.388	-4246.15	260.7623	1.751005	0.717604	0.282396	1.826615
24420	-3984.485	-4245.359	260.8743	1.76759	0.685937	0.314063	1.737268
24426	-3981.464	-4242.637	261.1735	1.819418	0.647869	0.352131	1.482451
24432	-3995.497	-4256.574	261.0766	1.987471	0.601724	0.398276	1.428222
24438	-3995.042	-4256.118	261.0762	1.93386	0.772204	0.227796	1.469461
24444	-3993.409	-4254.67	261.261	1.916054	0.73366	0.26634	1.339731
24450	-3988.125	-4249.324	261.1987	1.921358	0.647611	0.352389	1.384755
24456	-3994.59	-4255.717	261.1268	1.864807	0.619545	0.380455	1.483432
24462	-3996.964	-4258.232	261.2682	1.870168	0.619545	0.380455	1.370392
24468	-3991.001	-4252.301	261.2999	1.931551	0.718625	0.281375	1.295913
24474	-3993.015	-4254.19	261.1745	1.91439	0.770015	0.229985	1.409034
24480	-3999.737	-4260.918	261.1812	1.886182	0.684457	0.315543	1.425657
24486	-3992.599	-4253.923	261.3241	1.954037	0.590633	0.409367	1.257531
24492	-3980.786	-4242.108	261.3224	2.0199	0.687535	0.312465	1.203549
24498	-3982.47	-4243.706	261.2363	1.96572	0.743842	0.256158	1.319786
24504	-3980.011	-4241.138	261.127	1.956586	0.713051	0.286949	1.413173
24510	-3985.834	-4246.891	261.0568	1.956974	0.713051	0.286949	1.466676
24516	-3997.229	-4258.341	261.1117	1.944999	0.59639	0.40361	1.43389
24522	-3998.054	-4259.183	261.1281	1.938112	0.687862	0.312138	1.42659
24528	-4008.396	-4269.641	261.2448	1.876265	0.655055	0.344945	1.383976
24534	-3997.923	-4258.915	260.9913	1.918615	0.795617	0.204383	1.544385
24540	-4002.892	-4264.057	261.1654	1.863062	0.610176	0.389824	1.455463
24546	-4001.197	-4262.309	261.1116	1.91686	0.776166	0.223834	1.455463
24552	-3991.65	-4252.803	261.1526	1.881099	0.694535	0.305465	1.451487
24558	-3997.185	-4258.113	260.9285	1.881099	0.693869	0.306131	1.617784
24564	-3986.755	-4247.651	260.8953	1.931159	0.725828	0.274172	1.605558
24570	-3991.163	-4252.069	260.906	1.892077	0.608684	0.391316	1.626128
24576	-3981.122	-4242.283	261.1607	1.925683	0.649746	0.350254	1.411009
24582	-3984.902	-4246.216	261.3137	2.013195	0.649746	0.350254	1.216617
24588	-3983.378	-4244.569	261.1907	1.948892	0.736293	0.263707	1.369487
24594	-3970.404	-4231.64	261.2361	2.008644	0.711836	0.288164	1.285083
24600	-3979.87	-4241.112	261.2414	2.03547	0.738866	0.261134	1.258583
24606	-3977.384	-4238.608	261.2236	1.989201	0.674271	0.325729	1.311045
24612	-3982.684	-4243.786	261.1025	1.978024	0.674271	0.325729	1.415532
24618	-3975.21	-4236.253	261.0428	1.856811	0.670203	0.329797	1.552007
24624	-3983.202	-4244.275	261.0731	2.057802	0.679325	0.320675	1.37628
24630	-3996.033	-4257.236	261.203	1.922081	0.626085	0.373915	1.380844
24636	-3979.706	-4240.96	261.2539	1.871237	0.657124	0.342876	1.380844
24642	-3969.509	-4230.717	261.2074	2.008817	0.717424	0.282576	1.308302
24648	-3984.913	-4246.161	261.248	2.008817	0.645353	0.354647	1.275219
24654	-3978.799	-4240.069	261.2701	2.040391	0.723422	0.276578	1.230515
24660	-3987.281	-4248.648	261.3678	1.958192	0.64465	0.35535	1.217386
24666	-3984.833	-4246.066	261.2328	1.960659	0.710528	0.289472	1.326621
24672	-3972.236	-4233.357	261.1205	1.9751	0.693521	0.306479	1.403823
24678	-3978.046	-4239.513	261.4671	2.032408	0.732278	0.267722	1.062652
24684	-3988.117	-4249.248	261.1305	2.030537	0.68975	0.31025	1.352493
24690	-3979.014	-4240.311	261.2974	1.977884	0.68975	0.31025	1.259955
24696	-3988.954	-4250.275	261.3205	1.977884	0.682523	0.317477	1.240647
24702	-3986.814	-4247.992	261.1779	1.898895	0.721565	0.278435	1.41842
24708	-3990.499	-4251.789	261.2898	1.992787	0.729765	0.270235	1.253831
24714	-4002.332	-4263.552	261.2197	1.955391	0.660323	0.339677	1.341349
24720	-3991.672	-4252.894	261.2217	1.933816	0.644021	0.355979	1.356859
24726	-3999.097	-4260.187	261.0901	1.907478	0.638872	0.361128	1.478938
24732	-3986.271	-4247.397	261.1261	1.930631	0.620124	0.379876	1.433842
24738	-3990.815	-4251.941	261.1261	1.930631	0.643605	0.356395	1.433842
24744	-4002.669	-4263.721	261.0523	2.00445	0.740863	0.259137	1.433842
24750	-3996.699	-4257.831	261.1318	1.983279	0.682404	0.317596	1.388706
24756	-3990.658	-4251.944	261.2857	2.002405	0.732724	0.267276	1.249285
24762	-3988.419	-4249.658	261.2393	2.011616	0.64232	0.35768	1.280038
24768	-3990.491	-4251.794	261.3027	1.948253	0.64232	0.35768	1.280038
24774	-3991.773	-4252.956	261.1826	1.948253	0.675106	0.324894	1.376338
24780	-3983.8	-4245.127	261.3271	1.987708	0.724833	0.275167	1.226919
24786	-3996.275	-4257.42	261.1449	2.0114	0.683893	0.316107	1.35628
24792	-3982.678	-4243.877	261.1993	1.957916	0.703404	0.296596	1.355499
24798	-3987.21	-4248.381	261.171	1.986227	0.59763	0.40237	1.355499
24804	-3976.467	-4237.748	261.2806	2.052443	0.713493	0.286507	1.21144
24810	-3982.599	-4244.004	261.4049	2.051394	0.713493	0.286507	1.102829
24816	-3988.979	-4250.324	261.3451	2.134931	0.713493	0.286507	1.08096
24822	-3978.149	-4239.337	261.1882	2.131314	0.618997	0.381003	1.222921
24828	-3979.714	-4241.002	261.2884	2.11391	0.604041	0.395959	1.151327
24834	-3978.552	-4239.245	260.6929	1.781431	0.686073	0.313927	1.853354
24840	-3986.06	-4246.954	260.8944	1.834863	0.740716	0.259284	1.675468
24846	-3987.385	-4248.47	261.085	1.803172	0.728505	0.271495	1.560449
24852	-3990.371	-4251.194	260.8226	1.79468	0.744023	0.255977	1.75448
24858	-3978.414	-4239.027	260.613	1.759357	0.597993	0.402007	1.922718
24864	-3983.089	-4243.787	260.6981	1.67382	0.719827	0.280173	1.923052
24870	-3979.824	-4240.538	260.7142	1.739514	0.63468	0.36532	1.867475
24876	-3983.71	-4244.391	260.6808	1.772931	0.662	0.338	1.867475
24882	-3978.564	-4239.636	261.0715	1.867964	0.714815	0.285185	1.522517
24888	-3980.643	-4241.575	260.9328	1.833418	0.726027	0.273973	1.649002
24894	-3973.897	-4234.865	260.9686	1.754613	0.739919	0.260081	1.679739
24900	-3976.52	-4237.471	260.9512	1.925208	0.678303	0.321697	1.569076
24906	-3969.268	-4230.233	260.965	1.898201	0.678303	0.321697	1.578754
24912	-3987.183	-4248.32	261.1373	1.867905	0.678303	0.321697	1.473176
24918	-3984.92	-4245.805	260.8848	1.867905	0.635286	0.364714	1.658747
24924	-3989.541	-4250.296	260.7554	1.819188	0.635286	0.364714	1.784233
24930	-3978.065	-4239.029	260.9646	1.799482	0.664534	0.335466	1.650556
24936	-3996.702	-4257.749	261.0474	1.896155	0.664534	0.335466	1.519413
24942	-3988.551	-4249.861	261.3096	1.973225	0.728079	0.271921	1.253678
24948	-3998.859	-4259.943	261.0836	1.909619	0.644192	0.355808	1.482219
24954	-3985.595	-4246.556	260.9605	1.805997	0.636675	0.363325	1.648847
24960	-4010.866	-4272.113	261.2465	2.016823	0.721343	0.278657	1.269844
24966	-3999.833	-4261.258	261.4255	2.023253	0.718482	0.281518	1.109761
24972	-4004.156	-4265.209	261.0528	1.776473	0.742241	0.257759	1.603475
24978	-3992.946	-4253.944	260.9981	1.898108	0.77392	0.22608	1.554491
24984	-3993.868	-4254.889	261.0206	1.798544	0.77392	0.22608	1.610835
24990	-3995.49	-4256.66	261.17	1.901843	0.778204	0.221796	1.422271
24996	-4002.284	-4263.484	261.1996	1.948302	0.651432	0.348568	1.362876
25002	-3983.866	-4245.104	261.2377	1.948302	0.626533	0.373467	1.332631
25008	-3991.988	-4253.272	261.284	1.944229	0.787024	0.212976	1.29852
25014	-3988.167	-4249.408	261.2408	2.006863	0.609243	0.390757	1.282727
25020	-3978.27	-4239.529	261.2594	2.078929	0.753358	0.246642	1.206877
25026	-3978.238	-4239.637	261.3982	2.141823	0.735168	0.264832	1.023742
25032	-3996.539	-4257.944	261.4044	2.141823	0.746429	0.253571	1.017721
25038	-4000.313	-4261.74	261.4273	2.1543	0.682361	0.317639	0.9823273
25044	-4008.879	-4270.053	261.1738	1.995584	0.644102	0.355898	1.345868
25050	-4003.797	-4264.79	260.9934	1.865736	0.642694	0.357306	1.581716
25056	-3990.694	-4251.645	260.9505	1.911135	0.66896	0.33104	1.57993
25062	-3980.326	-4241.353	261.0269	1.904231	0.651902	0.348098	1.528654
25068	-3991.926	-4253.038	261.1126	1.904231	0.652699	0.347301	1.464347
25074	-4004.234	-4265.273	261.0387	1.942761	0.708015	0.291985	1.491023
25080	-4005.019	-4265.976	260.9569	1.932318	0.708015	0.291985	1.559672
25086	-4003.039	-4263.972	260.9327	1.956521	0.721301	0.278699	1.559672
25092	-3987.61	-4248.704	261.0946	1.891631	0.721301	0.278699	1.487496
25098	-3976.492	-4237.447	260.9543	1.834105	0.721301	0.278699	1.633096
25104	-3987.824	-4248.772	260.9473	1.799301	0.561345	0.438655	1.663116
25110	-3994.676	-4255.529	260.8535	1.896092	0.666669	0.333331	1.660976
25116	-3998.455	-4259.689	261.2342	1.873198	0.682949	0.317051	1.394676
25122	-3981.381	-4242.653	261.2722	1.96909	0.713075	0.286925	1.287909
25128	-3974.431	-4235.641	261.2107	1.99784	0.670619	0.329381	1.314475
25134	-3976.981	-4238.318	261.3374	2.0733	0.599839	0.400161	1.14395
25140	-3988.937	-4250.303	261.3657	2.050818	0.587698	0.412302	1.138726
25146	-3975.532	-4236.86	261.3285	2.088043	0.590153	0.409847	1.138726
25152	-3993.972	-4255.3	261.3285	2.088043	0.758369	0.241631	1.138726
25158	-3994.489	-4255.725	261.2357	2.067147	0.599423	0.400577	1.236934
25164	-3982.84	-4244.142	261.3018	2.059077	0.696439	0.303561	1.187581
25170	-3986.478	-4247.808	261.3295	2.036719	0.582572	0.417428	1.182929
25176	-3981.192	-4242.499	261.3075	2.028346	0.563977	0.436023	1.20903
25182	-3985.009	-4246.079	261.0695	1.97741	0.74358	0.25642	1.441397
25188	-3987.551	-4248.659	261.1086	1.969766	0.683138	0.316862	1.417195
25194	-3978.15	-4239.207	261.0568	2.010208	0.637197	0.362803	1.425966
25200	-3986.314	-4247.311	260.9971	1.84347	0.753548	0.246452	1.595281
25206	-3978.168	-4239.263	261.0956	1.847102	0.686579	0.313421	1.520037
25212	-3993.215	-4254.241	261.0256	1.855441	0.630624	0.369376	1.565658
25218	-3987.269	-4248.477	261.2084	1.922124	0.702814	0.297186	1.376584
25224	-3979.549	-4240.759	261.2101	1.874281	0.665832	0.334168	1.412559
25230	-3983.941	-4245.073	261.1328	1.93043	0.665832	0.334168	1.428905
25236	-3995.437	-4256.592	261.1555	1.985007	0.680112	0.319888	1.368705
25242	-3986.934	-4248.059	261.1245	1.91896	0.680112	0.319888	1.444032
25248	-3992.511	-4253.629	261.1184	1.91896	0.680112	0.319888	1.448707
25254	-3984.495	-4245.502	261.0076	1.921251	0.751504	0.248496	1.530344
25260	-3972.206	-4233.27	261.064	1.908747	0.685271	0.314729	1.497569
25266	-3979.09	-4240.131	261.0405	1.942121	0.687278	0.312722	1.490153
25272	-3987.154	-4248.157	261.0032	1.922353	0.646529	0.353471	1.532859
25278	-3982.84	-4243.983	261.1435	1.942259	0.635456	0.364544	1.411513
25284	-3995.607	-4256.827	261.2199	2.000913	0.635456	0.364544	1.304544
25290	-3990.168	-4251.342	261.1737	1.939336	0.672687	0.327313	1.390286
25296	-3989.84	-4250.969	261.1288	1.955576	0.678758	0.321242	1.412593
25302	-3997.826	-4259.047	261.2213	1.988754	0.667659	0.332341	1.313297
25308	-3974.058	-4235.307	261.2487	2.033398	0.667659	0.332341	1.254286
25314	-3982.962	-4244.373	261.4119	2.083006	0.702777	0.297223	1.067054
25320	-3981.223	-4242.495	261.2718	2.088331	0.733548	0.266452	1.188197
25326	-3975.856	-4237.065	261.2087	2.099486	0.706901	0.293099	1.232427
25332	-3980.119	-4241.393	261.2742	2.095609	0.496302	0.503698	1.179864
25338	-3984.422	-4245.654	261.232	2.076438	0.645549	0.354451	1.232212
25344	-3981.112	-4242.38	261.2677	2.040757	0.635085	0.364915	1.232212
25350	-3975.745	-4236.959	261.2139	2.080272	0.795832	0.204168	1.244174
25356	-3976.796	-4237.954	261.1579	2.042044	0.766091	0.233909	1.321395
25362	-3979.825	-4241.109	261.2841	2.039693	0.766091	0.233909	1.219296
25368	-3990.676	-4251.922	261.2463	2.084956	0.67758	0.32242	1.212923
25374	-3988.955	-4250.346	261.3919	2.179854	0.67758	0.32242	0.9922818
25380	-3968.008	-4229.414	261.406	2.24381	0.669608	0.330392	0.9099165
25386	-3980.823	-4242.24	261.4174	2.232474	0.769509	0.230491	0.9099165
25392	-3965.432	-4226.822	261.39	2.259894	0.686938	0.313062	0.9099165
25398	-3969.319	-4230.699	261.3797	2.269949	0.682474	0.317526	0.9101324
25404	-3981.896	-4243.276	261.3797	2.269949	0.675393	0.324607	0.9101324
25410	-3995.505	-4256.962	261.4572	2.293903	0.783269	0.216731	0.7862722
25416	-3983.701	-4245.132	261.4308	2.319601	0.661035	0.338965	0.7872227
25422	-3980.42	-4241.848	261.4286	2.29658	0.751192	0.248808	0.8205743
25428	-3977.139	-4238.567	261.4286	2.29658	0.72662	0.27338	0.8205743
25434	-3981.607	-4243.012	261.4048	2.29658	0.67054	0.32946	0.8502478
25440	-3974.966	-4236.315	261.3489	2.29658	0.713873	0.286127	0.9148043
25446	-3973.344	-4234.744	261.3996	2.126882	0.690744	0.309256	1.036907
25452	-3990.045	-4251.457	261.4124	2.013992	0.695212	0.304788	1.129885
25458	-3992.795	-4254.144	261.3481	2.129854	0.637897	0.362103	1.082894
25464	-3998.509	-4259.857	261.3481	2.129854	0.594557	0.405443	1.082894
25470	-3989.276	-4250.608	261.3316	2.079948	0.594557	0.405443	1.14319
25476	-4002.694	-4264.081	261.3868	2.076928	0.594557	0.405443	1.096016
25482	-3978.796	-4240.082	261.2861	2.086279	0.698291	0.301709	1.17762
25488	-3983.235	-4244.517	261.2816	2.130472	0.666556	0.333444	1.142735
25494	-3991.672	-4252.993	261.3209	2.188051	0.64799	0.35201	1.053699
25500	-4010.783	-4271.843	261.0598	1.977974	0.643214	0.356786	1.448417
25506	-4002.062	-4263.169	261.1063	2.065294	0.69425	0.30575	1.344125
25512	-4001.923	-4262.522	260.5986	1.774423	0.797756	0.202244	1.922259
25518	-4000.066	-4260.597	260.531	1.802896	0.739403	0.260597	1.948697
25524	-3989.689	-4250.734	261.0443	1.892725	0.635621	0.364379	1.524319
25530	-3992.048	-4253.071	261.0232	1.88333	0.762736	0.237264	1.546893
25536	-3982.742	-4244.039	261.2975	1.959907	0.7009	0.2991	1.274683
25542	-3995.384	-4256.781	261.3968	2.334028	0.705847	0.294153	0.8133116
25548	-4004.7	-4266.03	261.3303	2.317414	0.832973	0.167027	0.9123089
25554	-3984.941	-4246.311	261.3709	2.187037	0.707379	0.292621	1.006134
25560	-3992.357	-4253.643	261.2866	2.170289	0.670201	0.329799	1.102269
25566	-3996.299	-4257.533	261.234	2.102442	0.653428	0.346572	1.208497
25572	-4006.979	-4268.235	261.2564	2.172759	0.653428	0.346572	1.127434
25578	-3991.164	-4252.42	261.2561	2.141407	0.734351	0.265649	1.155617
25584	-3984.413	-4245.591	261.1781	2.121609	0.618092	0.381908	1.239541
25590	-3980.964	-4242.187	261.2232	2.100731	0.663769	0.336231	1.219178
25596	-3975.753	-4237.162	261.4095	2.144491	0.602505	0.397495	1.010046
25602	-3992.601	-4253.64	261.0395	2.106549	0.676719	0.323281	1.364339
25608	-3986.313	-4247.4	261.0867	2.026268	0.714626	0.285374	1.390297
25614	-3978.261	-4239.348	261.0866	2.026268	0.714626	0.285374	1.390427
25620	-3986.582	-4247.798	261.2164	2.002688	0.714626	0.285374	1.305987
25626	-3981.876	-4242.92	261.0437	1.916878	0.714626	0.285374	1.506753
25632	-4005.857	-4266.731	260.8742	2.050324	0.744684	0.255316	1.533561
25638	-3990.531	-4251.778	261.2463	1.979561	0.676513	0.323487	1.300514
25644	-3994.372	-4255.547	261.1748	2.001263	0.654065	0.345935	1.340593
25650	-4002.948	-4264.165	261.2172	2.006957	0.655336	0.344664	1.301896
25656	-3980.823	-4242.06	261.2366	2.080382	0.682359	0.317641	1.225045
25662	-3989.166	-4250.489	261.323	2.066355	0.658083	0.341917	1.162812
25668	-3988.899	-4250.132	261.2332	1.998827	0.70306	0.29694	1.295426
25674	-3988.483	-4249.677	261.1938	2.038237	0.648831	0.351169	1.295426
25680	-3989.489	-4250.557	261.0679	2.070259	0.648831	0.351169	1.370567
25686	-3996.966	-4258.052	261.0868	2.008635	0.762114	0.237886	1.404004
25692	-3991.83	-4252.963	261.1323	2.090689	0.629389	0.370611	1.302785
25698	-3984.937	-4246.027	261.0899	2.090689	0.65059	0.34941	1.336938
25704	-4003.776	-4264.869	261.0928	1.969321	0.650107	0.349893	1.429752
25710	-3991.184	-4252.564	261.3792	2.236175	0.706556	0.293444	0.9472419
25716	-3977.095	-4238.531	261.4365	2.236175	0.647556	0.352444	0.8841181
25722	-3993.734	-4255.194	261.4599	2.226466	0.647556	0.352444	0.8681843
25728	-3985.665	-4247.108	261.4434	2.284127	0.658436	0.341564	0.8176349
25734	-3990.492	-4251.94	261.4474	2.23369	0.668248	0.331752	0.8743369
25740	-3992.01	-4253.429	261.4192	2.231644	0.668248	0.331752	0.908838
25746	-3982.023	-4243.471	261.4479	2.044562	0.69531	0.30469	1.069323
25752	-4000.339	-4261.595	261.256	1.977102	0.772891	0.227109	1.294574
25758	-3995.974	-4257.231	261.2569	2.056245	0.599665	0.400335	1.228241
25764	-4023.728	-4284.842	261.1134	2.027093	0.554089	0.445911	1.368741
25770	-4007.25	-4268.671	261.4214	2.144127	0.680757	0.319243	0.9985986
25776	-3993.208	-4254.666	261.4573	2.18237	0.680757	0.319243	0.9211092
25782	-3993.533	-4254.904	261.3716	2.178284	0.707982	0.292018	1.01409
25788	-3993.107	-4254.58	261.4733	2.154712	0.635176	0.364824	0.9337769
25794	-3981.059	-4242.413	261.3546	2.209604	0.733882	0.266118	0.9999314
25800	-3984.621	-4246.011	261.3897	2.303078	0.617509	0.382491	0.8605722
25806	-3994.325	-4255.672	261.3476	2.34516	0.617509	0.382491	0.8605722
25812	-3997.105	-4258.444	261.3393	2.427504	0.591089	0.408911	0.7641028
25818	-3986.792	-4248.158	261.3663	2.421107	0.656227	0.343773	0.7331711
25824	-3990.39	-4251.719	261.3295	2.41816	0.640248	0.359752	0.7909157
25830	-3983.712	-4245.11	261.3977	2.392376	0.633756	0.366244	0.7288318
25836	-3977.303	-4238.702	261.3993	2.263315	0.633756	0.366244	0.8955797
25842	-3990.266	-4251.628	261.3615	2.334989	0.670727	0.329273	0.856172
25848	-3987.572	-4248.949	261.3762	2.316597	0.670727	0.329273	0.8605636
25854	-3994.48	-4255.888	261.4074	2.285382	0.671579	0.328421	0.8605636
25860	-3999.772	-4261.179	261.407	2.30972	0.724454	0.275546	0.8312917
25866	-3992.995	-4254.349	261.3545	2.260213	0.724454	0.275546	0.9479803
25872	-3994.4	-4255.705	261.3048	2.317717	0.724454	0.275546	0.9396248
25878	-4011.516	-4272.91	261.3941	2.347904	0.611818	0.388182	0.7985327
25884	-4006.234	-4266.752	260.5175	1.783995	0.618749	0.381251	1.970425
25890	-4000.639	-4262.021	261.3816	2.324196	0.615898	0.384102	0.8449048
25896	-3987.952	-4249.352	261.4	2.231158	0.615898	0.384102	0.9303853
25902	-4010.121	-4271.156	261.0353	1.938927	0.740672	0.259328	1.496476
25908	-4012.718	-4273.871	261.1523	1.865454	0.632405	0.367595	1.463658
25914	-3994.122	-4255.377	261.2551	2.093411	0.65799	0.34201	1.198206
25920	-4001.399	-4262.756	261.3578	2.050857	0.648457	0.351543	1.145769
25926	-3990.609	-4251.929	261.3199	2.117752	0.651455	0.348545	1.119803
25932	-3984.992	-4246.367	261.375	2.140456	0.708248	0.291752	1.047536
25938	-3989.697	-4251.033	261.3355	2.227752	0.715922	0.284078	1.000844
25944	-3978.122	-4239.018	260.8957	1.898773	0.629288	0.370712	1.628725
25950	-3985.927	-4246.704	260.7769	1.828676	0.68623	0.31377	1.762651
25956	-3986.89	-4247.451	260.5608	1.788231	0.68623	0.31377	1.938456
25962	-3995.278	-4255.859	260.5811	1.643206	0.68623	0.31377	2.021932
25968	-3984.404	-4244.493	260.0885	1.560968	0.79569	0.20431	2.393736
25974	-4000.355	-4260.048	259.6932	1.538284	0.731881	0.268119	2.654435
25980	-3986.328	-4246.545	260.2172	1.597576	0.762759	0.237241	2.288659
25986	-3991.042	-4251.437	260.3953	1.608025	0.792842	0.207158	2.167091
25992	-3990.093	-4250.891	260.798	1.79751	0.58982	0.41018	1.769671
25998	-3978.162	-4238.816	260.654	1.685399	0.780762	0.219238	1.944952
26004	-3979.653	-4240.258	260.6045	1.659566	0.688471	0.311529	1.995443
26010	-3996.99	-4257.622	260.6315	1.622803	0.750681	0.249319	2.001986
26016	-4011.705	-4271.943	260.2381	1.621054	0.622547	0.377453	2.26019
26022	-3994.339	-4254.074	259.7353	1.618874	0.643332	0.356668	2.578548
26028	-4007.304	-4266.81	259.5063	1.483252	0.668071	0.331929	2.802551
26034	-3999.918	-4260.21	260.2916	1.675339	0.719916	0.280084	2.190684
26040	-4001.288	-4261.162	259.8735	1.62645	0.719916	0.280084	2.487777
26046	-3993.193	-4253.44	260.2467	1.637366	0.719916	0.280084	2.244155
26052	-4008.731	-4269.281	260.5506	1.679593	0.692822	0.307178	2.017977
26058	-4007.036	-4267.61	260.5733	1.650721	0.675841	0.324159	2.022117
26064	-3988.349	-4249.439	261.0894	1.947743	0.621707	0.378293	1.44883
26070	-3992.881	-4253.864	260.9827	1.969836	0.605362	0.394638	1.512749
26076	-4010.234	-4271.63	261.3956	2.038957	0.683636	0.316364	1.122564
26082	-3997.931	-4259.274	261.3423	2.035814	0.708291	0.291709	1.172615
26088	-4000.445	-4261.799	261.3538	2.07518	0.738765	0.261235	1.127615
26094	-3981.651	-4242.954	261.3035	2.09447	0.590444	0.409556	1.155184
26100	-3984.233	-4245.409	261.176	2.113575	0.745719	0.254281	1.248034
26106	-3988.03	-4249.354	261.3244	2.054843	0.76785	0.23215	1.171579
26112	-3972.729	-4234.059	261.33	2.186246	0.674193	0.325807	1.046766
26118	-3981.677	-4242.976	261.2988	2.176074	0.678676	0.321324	1.085775
26124	-3990.501	-4251.817	261.3165	2.084352	0.723417	0.276583	1.152651
26130	-3975.033	-4236.331	261.2975	2.052202	0.696065	0.303935	1.197187
26136	-3990.383	-4251.707	261.3239	2.025834	0.696065	0.303935	1.197187
26142	-3990.787	-4252.091	261.3041	1.928114	0.696065	0.303935	1.295348
26148	-3981.949	-4243.334	261.3846	2.086226	0.662263	0.337737	1.089461
26154	-3997.514	-4258.89	261.3756	2.095239	0.727083	0.272917	1.089461
26160	-3989.967	-4251.237	261.2703	2.063626	0.711226	0.288774	1.210703
26166	-3991.534	-4252.823	261.2898	2.115199	0.651774	0.348226	1.149024
26172	-4003.643	-4265.058	261.4152	2.112595	0.59367	0.40633	1.035639
26178	-4009.887	-4271.156	261.2696	2.130457	0.537999	0.462001	1.153348
26184	-3990.133	-4251.523	261.3896	2.13279	0.682973	0.317027	1.040896
26190	-3989.508	-4250.775	261.2662	2.13279	0.636944	0.363056	1.154258
26196	-3984.562	-4245.865	261.3023	2.124492	0.775207	0.224793	1.12961
26202	-3996.553	-4257.832	261.2792	2.108498	0.742688	0.257312	1.164193
26208	-4003.15	-4264.444	261.2938	2.065912	0.630853	0.369147	1.188593
26214	-3992.091	-4253.476	261.3849	2.018574	0.660956	0.339044	1.150349
26220	-3980.794	-4242.091	261.2978	2.105624	0.737369	0.262631	1.150349
26226	-3990.021	-4251.274	261.2523	2.165383	0.737369	0.262631	1.137691
26232	-3997.869	-4259.061	261.1915	2.034766	0.723357	0.276643	1.300133
26238	-3985.539	-4246.468	260.9292	1.946997	0.694599	0.305401	1.569267
26244	-3981.662	-4242.8	261.1377	1.94807	0.665508	0.334492	1.41145
26250	-3984.157	-4245.27	261.1125	1.903672	0.639406	0.360594	1.464794
26256	-3981.665	-4242.609	260.9437	1.903672	0.622567	0.377433	1.5903
26262	-3994.455	-4255.295	260.8398	1.748147	0.65094	0.34906	1.77495
26268	-3979.117	-4240.064	260.9467	1.819664	0.692221	0.307779	1.648917
26274	-3964.976	-4225.768	260.7921	1.798767	0.692221	0.307779	1.772911
26280	-3977.572	-4238.409	260.8367	1.844086	0.688925	0.311075	1.709831
26286	-3987.476	-4248.343	260.8668	1.78872	0.716167	0.283833	1.727672
26292	-3980.006	-4240.775	260.7694	1.753918	0.716167	0.283833	1.819732
26298	-3979.279	-4240.294	261.0159	1.865786	0.689416	0.310584	1.56519
26304	-3971.727	-4232.665	260.9385	1.813765	0.707288	0.292712	1.659038
26310	-3980.157	-4241.112	260.9547	1.853373	0.707288	0.292712	1.618864
26316	-3973.511	-4234.48	260.9688	1.934909	0.665671	0.334329	1.549011
26322	-3978.683	-4239.836	261.1525	1.934909	0.589859	0.410141	1.410192
26328	-3973.291	-4234.47	261.1787	1.971771	0.697074	0.302926	1.360834
26334	-3976.592	-4237.715	261.1231	2.027415	0.726977	0.273023	1.360834
26340	-3990.29	-4251.398	261.108	2.070165	0.778	0.222	1.338855
26346	-3987.952	-4249.162	261.2102	1.931077	0.690837	0.309163	1.368135
26352	-3991.576	-4252.737	261.1615	2.014236	0.690837	0.309163	1.34084
26358	-3982.062	-4243.098	261.0367	1.95231	0.674401	0.325599	1.485386
26364	-3989.159	-4250.435	261.2756	1.984686	0.706335	0.293665	1.272329
26370	-3986.998	-4248.042	261.0437	1.951292	0.695023	0.304977	1.480883
26376	-3980.743	-4241.849	261.106	1.982134	0.695023	0.304977	1.409684
26382	-3990.835	-4252.118	261.2829	2.115945	0.629685	0.370315	1.154402
26388	-3985.201	-4246.48	261.2791	2.119794	0.777545	0.222455	1.154402
26394	-3989.762	-4251.066	261.3037	2.094709	0.688972	0.311028	1.154765
26400	-3979.769	-4241.096	261.327	2.065954	0.584456	0.415544	1.159574
26406	-3969.703	-4231.062	261.3591	2.11296	0.628348	0.371652	1.088303
26412	-3997.974	-4259.309	261.3356	1.99522	0.716611	0.283389	1.21329
26418	-3994.672	-4256.066	261.3939	2.05078	0.800566	0.199434	1.113459
26424	-3986.843	-4248.231	261.3873	2.00515	0.745581	0.254419	1.160064
26430	-3982.601	-4243.892	261.2914	1.999672	0.688527	0.311473	1.246792
26436	-3978.062	-4239.042	260.9797	1.901273	0.688527	0.311473	1.565725
26442	-3980.6	-4241.755	261.1552	1.881183	0.721344	0.278656	1.449406
26448	-3984.026	-4245.318	261.2918	2.120957	0.609152	0.390848	1.142138
26454	-3992.604	-4253.896	261.2919	2.258669	0.717443	0.282557	1.013462
26460	-3981.48	-4242.824	261.3432	2.220367	0.656806	0.343194	1.000495
26466	-3979.436	-4240.855	261.4186	2.167349	0.654741	0.345259	0.9778904
26472	-3974.409	-4235.796	261.3866	2.096479	0.654741	0.345259	1.078115
26478	-3980.507	-4241.841	261.3339	2.096479	0.613427	0.386573	1.126322
26484	-3978.995	-4240.217	261.2225	2.074674	0.749764	0.250236	1.241733
26490	-3995.702	-4256.886	261.1843	1.984942	0.639534	0.360466	1.345998
26496	-3978.935	-4240.173	261.2377	1.958357	0.716603	0.283397	1.324587
26502	-3985.713	-4246.904	261.1911	1.932646	0.731331	0.268669	1.381931
26508	-3985.529	-4246.833	261.3044	2.019722	0.737948	0.262052	1.218974
26514	-3989.646	-4251.07	261.4239	2.319808	0.714346	0.285654	0.7963318
26520	-4005.748	-4267.112	261.3639	2.247797	0.793233	0.206767	0.9511477
26526	-3987.429	-4248.819	261.3903	2.221414	0.717495	0.282505	0.9511477
26532	-3982.212	-4243.586	261.3736	2.309854	0.645158	0.354842	0.8716079
26538	-3989.898	-4251.361	261.4627	2.220723	0.65255	0.34745	0.8716079
26544	-3978.836	-4240.229	261.393	2.323496	0.645858	0.354142	0.8315272
26550	-3973.55	-4234.914	261.3639	2.352067	0.736904	0.263096	0.8322758
26556	-3989.604	-4250.97	261.3653	2.389343	0.645361	0.354639	0.7813967
26562	-3978.264	-4239.68	261.416	2.339115	0.645361	0.354639	0.780689
26568	-3988.16	-4249.56	261.3995	2.354733	0.645361	0.354639	0.7819632
26574	-3993.71	-4255.099	261.3886	2.380398	0.659939	0.340061	0.7609837
26580	-3996.549	-4258.066	261.5173	2.250919	0.730801	0.269199	0.7621128
26586	-3996.711	-4258.114	261.4031	2.290425	0.592628	0.407372	0.8596951
26592	-3992.167	-4253.622	261.4551	2.258478	0.632664	0.367336	0.8352605
26598	-3990.461	-4251.916	261.4551	2.258478	0.632664	0.367336	0.8352605
26604	-4007.521	-4268.976	261.4551	2.258478	0.66951	0.33049	0.8352605
26610	-3989.45	-4250.896	261.4466	2.254074	0.66951	0.33049	0.8511428
26616	-3983.232	-4244.657	261.425	2.267851	0.761018	0.238982	0.8604455
26622	-3994.081	-4255.474	261.3928	2.267851	0.633391	0.366609	0.8977921
26628	-4002.348	-4263.806	261.4584	2.231416	0.633391	0.366609	0.8641088
26634	-4001.108	-4262.52	261.4119	2.372453	0.605945	0.394055	0.7378506
26640	-3988.281	-4249.614	261.333	2.418854	0.703087	0.296913	0.7852677
26646	-3986.049	-4247.395	261.3458	2.408664	0.731985	0.268015	0.7815799
26652	-3984.367	-4245.742	261.3747	2.188308	0.739191	0.260809	1.001129
26658	-3997.628	-4258.972	261.344	2.207016	0.645282	0.354718	1.012969
26664	-3980.807	-4242.186	261.3792	2.234461	0.663898	0.336102	0.9491033
26670	-3987.701	-4249.132	261.431	2.187421	0.665302	0.334698	0.9440378
26676	-4001.821	-4263.163	261.3412	2.239632	0.734441	0.265559	0.9831304
26682	-3994.655	-4256.03	261.3747	2.311698	0.734441	0.265559	0.8681279
26688	-3990.457	-4251.8	261.3434	2.332263	0.646784	0.353216	0.8806807
26694	-3977.902	-4239.293	261.391	2.241056	0.646784	0.353216	0.9294517
26700	-3985.483	-4246.853	261.3698	2.262238	0.623999	0.376001	0.9294517
26706	-3974.888	-4236.172	261.2839	2.262238	0.670602	0.329398	1.017801
26712	-3987.18	-4248.476	261.2958	2.262238	0.629208	0.370792	1.006039
26718	-3984.264	-4245.559	261.2945	2.307694	0.751101	0.248899	0.9610795
26724	-3994.033	-4255.39	261.3568	2.265169	0.659293	0.340707	0.9402741
26730	-3986.036	-4247.438	261.4026	2.230182	0.698036	0.301964	0.9286282
26736	-3992.85	-4254.21	261.3596	2.173744	0.657206	0.342794	1.03034
26742	-3983.718	-4245.159	261.441	2.257636	0.676449	0.323551	0.8535133
26748	-3984.744	-4246.175	261.4308	2.27883	0.679325	0.320675	0.8400826
26754	-3990.358	-4251.756	261.3984	2.311311	0.691302	0.308698	0.8400826
26760	-3991.493	-4252.81	261.317	2.389651	0.691302	0.308698	0.8438375
26766	-3987.992	-4249.395	261.4031	2.298671	0.701495	0.298505	0.8497831
26772	-4000.823	-4262.185	261.3619	2.358987	0.692641	0.307359	0.8260786
26778	-4004.605	-4266.006	261.4009	2.320233	0.708828	0.291172	0.825801
26784	-3991.468	-4252.904	261.4354	2.35423	0.698841	0.301159	0.7296676
26790	-3975.764	-4237.138	261.3749	2.391523	0.72077	0.27923	0.7647642
26796	-3972.537	-4233.893	261.3562	2.373898	0.648544	0.351456	0.8143127
26802	-4002.461	-4263.787	261.3262	2.403861	0.633153	0.366847	0.8143127
26808	-4000.881	-4262.21	261.3289	2.400385	0.724903	0.275097	0.8153566
26814	-3995.047	-4256.415	261.3677	2.319709	0.723505	0.276495	0.8669863
26820	-4003.821	-4265.214	261.3932	2.291978	0.621657	0.378343	0.8695519
26826	-3991.438	-4252.793	261.3548	2.150546	0.621657	0.378343	1.057199
26832	-3981.889	-4243.194	261.3055	2.160717	0.621657	0.378343	1.093714
26838	-3993.663	-4255.016	261.3525	2.192075	0.653952	0.346048	1.019286
26844	-3993.435	-4254.641	261.2058	2.102669	0.653952	0.346048	1.232245
26850	-3997.94	-4258.957	261.0172	1.973934	0.653952	0.346048	1.483793
26856	-3979.67	-4240.72	261.0499	1.927454	0.653952	0.346048	1.494178
26862	-3990.721	-4251.978	261.2568	2.028969	0.627389	0.372611	1.251259
26868	-3994.607	-4255.733	261.1254	2.081733	0.623381	0.376619	1.315648
26874	-3989.454	-4250.704	261.2495	1.986745	0.637114	0.362886	1.292031
26880	-3996.177	-4257.339	261.1617	2.013345	0.600195	0.399805	1.341395
26886	-3995.534	-4256.881	261.3473	2.013345	0.667496	0.332504	1.187785
26892	-4007.148	-4268.431	261.2836	2.065275	0.557897	0.442103	1.197895
26898	-3999.727	-4261.046	261.3183	2.044364	0.673476	0.326524	1.185975
26904	-3998.775	-4260.196	261.4211	2.159831	0.754883	0.245117	0.9830049
26910	-3997.407	-4258.758	261.3511	2.233557	0.754883	0.245117	0.9791756
26916	-3995.436	-4256.9	261.4643	2.141846	0.704078	0.295922	0.956955
26922	-3988.877	-4250.248	261.3705	2.238596	0.670425	0.329575	0.9539032
26928	-3989.539	-4250.842	261.3035	2.149027	0.670425	0.329575	1.106285
26934	-3976.911	-4238.167	261.2558	2.149027	0.741485	0.258515	1.149159
26940	-3985.517	-4246.794	261.2774	2.040977	0.717567	0.282433	1.223826
26946	-4000.808	-4262.083	261.2751	2.079524	0.659708	0.340292	1.192946
26952	-3999.698	-4260.932	261.2335	1.976654	0.721503	0.278497	1.313199
26958	-3989.386	-4250.416	261.0299	1.967928	0.660592	0.339408	1.478747
26964	-4002.024	-4262.653	260.6297	1.679984	0.726656	0.273344	1.96494
26970	-4006.925	-4267.344	260.4194	1.7408	0.72733	0.27267	2.064385
26976	-3993.82	-4254.068	260.2471	1.663269	0.706506	0.293494	2.227237
26982	-3988.813	-4248.897	260.0839	1.599798	0.713315	0.286685	2.372066
26988	-4004.071	-4264.059	259.9887	1.622307	0.689065	0.310935	2.418025
26994	-4002.522	-4263.875	261.3533	2.304355	0.636198	0.363802	0.9011523
27000	-3984.875	-4246.242	261.3668	2.253968	0.654061	0.345939	0.9415817
27006	-3972.066	-4233.452	261.386	2.253968	0.749906	0.250094	0.920856
27012	-3979.934	-4241.374	261.4401	2.305947	0.68879	0.31121	0.7930991
27018	-3983.292	-4244.72	261.4284	2.263238	0.68879	0.31121	0.8619044
27024	-3980.122	-4241.587	261.4648	2.214576	0.702143	0.297857	0.8764015
27030	-3988.796	-4250.256	261.4597	2.215612	0.695051	0.304949	0.8811014
27036	-3977.515	-4238.984	261.4696	2.261485	0.651905	0.348095	0.8129499
27042	-3974.965	-4236.439	261.4744	2.284027	0.651905	0.348095	0.7760478
27048	-3988.743	-4250.196	261.4524	2.304523	0.746189	0.253811	0.7782327
27054	-3986.076	-4247.53	261.4541	2.161941	0.676904	0.323096	0.9466144
27060	-3980.786	-4242.142	261.3564	2.131537	0.666067	0.333933	1.073601
27066	-3994.935	-4256.33	261.3944	2.227556	0.733317	0.266683	0.9403019
27072	-3996.141	-4257.525	261.3845	2.339271	0.661853	0.338147	0.8224409
27078	-4000.12	-4261.54	261.4203	2.306284	0.742719	0.257281	0.8188236
27084	-3994.052	-4255.443	261.3905	2.371086	0.745715	0.254285	0.7716338
27090	-3990.774	-4252.17	261.3955	2.371086	0.668095	0.331905	0.7644319
27096	-4001.701	-4263.122	261.4211	2.345497	0.658238	0.341762	0.7644319
27102	-3998.535	-4259.956	261.4211	2.345497	0.7204	0.2796	0.7644319
27108	-3992.293	-4253.72	261.4266	2.345497	0.72295	0.27705	0.7564283
27114	-3996.478	-4257.281	260.8031	1.786311	0.642296	0.357704	1.773974
27120	-3997.238	-4258.002	260.7639	1.758707	0.698461	0.301539	1.820205
27126	-3989.779	-4250.641	260.8628	1.740735	0.792602	0.207398	1.764067
27132	-3990.959	-4251.765	260.8066	1.750585	0.635312	0.364688	1.796309
27138	-3992.792	-4253.541	260.7487	1.808494	0.635312	0.364688	1.796309
27144	-4000.622	-4261.335	260.7135	1.843684	0.721561	0.278439	1.796309
27150	-3994.367	-4255.315	260.9478	1.795218	0.667917	0.332083	1.665666
27156	-3994.073	-4254.9	260.8272	1.719822	0.740903	0.259097	1.803392
27162	-3983.871	-4244.498	260.6268	1.704521	0.742934	0.257066	1.950425
27168	-3989.614	-4250.373	260.7591	1.787646	0.713311	0.286689	1.803549
27174	-3982.424	-4243.252	260.8287	1.834569	0.664137	0.335863	1.722182
27180	-3973.524	-4234.418	260.8936	1.791668	0.572594	0.427406	1.706684
27186	-3980.174	-4241.039	260.8647	1.799545	0.795479	0.204521	1.721563
27192	-3981.117	-4241.911	260.7938	1.818912	0.650873	0.349127	1.757722
27198	-3984.412	-4245.238	260.8259	1.786734	0.634713	0.365287	1.757722
27204	-3986.265	-4247.07	260.8056	1.817277	0.634713	0.365287	1.750612
27210	-3973.503	-4234.27	260.7669	1.800856	0.607392	0.392608	1.789007
27216	-3982.871	-4243.84	260.9684	1.891168	0.623878	0.376122	1.581424
27222	-3986.318	-4247.2	260.882	1.7701	0.642939	0.357061	1.730069
27228	-3978.526	-4239.6	261.0734	1.851821	0.76453	0.23547	1.533047
27234	-3988.4	-4249.443	261.0433	1.810083	0.753147	0.246853	1.585932
27240	-4005.963	-4267.183	261.2206	1.970845	0.676678	0.323322	1.328248
27246	-3986.791	-4247.901	261.1096	1.899518	0.707766	0.292234	1.4702
27252	-3993.651	-4254.74	261.0892	1.908011	0.707766	0.292234	1.479186
27258	-4005.016	-4265.856	260.8403	1.822976	0.751075	0.248925	1.722208
27264	-4001.762	-4262.854	261.0922	1.807003	0.66972	0.33028	1.552298
27270	-3986.671	-4247.876	261.2048	1.844593	0.708173	0.291827	1.439496
27276	-3994.653	-4255.688	261.0348	1.85916	0.679815	0.320185	1.556172
27282	-4001.075	-4262.118	261.0423	1.873565	0.631474	0.368526	1.539968
27288	-4007.763	-4268.245	260.4821	1.716796	0.587997	0.412003	2.038788
27294	-4001.014	-4261.482	260.468	1.730849	0.652335	0.347665	2.038788
27300	-3990.686	-4251.118	260.4327	1.654939	0.652335	0.347665	2.112024
27306	-3988.459	-4249.111	260.6517	1.741712	0.628989	0.371011	1.908531
27312	-3994.206	-4255.103	260.8965	1.811678	0.691365	0.308635	1.690432
27318	-3980.328	-4241.134	260.8054	1.824953	0.615058	0.384942	1.74531
27324	-3984.924	-4245.922	260.9984	1.781495	0.63948	0.36052	1.639169
27330	-3990.691	-4251.349	260.6586	1.685299	0.737602	0.262398	1.941934
27336	-3999.083	-4259.494	260.4104	1.550538	0.643624	0.356376	2.194595
27342	-4010.298	-4270.876	260.5784	1.730378	0.689644	0.310356	1.965571
27348	-3998.6	-4259.355	260.7543	1.74872	0.705544	0.294456	1.833708
27354	-4011.61	-4272.66	261.0498	1.921588	0.705544	0.294456	1.498608
27360	-4011.734	-4272.707	260.9726	1.893018	0.760271	0.239729	1.577
27366	-4017.017	-4278.082	261.0644	1.890653	0.649533	0.350467	1.510841
27372	-4001.276	-4262.021	260.7457	1.833233	0.733248	0.266752	1.781213
27378	-3999.491	-4260.272	260.781	1.797972	0.667432	0.332568	1.781213
27384	-3992.066	-4253.015	260.9488	1.886824	0.662294	0.337706	1.598854
27390	-4004.2	-4265.133	260.9329	1.857401	0.6051	0.3949	1.631733
27396	-4001.335	-4262.295	260.96	1.830269	0.716649	0.283351	1.631733
27402	-3985.905	-4246.942	261.0379	1.903661	0.61349	0.38651	1.520948
27408	-3993.534	-4254.756	261.2228	1.890852	0.762587	0.237413	1.389766
27414	-3994.779	-4255.901	261.122	1.87328	0.762587	0.237413	1.480616
27420	-3990.356	-4251.659	261.3034	1.985347	0.675079	0.324921	1.248779
27426	-3983.659	-4244.864	261.205	2.032894	0.675079	0.324921	1.290712
27432	-3987.521	-4248.754	261.2337	1.892878	0.658638	0.341362	1.379712
27438	-3990.303	-4251.573	261.2702	2.023015	0.70967	0.29033	1.244971
27444	-3982.509	-4243.551	261.0421	1.932299	0.68872	0.31128	1.496344
27450	-3997.274	-4258.508	261.2341	1.932299	0.732348	0.267652	1.348247
27456	-4004.507	-4265.722	261.2147	1.954673	0.774252	0.225748	1.345859
27462	-4000.781	-4262.144	261.3632	2.142495	0.74925	0.25075	1.056812
27468	-3992.49	-4253.856	261.3657	2.072715	0.678584	0.321416	1.119078
27474	-3994.752	-4255.615	260.8629	1.868551	0.684002	0.315998	1.673931
27480	-3994.754	-4255.558	260.8036	1.825991	0.65579	0.34421	1.745864
27486	-3991.485	-4252.385	260.9003	1.829534	0.675607	0.324393	1.67504
27492	-4004.077	-4264.836	260.759	1.873827	0.631329	0.368671	1.743629
27498	-3991.07	-4251.912	260.8419	1.736943	0.631329	0.368671	1.781307
27504	-3986.613	-4247.831	261.2174	1.910326	0.710363	0.289637	1.378796
27510	-3995.519	-4256.542	261.0231	1.885823	0.734561	0.265439	1.545118
27516	-3997.072	-4257.886	260.8141	1.866278	0.734561	0.265439	1.710173
27522	-3987.038	-4247.87	260.8327	1.806399	0.681628	0.318372	1.739181
27528	-4005.533	-4266.015	260.4822	1.798848	0.659169	0.340831	1.98409
27534	-3991.257	-4252.089	260.8318	1.818131	0.659169	0.340831	1.731618
27540	-3980.37	-4241.234	260.8648	1.792014	0.695976	0.304024	1.726773
27546	-3999.172	-4259.787	260.6153	1.866585	0.730744	0.269256	1.848185
27552	-3990.503	-4251.4	260.8969	1.805047	0.730744	0.269256	1.694908
27558	-3994.419	-4254.679	260.2604	1.737587	0.760042	0.239958	2.170509
27564	-4006.187	-4266.668	260.4806	1.836888	0.633026	0.366974	1.959721
27570	-4010.66	-4270.403	259.743	1.693931	0.718064	0.281936	2.527128
27576	-4021.711	-4281.687	259.9762	1.627966	0.718064	0.281936	2.422303
27582	-4009.496	-4269.095	259.5998	1.62111	0.696464	0.303536	2.660912
27588	-4012.857	-4272.405	259.5482	1.62111	0.712355	0.287645	2.692661
27594	-3990.763	-4250.532	259.7689	1.570464	0.755867	0.244133	2.587733
27600	-4003.352	-4263.592	260.2407	1.653195	0.69533	0.30467	2.237866
27606	-3987.583	-4248.141	260.5576	1.709595	0.69533	0.30467	1.993333
27612	-4001.283	-4261.747	260.4638	1.787101	0.69533	0.30467	2.004214
27618	-3991.396	-4252.134	260.7377	1.811978	0.710556	0.289444	1.801517
27624	-4006.42	-4267.009	260.5891	1.798695	0.63093	0.36907	1.912305
27630	-3992.943	-4253.928	260.9849	1.824308	0.675093	0.324907	1.618034
27636	-4008.154	-4269.248	261.0937	1.854194	0.682759	0.317241	1.516173
27642	-4017.219	-4278.61	261.3911	2.232298	0.753444	0.246556	0.9387439
27648	-4009.857	-4271.197	261.3397	2.232298	0.741088	0.258912	0.9920445
27654	-3988.592	-4249.84	261.2472	2.108948	0.660371	0.339629	1.191608
27660	-3994.048	-4255.311	261.2628	1.956439	0.650849	0.349151	1.305853
27666	-3987.543	-4248.713	261.1693	2.032547	0.555294	0.444706	1.319922
27672	-3976.379	-4237.522	261.143	2.015603	0.711536	0.288464	1.354408
27678	-3993.614	-4254.778	261.1636	2.012734	0.711536	0.288464	1.340327
27684	-3991.042	-4252.148	261.1058	2.012734	0.711536	0.288464	1.386004
27690	-3997.679	-4258.747	261.0676	1.947718	0.717069	0.282931	1.465483
27696	-3995.116	-4255.999	260.8834	1.805915	0.750096	0.249904	1.703827
27702	-3996.671	-4257.674	261.0032	1.89736	0.76468	0.23532	1.551303
27708	-3991.457	-4252.516	261.0599	1.878343	0.615325	0.384675	1.523419
27714	-3988.112	-4249.229	261.1173	1.893047	0.732783	0.267217	1.469209
27720	-3987.319	-4248.229	260.9104	1.835884	0.778988	0.221012	1.663285
27726	-3983.974	-4244.991	261.0168	1.942275	0.660232	0.339768	1.507818
27732	-3980.966	-4242.25	261.2842	1.912266	0.645152	0.354848	1.324226
27738	-3977.896	-4239.21	261.3142	2.006255	0.708615	0.291385	1.222079
27744	-3992.998	-4254.355	261.3569	2.040313	0.804245	0.195755	1.155882
27750	-3992.495	-4253.795	261.2998	2.040313	0.657829	0.342171	1.205362
27756	-3991.524	-4252.692	261.1684	2.040313	0.644499	0.355501	1.314363
27762	-3995.178	-4256.378	261.2005	2.039357	0.706296	0.293704	1.289105
27768	-3990.264	-4251.552	261.2886	2.027932	0.727022	0.272978	1.225418
27774	-3993.316	-4254.686	261.3698	2.179127	0.73422	0.26578	1.01508
27780	-4000	-4261.406	261.4052	2.220193	0.765128	0.234872	0.9366068
27786	-3996.856	-4258.271	261.4152	2.172991	0.765128	0.234872	0.9755886
27792	-3980.504	-4242.019	261.5154	2.190367	0.76797	0.23203	0.8448405
27798	-3974.536	-4235.988	261.4516	2.25425	0.677385	0.322615	0.8448405
27804	-3987.904	-4249.299	261.3948	2.224289	0.693466	0.306534	0.9433242
27810	-3985.098	-4246.53	261.4316	2.222747	0.694979	0.305021	0.9048667
27816	-3982.16	-4243.529	261.3686	2.222073	0.650551	0.349449	0.9730138
27822	-3987.137	-4248.49	261.3528	2.211455	0.642807	0.357193	0.9998246
27828	-3989.39	-4250.877	261.4871	2.229846	0.642807	0.357193	0.8310117
27834	-3989.805	-4251.257	261.4516	2.098837	0.749952	0.250048	1.01355
27840	-4000.818	-4262.127	261.3089	2.189442	0.675557	0.324443	1.06378
27846	-4000.045	-4261.288	261.2429	2.089311	0.715708	0.284292	1.212143
27852	-3988.982	-4250.397	261.4155	2.15609	0.705623	0.294377	0.9924259
27858	-3990.467	-4251.836	261.3691	2.223113	0.672321	0.327679	0.9714388
27864	-3974.253	-4235.66	261.4073	2.184981	0.672321	0.327679	0.9714388
27870	-3985.091	-4246.558	261.4668	2.125463	0.707852	0.292148	0.9714388
27876	-3981.579	-4242.995	261.4166	2.125463	0.769779	0.230221	1.021824
27882	-3976.786	-4238.174	261.3887	2.110216	0.639279	0.360721	1.06328
27888	-3976.93	-4238.376	261.4465	2.217582	0.645739	0.354261	0.8939674
27894	-3973.689	-4235.086	261.3969	2.217582	0.685889	0.314111	0.9482623
27900	-3987.284	-4248.741	261.4572	2.157116	0.750454	0.249546	0.9483668
27906	-3987.453	-4248.735	261.2824	2.064563	0.652932	0.347068	1.199501
27912	-3995.517	-4256.8	261.2826	2.064439	0.717383	0.282617	1.199501
27918	-3981.299	-4242.552	261.2528	2.064439	0.65598	0.34402	1.224789
27924	-3985.621	-4246.883	261.2614	1.988922	0.65598	0.34402	1.280483
27930	-3999.734	-4260.553	260.8194	1.83345	0.726029	0.273971	1.729574
27936	-3991.603	-4252.304	260.7002	1.865315	0.660312	0.339688	1.790565
27942	-3980.077	-4240.989	260.9114	1.768174	0.646429	0.353571	1.710714
27948	-4012.394	-4273.276	260.882	1.864049	0.674893	0.325107	1.663449
27954	-3990.854	-4251.986	261.1325	1.925017	0.726777	0.273223	1.433244
27960	-3993.531	-4254.521	260.9898	1.865524	0.614887	0.385113	1.58454
27966	-3992.187	-4253.162	260.975	1.88567	0.664713	0.335287	1.580652
27972	-3986.373	-4247.164	260.7908	1.814694	0.690417	0.309583	1.762709
27978	-3992.028	-4252.659	260.6307	1.879732	0.692656	0.307344	1.828607
27984	-3986.023	-4246.921	260.8976	1.852533	0.663829	0.336171	1.660587
27990	-3996.394	-4257.172	260.7776	1.787855	0.753922	0.246078	1.790577
27996	-3998.854	-4259.428	260.5745	1.787855	0.703246	0.296754	1.929463
28002	-3997.133	-4257.802	260.669	1.797644	0.613467	0.386533	1.858668
28008	-3996.012	-4256.681	260.669	1.797644	0.701539	0.298461	1.858668
28014	-4000.945	-4261.909	260.9643	1.753005	0.731244	0.268756	1.683979
28020	-3992.424	-4253.367	260.9424	1.971004	0.716523	0.283477	1.54184
28026	-3996.03	-4257.279	261.2497	1.99813	0.614779	0.385221	1.282568
28032	-3997.971	-4258.983	261.0122	1.90952	0.653584	0.346416	1.535641
28038	-4002.547	-4263.375	260.8285	1.855276	0.657104	0.342896	1.707753
28044	-3997.116	-4258.065	260.9484	1.778098	0.657104	0.342896	1.677413
28050	-3985.593	-4246.416	260.8233	1.86084	0.680989	0.319011	1.707462
28056	-3994.215	-4254.991	260.7758	1.736846	0.621167	0.378833	1.827071
28062	-3991.905	-4252.626	260.7214	1.740725	0.646638	0.353362	1.861705
28068	-3983.144	-4243.76	260.6155	1.790514	0.646638	0.353362	1.899953
28074	-3989.307	-4250.107	260.7999	1.767968	0.653884	0.346116	1.788905
28080	-3978.257	-4239.252	260.9949	1.832311	0.71806	0.28194	1.605025
28086	-3977.973	-4239.007	261.0341	1.848706	0.727175	0.272825	1.564386
28092	-3965.877	-4227.123	261.246	1.939687	0.727175	0.272825	1.332829
28098	-3976.011	-4237.124	261.1122	1.939687	0.727175	0.272825	1.437562
28104	-3981.756	-4242.892	261.1362	1.872136	0.73741	0.26259	1.470735
28110	-3987.266	-4248.261	260.9946	1.906723	0.731991	0.268009	1.550737
28116	-3996.686	-4257.774	261.0883	1.83174	0.776204	0.223796	1.536901
28122	-3978.484	-4239.47	260.9854	1.974897	0.697469	0.302531	1.506971
28128	-3990.724	-4251.898	261.1737	1.978116	0.697469	0.302531	1.359789
28134	-3990.996	-4252.207	261.2105	1.941348	0.776077	0.223923	1.359789
28140	-3983.476	-4244.611	261.1352	1.942962	0.681908	0.318092	1.417365
28146	-3987.605	-4248.78	261.1748	1.917133	0.681908	0.318092	1.406709
28152	-3995.035	-4256.097	261.0622	1.985054	0.693286	0.306714	1.441108
28158	-3991.48	-4252.621	261.1404	1.903473	0.639908	0.360092	1.443707
28164	-3996.583	-4257.565	260.982	1.859457	0.698695	0.301305	1.594629
28170	-3992.595	-4253.612	261.0167	1.889362	0.684246	0.315754	1.547277
28176	-4007.017	-4268.287	261.2692	1.951697	0.717581	0.282419	1.304518
28182	-4000.537	-4261.735	261.1977	2.026338	0.654174	0.345826	1.301929
28188	-3996.58	-4257.607	261.0265	1.94371	0.729784	0.270216	1.499516
28194	-4000.292	-4261.617	261.3254	2.113828	0.699814	0.300186	1.118374
28200	-3990.801	-4252.188	261.3868	2.065526	0.727586	0.272414	1.1065
28206	-3990.245	-4251.589	261.344	2.165195	0.690196	0.309804	1.053497
28212	-3987.725	-4249.138	261.4133	2.11781	0.68192	0.31808	1.032497
28218	-4000.306	-4261.684	261.3778	2.132371	0.693772	0.306228	1.052576
28224	-3994.531	-4255.856	261.325	2.119818	0.693772	0.306228	1.113268
28230	-3986.559	-4247.841	261.2827	2.122808	0.73015	0.26985	1.148511
28236	-3985.75	-4247.085	261.3352	2.181172	0.756773	0.243227	1.046705
28242	-3968.018	-4229.388	261.3701	2.068436	0.779268	0.220732	1.119025
28248	-3970.256	-4231.679	261.4227	2.066147	0.753132	0.246868	1.072708
28254	-3976.638	-4237.998	261.3595	2.142741	0.750576	0.249424	1.060089
28260	-3988.554	-4249.971	261.4169	2.213932	0.670315	0.329685	0.9307353
28266	-3989.984	-4251.427	261.4427	2.254373	0.670315	0.329685	0.8554157
28272	-3988.119	-4249.248	261.1286	1.888944	0.704331	0.295669	1.463755
28278	-3999.799	-4260.867	261.0678	1.95523	0.77144	0.22856	1.459592
28284	-3989.851	-4251.022	261.1709	1.947753	0.642853	0.357147	1.385892
28290	-3992.031	-4253.259	261.2276	1.986167	0.72155	0.27845	1.310298
28296	-3986.355	-4247.643	261.2879	1.96832	0.728426	0.271574	1.275677
28302	-3999.564	-4260.855	261.2911	1.965093	0.604954	0.395046	1.275677
28308	-3994.438	-4255.695	261.2572	2.016294	0.691788	0.308212	1.261407
28314	-3994.769	-4255.975	261.2064	1.98816	0.693343	0.306657	1.325745
28320	-4005.549	-4266.937	261.3883	2.324324	0.547803	0.452197	0.8364173
28326	-3988.351	-4249.73	261.3792	2.357082	0.714672	0.285328	0.8061499
28332	-3985.789	-4247.183	261.394	2.360162	0.779585	0.220415	0.7821002
28338	-3976.48	-4237.93	261.4505	2.306474	0.634775	0.365225	0.7781453
28344	-3993.821	-4255.192	261.3712	2.45365	0.636066	0.363934	0.6675724
28350	-3989.061	-4250.41	261.3494	2.50008	0.667004	0.332996	0.6108158
28356	-3993.698	-4255.023	261.3247	2.492138	0.787288	0.212712	0.6829445
28362	-3993.431	-4254.775	261.3442	2.502498	0.793396	0.206604	0.6183841
28368	-3996.209	-4257.636	261.4268	2.334709	0.686627	0.313373	0.7717439
28374	-4004.555	-4266.022	261.4672	2.294331	0.714152	0.285848	0.7717439
28380	-3994.76	-4255.842	261.0819	1.96906	0.62218	0.37782	1.438285
28386	-4006.224	-4267.256	261.0319	1.900673	0.629402	0.370598	1.527619
28392	-3988.276	-4249.379	261.1029	1.928334	0.616161	0.383839	1.45339
28398	-3986.883	-4248.001	261.1181	1.916581	0.60948	0.39052	1.450728
28404	-3993.221	-4254.369	261.1478	1.916581	0.740245	0.259755	1.427982
28410	-3994.012	-4255.248	261.2356	1.945	0.744745	0.255255	1.336964
28416	-3998.027	-4259.135	261.1079	1.988878	0.719252	0.280748	1.402911
28422	-3991.532	-4252.658	261.126	2.016955	0.705273	0.294727	1.36682
28428	-4006.27	-4267.543	261.2732	2.023054	0.696189	0.303811	1.242451
28434	-4000.075	-4261.321	261.2457	2.157866	0.71147	0.28853	1.150292
28440	-3998.451	-4259.798	261.3464	2.201341	0.718567	0.281433	1.01624
28446	-3988.356	-4249.694	261.3381	2.121112	0.651984	0.348016	1.100127
28452	-3986.564	-4247.819	261.2554	2.006147	0.646224	0.353776	1.271282
28458	-3982.064	-4243.286	261.2222	2.006147	0.70131	0.29869	1.298488
28464	-3985.677	-4246.86	261.1829	2.008758	0.735672	0.264328	1.32807
28470	-3988.301	-4249.505	261.2046	1.894604	0.731209	0.268791	1.401065
28476	-3984.473	-4245.594	261.1211	1.894604	0.739796	0.260204	1.465173
28482	-3990.617	-4251.811	261.1941	1.827338	0.737333	0.262667	1.460794
28488	-3996.9	-4257.973	261.0726	1.948894	0.711853	0.288147	1.460794
28494	-4004.88	-4266.339	261.4593	2.212764	0.688805	0.311195	0.8848085
28500	-3999.312	-4260.736	261.4241	2.212764	0.688805	0.311195	0.9241638
28506	-4001.573	-4263.031	261.458	2.261411	0.664545	0.335455	0.8278715
28512	-3989.202	-4250.66	261.458	2.261411	0.687953	0.312047	0.8278715
28518	-4012.831	-4274.224	261.3936	2.198823	0.687953	0.312047	0.9712729
28524	-4008.254	-4269.608	261.3538	2.208988	0.58125	0.41875	1.00127
28530	-3997.996	-4259.355	261.3586	1.977155	0.666684	0.333316	1.20912
28536	-3993.17	-4254.485	261.3148	2.01342	0.698981	0.301019	1.215503
28542	-3978.01	-4239.444	261.4348	1.947895	0.711636	0.288364	1.168582
28548	-3972.157	-4233.348	261.1906	1.939933	0.711636	0.288364	1.376585
28554	-3989.935	-4251.161	261.2257	1.904806	0.626596	0.373404	1.376585
28560	-3990.87	-4251.97	261.1008	1.956291	0.654539	0.345461	1.433584
28566	-3994.976	-4256.131	261.1549	1.926395	0.673073	0.326927	1.414972
28572	-3998.437	-4259.568	261.1315	1.917962	0.747296	0.252704	1.439459
28578	-3990.997	-4252.047	261.0493	1.903245	0.705565	0.294435	1.512706
28584	-3989.826	-4251.01	261.1839	1.948966	0.705565	0.294435	1.374749
28590	-4002.478	-4263.552	261.0738	1.983828	0.646553	0.353447	1.43314
28596	-4014.918	-4276.15	261.2321	1.790342	0.695965	0.304035	1.460068
28602	-3993.892	-4255.088	261.196	1.96268	0.695965	0.304035	1.354347
28608	-3991.481	-4252.684	261.203	1.955755	0.722362	0.277638	1.354347
28614	-4001.095	-4262.296	261.2014	1.955755	0.627179	0.372821	1.355612
28620	-4005.269	-4266.624	261.355	1.997325	0.664441	0.335559	1.194929
28626	-3993.826	-4254.981	261.1552	2.009677	0.628061	0.371939	1.349487
28632	-3995.614	-4256.845	261.2304	1.876671	0.648377	0.351623	1.394907
28638	-3998.736	-4260.004	261.2687	1.978313	0.676713	0.323287	1.283251
28644	-3997.85	-4259.227	261.3776	2.425759	0.75973	0.24027	0.7070862
28650	-3984.205	-4245.525	261.3196	2.470659	0.722603	0.277397	0.7285409
28656	-3994.946	-4256.269	261.3235	2.470659	0.713505	0.286495	0.7222845
28662	-4000.193	-4261.514	261.3213	2.435547	0.602152	0.397848	0.7782773
28668	-4003.544	-4264.883	261.3387	2.519881	0.602152	0.397848	0.582718
28674	-3994.145	-4255.495	261.3505	2.38067	0.757152	0.242848	0.8129071
28680	-3993.939	-4255.345	261.4061	2.297517	0.711763	0.288237	0.8474762
28686	-4010.309	-4271.702	261.3933	2.329499	0.589368	0.410632	0.8235925
28692	-4000.896	-4262.201	261.3051	2.27607	0.77895	0.22105	0.9827706
28698	-4007.711	-4269.122	261.4109	2.254324	0.715166	0.284834	0.8927004
28704	-3987.906	-4249.261	261.3547	2.282843	0.715166	0.284834	0.9234854
28710	-3989.142	-4250.556	261.414	2.286121	0.606135	0.393865	0.851803
28716	-3989.388	-4250.82	261.4316	2.203209	0.744762	0.255238	0.9264038
28722	-3997.819	-4259.248	261.4299	2.149932	0.685044	0.314956	0.9841061
28728	-3980.63	-4242.036	261.4063	2.116227	0.6737	0.3263	1.040791
28734	-3995.062	-4256.436	261.3739	2.056207	0.725706	0.274294	1.126623
28740	-3985.865	-4247.094	261.2294	2.052191	0.649737	0.350263	1.254678
28746	-3986.214	-4247.397	261.1824	2.076513	0.806939	0.193061	1.273451
28752	-3981.531	-4242.829	261.2976	2.095794	0.704362	0.295638	1.159184
28758	-3985.037	-4246.286	261.2494	2.01607	0.731483	0.268517	1.268053
28764	-3997.804	-4259.147	261.3426	2.06504	0.639174	0.360826	1.146615
28770	-3989.604	-4250.798	261.1939	2.066503	0.670026	0.329974	1.272242
28776	-3998.3	-4259.516	261.2159	2.044504	0.641289	0.358711	1.272242
28782	-3980.98	-4242.398	261.4174	2.281369	0.716996	0.283004	0.8534332
28788	-3997.117	-4258.544	261.4273	2.242751	0.686577	0.313423	0.8871542
28794	-3990.258	-4251.712	261.4541	2.179528	0.756145	0.243855	0.9276703
28800	-3994.654	-4255.991	261.3374	2.209536	0.675437	0.324563	1.017007
28806	-3992.075	-4253.458	261.3825	2.164448	0.682825	0.317175	1.017007
28812	-3990.891	-4252.306	261.4147	2.185569	0.727255	0.272745	0.9631212
28818	-4003.365	-4264.862	261.4966	2.185569	0.727255	0.272745	0.8731465
28824	-3998.348	-4259.764	261.4153	2.197736	0.639834	0.360166	0.9497226
28830	-3984.669	-4246.108	261.4391	2.131859	0.710546	0.289454	0.9930707
28836	-3994.323	-4255.76	261.4363	2.094249	0.76761	0.23239	1.032964
28842	-3994.782	-4256.22	261.438	2.122929	0.712451	0.287549	1.003148
28848	-3978.613	-4239.978	261.3647	2.053911	0.614707	0.385293	1.136915
28854	-3981.789	-4243	261.2111	2.029916	0.719838	0.280162	1.288149
28860	-3989.087	-4250.496	261.4093	2.082186	0.542146	0.457854	1.070248
28866	-3982.563	-4243.87	261.3073	2.028569	0.709576	0.290424	1.209028
28872	-3987.758	-4249.018	261.2605	2.075335	0.709576	0.290424	1.209028
28878	-3973.597	-4234.883	261.2856	2.013083	0.726382	0.273618	1.240434
28884	-3986.213	-4247.432	261.2186	2.067157	0.655241	0.344759	1.251223
28890	-3994.707	-4255.913	261.2061	2.125689	0.614033	0.385967	1.212498
28896	-3980.703	-4242.047	261.3442	2.038675	0.652968	0.347032	1.16847
28902	-3983.812	-4245.072	261.2596	1.964791	0.581284	0.418716	1.301702
28908	-4000.918	-4262.106	261.1882	2.03004	0.628026	0.371974	1.306667
28914	-3992.27	-4253.593	261.323	2.132674	0.781045	0.218955	1.103412
28920	-3994.241	-4255.626	261.3855	2.154262	0.555546	0.444454	1.024049
28926	-3989.597	-4250.948	261.3513	2.203926	0.663247	0.336753	1.008866
28932	-3989.293	-4250.679	261.3867	2.239776	0.685774	0.314226	0.9354247
28938	-3990.359	-4251.577	261.2183	2.064127	0.665636	0.334364	1.253997
28944	-3998.868	-4260.073	261.2051	2.058877	0.665636	0.334364	1.269278
28950	-3992.878	-4254.096	261.2183	2.044566	0.639461	0.360539	1.270169
28956	-3997.461	-4258.748	261.2874	2.109811	0.613613	0.386387	1.155884
28962	-3998.469	-4259.595	261.1257	2.059299	0.565991	0.434009	1.333412
28968	-3996.248	-4257.373	261.125	1.983916	0.677087	0.322913	1.393524
28974	-3999.171	-4260.577	261.4056	2.040162	0.723309	0.276691	1.11244
28980	-4012.222	-4273.418	261.1964	1.899616	0.693488	0.306512	1.40351
28986	-4009.822	-4271.02	261.1981	2.04568	0.741708	0.258292	1.285841
28992	-4001.312	-4262.549	261.2369	1.964033	0.722831	0.277169	1.320651
28998	-4007.415	-4268.532	261.1173	1.852752	0.685816	0.314184	1.499651
29004	-3994.951	-4256.3	261.3492	1.955545	0.640503	0.359497	1.235345
29010	-3999.753	-4260.988	261.2351	2.017758	0.620292	0.379708	1.27842
29016	-3990.092	-4251.327	261.2351	2.017758	0.641812	0.358188	1.27842
29022	-3991.872	-4253.155	261.2826	1.974071	0.657892	0.342108	1.275283
29028	-3998.239	-4259.52	261.2808	1.975869	0.657892	0.342108	1.275283
29034	-3988.673	-4249.906	261.2332	1.975571	0.723663	0.276337	1.314304
29040	-3988.748	-4249.941	261.1929	1.979106	0.713864	0.286136	1.343772
29046	-3977.149	-4238.402	261.2531	2.019382	0.747775	0.252225	1.262259
29052	-3988.672	-4249.908	261.2369	1.974966	0.786817	0.213183	1.311853
29058	-3987.847	-4248.948	261.1018	1.947826	0.659125	0.340875	1.439336
29064	-3987.171	-4248.313	261.1415	2.017312	0.675068	0.324932	1.354249
29070	-3993.308	-4254.541	261.2321	2.00575	0.624693	0.375307	1.290706
29076	-3987.071	-4248.293	261.2226	2.015236	0.617932	0.382068	1.290706
29082	-4002.511	-4263.64	261.1285	1.818815	0.662372	0.337628	1.516666
29088	-3990.955	-4252.055	261.1004	1.847977	0.662372	0.337628	1.515822
29094	-3990.437	-4251.488	261.0504	1.969998	0.629447	0.370553	1.461608
29100	-3992.463	-4253.887	261.4246	2.112077	0.648045	0.351955	1.027039
29106	-3989.518	-4250.849	261.3313	2.144586	0.565579	0.434421	1.0848
29112	-3975.444	-4236.777	261.3333	1.983103	0.726547	0.273453	1.225559
29118	-3975.586	-4237.009	261.4232	2.03359	0.690899	0.309101	1.102413
29124	-3975.059	-4236.309	261.2503	2.014043	0.68915	0.31085	1.269015
29130	-3972.867	-4234.184	261.3172	2.078572	0.705246	0.294754	1.157169
29136	-3974.252	-4235.637	261.3846	2.060624	0.675914	0.324086	1.112898
29142	-3996.011	-4257.433	261.4225	2.068971	0.666449	0.333551	1.070234
29148	-3981.621	-4242.996	261.3748	2.017122	0.723046	0.276954	1.160476
29154	-3988.313	-4249.48	261.1671	1.955221	0.66883	0.33117	1.383002
29160	-3993.915	-4255.151	261.2362	1.971753	0.66883	0.33117	1.314988
29166	-3994.649	-4256.018	261.3692	1.963953	0.66883	0.33117	1.211341
29172	-3997.168	-4258.518	261.35	1.990533	0.587894	0.412106	1.20507
29178	-3981.729	-4243.06	261.3306	2.008344	0.703109	0.296891	1.206345
29184	-3987.904	-4249.104	261.1999	1.972797	0.686287	0.313713	1.343253
29190	-3985.105	-4246.214	261.1084	2.023143	0.731691	0.268309	1.375757
29196	-3988.498	-4249.692	261.194	1.937554	0.707412	0.292588	1.375757
29202	-3994.516	-4255.852	261.3366	1.995345	0.703916	0.296084	1.21232
29208	-3993.493	-4254.759	261.2654	1.995345	0.703916	0.296084	1.27197
29214	-3993.96	-4255.184	261.2234	2.142549	0.703916	0.296084	1.183143
29220	-3999.04	-4260.459	261.419	2.133107	0.707304	0.292696	1.011949
29226	-3990.256	-4251.677	261.4203	2.174595	0.652048	0.347952	0.9687205
29232	-4013.315	-4274.726	261.411	2.057104	0.707079	0.292921	1.092039
29238	-3994.81	-4256.208	261.3984	2.065807	0.599245	0.400755	1.095614
29244	-3990.25	-4251.585	261.335	2.124148	0.676008	0.323992	1.100214
29250	-3993.314	-4254.561	261.2466	2.147147	0.676008	0.323992	1.158882
29256	-3997.313	-4258.647	261.3342	2.115901	0.676008	0.323992	1.10848
29262	-3998.095	-4259.461	261.3659	2.135081	0.752238	0.247762	1.061288
29268	-3984.209	-4245.642	261.433	2.159221	0.757399	0.242601	0.9714777
29274	-3989.21	-4250.57	261.3601	2.137681	0.752593	0.247407	1.064319
29280	-3989.545	-4250.921	261.3754	2.112528	0.752593	0.247407	1.073577
29286	-3988.436	-4249.759	261.3233	2.164631	0.650955	0.349045	1.073577
29292	-3987.531	-4248.92	261.3897	2.201541	0.695938	0.304062	0.9724653
29298	-4002.313	-4263.686	261.3731	2.353501	0.695938	0.304062	0.8187452
29304	-3988.412	-4249.835	261.423	2.353501	0.713399	0.286601	0.7498457
29310	-3989.64	-4251.037	261.3972	2.367923	0.707923	0.292077	0.7665759
29316	-3999.217	-4260.616	261.3987	2.369373	0.707923	0.292077	0.7622378
29322	-3996.054	-4257.416	261.362	2.30695	0.639586	0.360414	0.8883876
29328	-3992.947	-4254.347	261.3992	2.336014	0.619266	0.380734	0.8075945
29334	-4001.534	-4262.886	261.3525	2.291685	0.71412	0.28588	0.9162186
29340	-3989.151	-4250.551	261.4	2.225452	0.63749	0.36251	0.9364875
29346	-3981.308	-4242.646	261.3385	2.387138	0.664858	0.335142	0.8200458
29352	-3988.017	-4249.416	261.3988	2.259406	0.648639	0.351361	0.9006058
29358	-3993.233	-4254.642	261.4095	2.288502	0.659381	0.340619	0.8543767
29364	-3994.688	-4256.082	261.3941	2.113227	0.70654	0.29346	1.055254
29370	-3982.845	-4244.17	261.3251	2.119622	0.717881	0.282119	1.113431
29376	-3991.893	-4253.235	261.3415	2.076502	0.717881	0.282119	1.13743
29382	-3985.027	-4246.195	261.1678	2.081236	0.794697	0.205303	1.28157
29388	-3999.679	-4260.682	261.0029	1.858117	0.69614	0.30386	1.58036
29394	-3993.311	-4254.402	261.091	1.841179	0.658945	0.341055	1.527893
29400	-4008.957	-4269.604	260.6462	1.752865	0.683057	0.316943	1.904646
29406	-4000.379	-4261.053	260.6735	1.725591	0.691963	0.308037	1.904646
29412	-3992.672	-4253.207	260.5343	1.725591	0.659999	0.340001	1.998236
29418	-3991.167	-4252.25	261.0831	1.827116	0.671076	0.328924	1.544159
29424	-3992.648	-4253.499	260.8513	1.866314	0.67306	0.32694	1.683751
29430	-3980.787	-4241.767	260.9806	1.949351	0.604745	0.395255	1.529522
29436	-3992.23	-4253.153	260.9233	1.863427	0.687317	0.312683	1.63428
29442	-4007.223	-4268.193	260.97	1.816736	0.73808	0.26192	1.63428
29448	-3996.823	-4257.928	261.1052	1.949822	0.73808	0.26192	1.435145
29454	-3990.358	-4251.504	261.1461	1.932797	0.668662	0.331338	1.416775
29460	-3983.506	-4244.565	261.0597	1.908091	0.626107	0.373893	1.501346
29466	-4002.017	-4263.007	260.9904	1.86263	0.695678	0.304322	1.586213
29472	-4003.75	-4264.726	260.9763	1.85307	0.695678	0.304322	1.603405
29478	-4007.192	-4267.86	260.6684	1.603423	0.579268	0.420732	1.990241
29484	-3991.806	-4252.877	261.0704	1.977817	0.653451	0.346549	1.440415
29490	-3992.193	-4253.397	261.2038	2.070377	0.644182	0.355818	1.260865
29496	-4003.903	-4265.144	261.2419	2.032301	0.644182	0.355818	1.260865
29502	-3986.866	-4248.15	261.2838	2.032301	0.644182	0.355818	1.225746
29508	-3980.993	-4242.192	261.1987	2.032301	0.693287	0.306713	1.296266
29514	-3985.644	-4246.936	261.2922	2.073512	0.756688	0.243312	1.183341
29520	-3986.089	-4247.217	261.1276	2.043294	0.753667	0.246333	1.344655
29526	-4000.782	-4261.903	261.1218	2.069105	0.609738	0.390262	1.328696
29532	-3983.071	-4244.36	261.2892	2.096596	0.69875	0.30125	1.165883
29538	-3995.504	-4256.841	261.3377	2.110692	0.716302	0.283698	1.110022
29544	-3994.297	-4255.535	261.2375	2.120696	0.668872	0.331128	1.189907
29550	-3976.39	-4237.653	261.2639	2.048218	0.748095	0.251905	1.229159
29556	-3988.744	-4249.977	261.2333	2.065189	0.68319	0.31681	1.24063
29562	-4002.166	-4263.444	261.2782	2.072666	0.683237	0.316763	1.196137
29568	-3993.849	-4255.025	261.176	1.928024	0.683237	0.316763	1.397297
29574	-4000.128	-4261.138	261.01	1.928024	0.717746	0.282254	1.523565
29580	-3999.761	-4261.214	261.4533	2.254212	0.69374	0.30626	0.842728
29586	-4000.26	-4261.665	261.4054	2.386137	0.69374	0.30626	0.7265904
29592	-4004.061	-4265.454	261.3929	2.431252	0.656279	0.343721	0.6689596
29598	-4010.001	-4271.403	261.4018	2.34792	0.711955	0.288045	0.7881163
29604	-4001.544	-4262.891	261.3468	2.183791	0.640613	0.359387	1.032946
29610	-3989.196	-4250.59	261.3939	2.256062	0.76972	0.23028	0.9097682
29616	-3977.985	-4239.403	261.4181	2.189482	0.713234	0.286766	0.9555232
29622	-3972.851	-4234.244	261.3929	2.174483	0.713234	0.286766	0.9966585
29628	-3972.755	-4234.095	261.3399	2.127449	0.663342	0.336658	1.092706
29634	-3976.698	-4238.031	261.3326	2.136307	0.723884	0.276116	1.091232
29640	-3982.735	-4244.064	261.329	2.16799	0.64414	0.35586	1.065033
29646	-3991.042	-4252.482	261.4399	2.141094	0.649478	0.350522	0.9829417
29652	-3987.263	-4248.525	261.2617	2.174877	0.669196	0.330804	1.120732
29658	-3985.637	-4246.854	261.2171	2.160902	0.769921	0.230079	1.17268
29664	-3981.43	-4242.833	261.4024	2.120998	0.671282	0.328718	1.03992
29670	-3977.591	-4238.898	261.3071	2.136931	0.694134	0.305866	1.114002
29676	-3984.753	-4246.122	261.3689	2.083361	0.623284	0.376716	1.106517
29682	-3995.555	-4256.882	261.3271	1.948673	0.623284	0.376716	1.259524
29688	-3992.995	-4253.972	260.976	1.90042	0.592523	0.407477	1.56907
29694	-4003.63	-4264.693	261.0632	1.913486	0.687536	0.312464	1.49463
29700	-4004.846	-4265.973	261.1273	2.024958	0.523595	0.476405	1.359437
29706	-3994.826	-4256.063	261.2364	2.012518	0.618652	0.381348	1.281692
29712	-3993.196	-4254.405	261.209	2.070839	0.737277	0.262723	1.256179
29718	-3982.234	-4243.635	261.4011	2.070839	0.622917	0.377083	1.088492
29724	-3991.185	-4252.483	261.2981	2.11958	0.645664	0.354336	1.137718
29730	-3998.993	-4260.275	261.2819	2.101731	0.62849	0.37151	1.167791
29736	-3980.168	-4241.585	261.4171	2.064163	0.684239	0.315761	1.079834
29742	-3980.872	-4242.282	261.4101	2.186924	0.684239	0.315761	0.9665093
29748	-3980.658	-4242.084	261.4261	2.187969	0.704252	0.295748	0.9486618
29754	-3992.129	-4253.546	261.4167	2.163232	0.704252	0.295748	0.9840644
29760	-3989.024	-4250.44	261.4164	2.158331	0.63993	0.36007	0.989351
29766	-3989.279	-4250.71	261.4314	2.278847	0.63993	0.36007	0.8393266
29772	-3973.644	-4235.036	261.3922	2.24057	0.63993	0.36007	0.9286752
29778	-3988.73	-4250.085	261.3552	2.224219	0.527314	0.472686	0.984506
29784	-3977.84	-4239.275	261.4346	2.18284	0.6461	0.3539	0.945092
29790	-3986.173	-4247.639	261.4659	2.151533	0.585216	0.414784	0.945092
29796	-3996.761	-4258.071	261.3092	2.123853	0.68354	0.31646	1.12396
29802	-3989.374	-4250.778	261.4037	2.123853	0.680897	0.319103	1.035898
29808	-3973.057	-4234.39	261.3324	2.249793	0.680897	0.319103	0.9817338
29814	-3976.576	-4237.984	261.4078	2.186021	0.694071	0.305929	0.9698314
29820	-3998.255	-4259.542	261.2863	2.073484	0.672319	0.327681	1.188502
29826	-3982.461	-4243.596	261.1351	2.041483	0.677493	0.322507	1.340128
29832	-3976.764	-4237.982	261.2174	2.22298	0.677493	0.322507	1.117291
29838	-3993.715	-4255.103	261.3883	2.118695	0.729506	0.270494	1.055636
29844	-3988.232	-4249.641	261.409	2.170548	0.532437	0.467563	0.9844344
29850	-3991.675	-4252.962	261.2866	2.215492	0.86515	0.13485	1.060237
29856	-3981.473	-4242.889	261.4157	2.236094	0.644992	0.355008	0.9077325
29862	-3990.218	-4251.595	261.3763	2.189933	0.644992	0.355008	0.9978174
29868	-3973.428	-4234.769	261.3404	2.247321	0.640763	0.359237	0.9760343
29874	-3981.357	-4242.725	261.3672	2.161731	0.738366	0.261634	1.034614
29880	-3983.969	-4245.334	261.3648	2.249715	0.787017	0.212983	0.9482068
29886	-3996.595	-4257.873	261.2778	2.233126	0.787017	0.212983	1.051895
29892	-4007.025	-4268.471	261.4462	2.099277	0.604375	0.395625	1.018493
29898	-4009.341	-4270.685	261.3432	2.157458	0.623198	0.376802	1.06157
29904	-3996.938	-4258.305	261.3668	2.164005	0.703665	0.296335	1.032722
29910	-4004.021	-4265.359	261.3382	2.042089	0.664616	0.335384	1.170682
29916	-4009.454	-4270.84	261.3866	2.096997	0.760744	0.239256	1.077636
29922	-3992.136	-4253.605	261.4694	2.312037	0.680827	0.319173	0.7424535
29928	-3985.29	-4246.716	261.4265	2.315598	0.665126	0.334874	0.79848
29934	-3978.75	-4240.215	261.4656	2.32463	0.699305	0.300695	0.7286142
29940	-3985.931	-4247.39	261.4593	2.255706	0.702952	0.297048	0.8334297
29946	-3981.23	-4242.663	261.4329	2.164005	0.730565	0.269435	0.9665982
29952	-3985.121	-4246.479	261.3577	2.104924	0.634235	0.365765	1.09706
29958	-3977.469	-4238.813	261.3437	2.009173	0.682846	0.317154	1.194418
29964	-3979.765	-4241.09	261.3254	1.967869	0.630813	0.369187	1.244977
29970	-3976.212	-4237.395	261.183	1.964348	0.636525	0.363475	1.36337
29976	-3977.22	-4238.582	261.3626	1.971873	0.732186	0.267814	1.210236
29982	-3988.208	-4249.574	261.3663	2.094317	0.493467	0.506533	1.098877
29988	-3971.874	-4233.268	261.3939	2.066678	0.725506	0.274494	1.098877
29994	-3993.879	-4255.245	261.3652	2.189588	0.587381	0.412619	1.009228
30000	-3997.053	-4258.423	261.3694	2.075553	0.752218	0.247782	1.113139
30006	-3987.345	-4248.732	261.3873	2.095717	0.767899	0.232101	1.07815
30012	-3988.037	-4249.327	261.2901	1.930833	0.669385	0.330615	1.304491
30018	-4003.323	-4264.579	261.2555	1.914711	0.81439	0.18561	1.345233
30024	-4001.748	-4263.15	261.4015	2.100646	0.599692	0.400308	1.060172
30030	-3995.672	-4257.041	261.369	2.133209	0.628609	0.371391	1.060172
30036	-3994.215	-4255.658	261.4435	2.088438	0.628609	0.371391	1.031649
30042	-3989.317	-4250.767	261.4497	2.036632	0.732439	0.267561	1.075093
30048	-3988.589	-4250.052	261.4628	2.169332	0.625675	0.374325	0.9293767
30054	-4002.026	-4263.39	261.364	2.068658	0.645678	0.354322	1.124319
30060	-4009.26	-4270.546	261.2855	1.962951	0.708017	0.291983	1.282089
30066	-3994.147	-4255.293	261.1456	1.962951	0.711044	0.288956	1.393753
30072	-3995.127	-4256.267	261.14	1.948931	0.711044	0.288956	1.409035
30078	-3990.598	-4251.707	261.1085	2.022474	0.652986	0.347014	1.376224
30084	-3994.623	-4255.635	261.0122	1.941389	0.681051	0.318949	1.511944
30090	-4021.044	-4282.432	261.3874	2.181198	0.770326	0.229674	0.9955275
30096	-4001.944	-4263.377	261.4338	2.168827	0.670751	0.329249	0.9606176
30102	-3992.106	-4253.405	261.2989	2.506662	0.702506	0.297494	0.7032701
30108	-3991.616	-4252.981	261.3657	2.42888	0.723252	0.276748	0.7216994
30114	-3980.993	-4242.371	261.3778	2.479878	0.723252	0.276748	0.5857885
30120	-3996.77	-4258.107	261.3372	2.510528	0.678068	0.321932	0.6156603
30126	-3990.923	-4252.249	261.326	2.492354	0.706841	0.293159	0.6801419
30132	-3992.215	-4253.589	261.3736	2.442659	0.675716	0.324284	0.6841464
30138	-3997.504	-4258.89	261.3857	2.419684	0.731205	0.268795	0.7035978
30144	-4006.449	-4267.835	261.3863	2.419684	0.731205	0.268795	0.7024788
30150	-3993.606	-4254.999	261.3933	2.379601	0.612426	0.387574	0.7551691
30156	-3997.804	-4259.204	261.4005	2.372423	0.612426	0.387574	0.7551691
30162	-3986.411	-4247.849	261.4382	2.351191	0.644134	0.355866	0.7299254
30168	-3983.735	-4245.127	261.392	2.393307	0.745724	0.254276	0.736435
30174	-4000.629	-4262.028	261.399	2.427285	0.595772	0.404228	0.6646999
30180	-4003.217	-4264.388	261.171	2.069845	0.621201	0.378799	1.28824
30186	-3984.774	-4246.099	261.3253	2.020641	0.764231	0.235769	1.200432
30192	-3980.004	-4241.293	261.2897	2.080267	0.696773	0.303227	1.17965
30198	-3987.543	-4248.922	261.3788	2.123804	0.586584	0.413416	1.059725
30204	-4005.504	-4266.935	261.4303	2.336193	0.630238	0.369762	0.7645282
30210	-3998.812	-4260.221	261.4084	2.384054	0.658801	0.341199	0.7251095
30216	-3998.055	-4259.434	261.3791	2.409871	0.79307	0.20693	0.7307218
30222	-3988.688	-4250.084	261.3956	2.406495	0.692232	0.307768	0.7090823
30228	-3978.548	-4239.907	261.3597	2.315198	0.725835	0.274165	0.8815834
30234	-4000.627	-4262.007	261.3794	2.306073	0.719751	0.280249	0.8692839
30240	-3989.838	-4251.218	261.3799	2.102395	0.722139	0.277861	1.078879
30246	-3978.438	-4239.796	261.358	2.093099	0.647324	0.352676	1.107585
30252	-3985.747	-4247.092	261.345	2.093099	0.717173	0.282827	1.119359
30258	-3991.984	-4253.407	261.4226	2.265915	0.602232	0.397768	0.8656293
30264	-3988.601	-4249.995	261.3935	2.245899	0.775525	0.224475	0.9214224
30270	-3991.548	-4252.955	261.407	2.310563	0.723656	0.276344	0.8302832
30276	-3977.396	-4238.772	261.3762	2.33156	0.757535	0.242465	0.8424643
30282	-3971.681	-4233.122	261.4409	2.284741	0.673106	0.326894	0.8199511
30288	-3977.796	-4239.189	261.393	2.23781	0.697759	0.302241	0.9307862
30294	-3977.124	-4238.517	261.393	2.23781	0.552621	0.447379	0.9307862
30300	-4001.169	-4262.439	261.2702	2.085293	0.745437	0.254563	1.192201
30306	-3988.566	-4249.874	261.3075	2.085293	0.655776	0.344224	1.15974
30312	-3996.315	-4257.67	261.3548	2.130573	0.720841	0.279159	1.07596
30318	-3999.569	-4260.925	261.3558	2.107407	0.640253	0.359747	1.096462
30324	-3992.717	-4254.083	261.3658	2.028842	0.700672	0.299328	1.158143
30330	-3989.747	-4251.172	261.4249	2.037632	0.66461	0.33539	1.097151
30336	-4000.652	-4261.928	261.2756	2.121855	0.59455	0.40545	1.155688
30342	-3989.175	-4250.432	261.2575	1.977252	0.675494	0.324506	1.293241
30348	-4002.679	-4263.843	261.1637	2.027696	0.532326	0.467674	1.328306
30354	-3986.664	-4247.624	260.9606	1.965207	0.726863	0.273137	1.53264
30360	-3979.58	-4240.525	260.9454	1.877659	0.678858	0.321142	1.607985
30366	-3983.847	-4244.991	261.1441	2.062896	0.678858	0.321142	1.315717
30372	-3981.787	-4243.065	261.278	2.120186	0.667198	0.332802	1.154993
30378	-3981.449	-4242.852	261.4037	2.183472	0.667198	0.332802	0.976683
30384	-3970.206	-4231.544	261.3381	2.183472	0.69967	0.30033	1.041703
30390	-3971.623	-4233.015	261.392	2.129551	0.767925	0.232075	1.041703
30396	-3970.748	-4232.109	261.3605	2.134667	0.658389	0.341611	1.066747
30402	-3981.247	-4242.648	261.4002	2.124141	0.658389	0.341611	1.038985
30408	-3977.6	-4238.96	261.36	2.124141	0.665256	0.334744	1.077109
30414	-3980.003	-4241.3	261.2968	2.141983	0.649479	0.350521	1.118812
30420	-3978.454	-4239.785	261.3306	2.072421	0.649479	0.350521	1.150711
30426	-3985.704	-4247.019	261.3141	2.104208	0.73208	0.26792	1.13719
30432	-3984.484	-4245.818	261.3348	2.083477	0.675971	0.324029	1.13719
30438	-3989.627	-4250.982	261.3556	2.103948	0.675971	0.324029	1.099831
30444	-3978.601	-4239.934	261.3329	2.103948	0.601353	0.398647	1.12047
30450	-4003.657	-4265.033	261.3758	2.225049	0.743185	0.256815	0.9625393
30456	-4005.173	-4266.514	261.3413	2.237443	0.714182	0.285818	0.9852597
30462	-3981.773	-4243.199	261.4264	2.203346	0.722555	0.277445	0.9319126
30468	-3992.482	-4253.847	261.3647	2.200235	0.70859	0.29141	0.9991495
30474	-3991.826	-4253.261	261.4343	2.200235	0.70859	0.29141	0.9267752
30480	-3995.11	-4256.464	261.3545	2.22831	0.70859	0.29141	0.9811008
30486	-3977.699	-4239.115	261.4158	2.31172	0.593914	0.406086	0.8175806
30492	-3980.508	-4241.868	261.36	2.243652	0.611722	0.388278	0.9595469
30498	-3969.148	-4230.597	261.449	2.204697	0.594758	0.405242	0.9056332
30504	-3976.525	-4237.897	261.3722	2.279491	0.605606	0.394394	0.9078448
30510	-3982.459	-4243.866	261.4072	2.260884	0.660668	0.339332	0.8893758
30516	-3967.601	-4229.009	261.4074	2.221391	0.654768	0.345232	0.9328989
30522	-3978.282	-4239.687	261.405	2.235061	0.624204	0.375796	0.9207285
30528	-3973.612	-4234.986	261.3742	2.164513	0.582731	0.417269	1.025099
30534	-3977.307	-4238.556	261.2495	1.967191	0.702758	0.297242	1.307919
30540	-3982.518	-4243.744	261.2259	1.936068	0.672569	0.327431	1.351794
30546	-3994.8	-4255.975	261.1753	1.919104	0.755385	0.244615	1.404809
30552	-3987.493	-4248.571	261.0777	1.904416	0.768018	0.231982	1.490541
30558	-3980.681	-4241.754	261.0734	1.966438	0.630332	0.369668	1.446786
30564	-3968.792	-4229.72	260.928	1.880966	0.717788	0.282212	1.618203
30570	-3981.28	-4242.26	260.9801	1.795813	0.682799	0.317201	1.642101
30576	-3993.992	-4254.777	260.7857	1.805207	0.717641	0.282359	1.772921
30582	-3989.472	-4250.213	260.7412	1.772961	0.717641	0.282359	1.82601
30588	-3979.166	-4239.926	260.7602	1.794477	0.667685	0.332315	1.798028
30594	-4000.86	-4261.77	260.9102	1.82469	0.738455	0.261545	1.671469
30600	-4000.42	-4261.279	260.8586	1.876292	0.705587	0.294413	1.671469
30606	-4000.825	-4261.913	261.0884	1.864143	0.672316	0.327684	1.512749
30612	-3994.363	-4255.701	261.3386	2.064912	0.573075	0.426925	1.150282
30618	-4000.411	-4261.661	261.2495	2.076791	0.747569	0.252431	1.217195
30624	-4000.544	-4261.559	261.0151	1.866116	0.751837	0.248163	1.565587
30630	-3986.231	-4247.174	260.9432	1.857934	0.724182	0.275818	1.623896
30636	-3982.473	-4243.381	260.9083	1.812162	0.691847	0.308153	1.681739
30642	-3970.504	-4231.525	261.0217	1.861224	0.634738	0.365262	1.564303
30648	-3991.293	-4252.302	261.0083	1.874607	0.677091	0.322909	1.564303
30654	-3994.238	-4255.275	261.0366	1.846295	0.677091	0.322909	1.564303
30660	-3983.732	-4244.714	260.9823	1.836951	0.699406	0.300594	1.610785
30666	-3995.707	-4256.809	261.1015	1.89302	0.694771	0.305229	1.481245
30672	-3988.906	-4250.147	261.241	1.990854	0.78105	0.21895	1.295627
30678	-3982.034	-4243.258	261.2248	2.007001	0.74154	0.25846	1.295627
30684	-3976.344	-4237.697	261.3533	1.987203	0.767084	0.232916	1.205024
30690	-3976.967	-4238.294	261.327	2.03797	0.681758	0.318242	1.184001
30696	-3986.448	-4247.668	261.22	1.994283	0.668298	0.331702	1.30984
30702	-3995.28	-4256.526	261.2456	2.039617	0.623946	0.376054	1.251674
30708	-3999.903	-4261.227	261.324	1.961244	0.614162	0.385838	1.251674
30714	-4013.401	-4274.588	261.1861	1.858202	0.798224	0.201776	1.443354
30720	-4006.108	-4267.081	260.9732	1.890247	0.623146	0.376854	1.5786
30726	-3988.954	-4249.723	260.7695	1.75835	0.689937	0.310063	1.816613
30732	-3988.805	-4250.12	261.3154	2.162037	0.650197	0.349803	1.083342
30738	-3991.549	-4252.918	261.3689	2.108546	0.732684	0.267316	1.083342
30744	-3987.639	-4248.91	261.2716	2.048511	0.732684	0.267316	1.222402
30750	-3985.801	-4247.012	261.2112	2.105926	0.705446	0.294554	1.22488
30756	-3996.434	-4257.75	261.3158	2.105926	0.671636	0.328364	1.1341
30762	-3993.621	-4254.983	261.3621	2.105926	0.765793	0.234207	1.092084
30768	-3983.621	-4244.866	261.2445	2.14129	0.691985	0.308015	1.165934
30774	-3991.475	-4252.855	261.3802	2.025313	0.679833	0.320167	1.148531
30780	-3972.513	-4233.881	261.3683	2.114	0.679833	0.320167	1.078831
30786	-3982.184	-4243.524	261.3401	2.10626	0.733546	0.266454	1.1119
30792	-3996.122	-4257.524	261.402	2.044336	0.595355	0.404645	1.1119
30798	-3990.748	-4252.104	261.3559	2.093459	0.682855	0.317145	1.109181
30804	-3994.843	-4256.139	261.2958	2.127386	0.632558	0.367442	1.132766
30810	-4003.765	-4265.159	261.394	2.102566	0.55536	0.44464	1.065515
30816	-3993.518	-4254.872	261.3545	2.026808	0.627849	0.372151	1.169831
30822	-3987.459	-4248.812	261.3534	2.073806	0.711273	0.288727	1.129201
30828	-3974.618	-4235.993	261.3744	2.132107	0.74433	0.25567	1.056032
30834	-3978.546	-4239.923	261.3772	2.129348	0.765505	0.234495	1.056032
30840	-3966.935	-4228.351	261.4157	2.199536	0.624547	0.375453	0.9474654
30846	-3980.948	-4242.375	261.4274	2.215586	0.673501	0.326499	0.917546
30852	-3991.679	-4253.098	261.4191	2.141536	0.600016	0.399984	1.003474
30858	-3970.628	-4231.988	261.3602	2.131203	0.784106	0.215894	1.070364
30864	-3981.67	-4243.013	261.3425	2.179856	0.75434	0.24566	1.040903
30870	-3985.678	-4247.053	261.375	2.180105	0.684234	0.315766	1.008955
30876	-3997.576	-4259.007	261.4306	2.124522	0.7953	0.2047	1.008955
30882	-3995.74	-4257.117	261.3766	2.192901	0.7953	0.2047	0.9945876
30888	-3987.878	-4249.255	261.3771	2.192384	0.730761	0.269239	0.9945876
30894	-3978.692	-4240.064	261.3722	2.151045	0.670952	0.329048	1.040025
30900	-3976.614	-4237.953	261.3387	2.150492	0.787193	0.212807	1.072392
30906	-3989.236	-4250.416	261.18	2.014144	0.760013	0.239987	1.326077
30912	-3985.832	-4247.066	261.2338	2.065812	0.760013	0.239987	1.239653
30918	-3987.242	-4248.625	261.383	2.053951	0.715288	0.284712	1.120439
30924	-3986.053	-4247.251	261.1978	2.06584	0.676431	0.323569	1.269546
30930	-3984.99	-4246.269	261.2792	2.162312	0.714507	0.285493	1.116316
30936	-3999.49	-4260.858	261.3688	2.079316	0.593792	0.406208	1.110311
30942	-3984.51	-4245.801	261.291	2.251531	0.654061	0.345939	1.021374
30948	-3991.362	-4252.664	261.3018	2.189318	0.68371	0.31629	1.07059
30954	-3994.215	-4255.648	261.4338	2.189318	0.68371	0.31629	0.9390431
30960	-3976.365	-4237.715	261.3505	2.138666	0.548801	0.451199	1.072406
30966	-3977.643	-4239.055	261.412	2.213037	0.737963	0.262037	0.9370186
30972	-3972.084	-4233.538	261.4541	2.085497	0.730513	0.269487	1.024169
30978	-3971.255	-4232.661	261.4055	2.166082	0.637213	0.362787	0.9924615
30984	-3973.12	-4234.549	261.4286	2.166082	0.760277	0.239723	0.9689259
30990	-3969.547	-4230.958	261.411	2.216152	0.760277	0.239723	0.934758
30996	-3968.566	-4230.006	261.4404	2.162046	0.721413	0.278587	0.9608767
31002	-3969.055	-4230.395	261.3393	2.118042	0.644749	0.355251	1.101917
31008	-3971.507	-4232.809	261.3016	2.051099	0.644749	0.355251	1.194562
31014	-3971.289	-4232.657	261.368	2.038647	0.6834	0.3166	1.147559
31020	-3969.732	-4231.056	261.323	2.020521	0.761964	0.238036	1.202461
31026	-3970.677	-4231.957	261.2793	1.958248	0.688516	0.311484	1.291002
31032	-3970.82	-4232.005	261.1855	2.056735	0.692897	0.307103	1.287126
31038	-3990.643	-4251.987	261.3443	1.897944	0.678109	0.321891	1.287126
31044	-3996.5	-4257.818	261.3177	1.983596	0.73419	0.26581	1.238251
31050	-4010.64	-4271.56	260.9198	1.854083	0.626013	0.373987	1.643546
31056	-3992.813	-4254.028	261.2143	1.971672	0.761304	0.238696	1.332636
31062	-4002.764	-4263.98	261.2157	1.894499	0.741602	0.258398	1.392505
31068	-3986.337	-4247.463	261.1258	1.956278	0.646956	0.353044	1.414301
31074	-3980.469	-4241.635	261.1654	1.924567	0.529823	0.470177	1.408223
31080	-3975.372	-4236.659	261.2864	2.028767	0.574985	0.425015	1.22655
31086	-3987.007	-4248.261	261.2536	1.987916	0.745824	0.254176	1.287756
31092	-3989.616	-4250.888	261.2722	2.014061	0.745824	0.254176	1.250812
31098	-3981.667	-4242.986	261.3198	1.96644	0.689554	0.310446	1.250812
31104	-3977.32	-4238.665	261.3454	1.970351	0.656523	0.343477	1.226118
31110	-3988.525	-4249.731	261.2066	1.923272	0.729397	0.270603	1.37712
31116	-3982.435	-4243.741	261.3059	1.939738	0.724124	0.275876	1.284338
31122	-3986.439	-4247.673	261.2343	1.999715	0.73941	0.26059	1.293837
31128	-3984.039	-4245.312	261.2723	1.972742	0.73941	0.26059	1.284861
31134	-3968.726	-4229.92	261.1939	2.026259	0.780262	0.219738	1.305148
31140	-3977.542	-4238.809	261.267	2.037149	0.649789	0.350211	1.23587
31146	-3980.402	-4241.802	261.3992	2.037149	0.620326	0.379674	1.120955
31152	-3979.627	-4240.957	261.3297	2.109345	0.742717	0.257283	1.118526
31158	-3976.727	-4237.96	261.2329	2.206179	0.737872	0.262128	1.118526
31164	-3972.8	-4234.063	261.2628	2.085693	0.737872	0.262128	1.198196
31170	-3982.144	-4243.519	261.3748	2.07066	0.579575	0.420425	1.112724
31176	-3988.474	-4249.837	261.3631	2.027062	0.710448	0.289552	1.162038
31182	-3975.383	-4236.538	261.1545	1.953936	0.695108	0.304892	1.393844
31188	-3985.195	-4246.377	261.182	1.953936	0.593836	0.406164	1.372329
31194	-3988.41	-4249.674	261.2641	2.035835	0.653997	0.346003	1.239397
31200	-3976.482	-4237.634	261.1516	1.873029	0.626075	0.373925	1.458367
31206	-3990.816	-4251.913	261.0977	1.958409	0.707595	0.292405	1.434367
31212	-3981.909	-4243.275	261.366	2.051615	0.622222	0.377778	1.137775
31218	-3972.515	-4233.903	261.388	2.142116	0.720893	0.279107	1.033378
31224	-3981.517	-4242.884	261.3675	2.171989	0.720893	0.279107	1.024292
31230	-3982.546	-4243.983	261.4374	2.102093	0.608068	0.391932	1.024292
31236	-3982.978	-4244.432	261.4537	2.169548	0.680727	0.319273	0.9388659
31242	-3972.848	-4234.261	261.4128	2.244159	0.656935	0.343065	0.9019704
31248	-3970.545	-4231.918	261.3731	2.223867	0.678643	0.321357	0.9665898
31254	-3978	-4239.307	261.3074	2.136793	0.71996	0.28004	1.113825
31260	-3980.198	-4241.587	261.3892	2.136793	0.758426	0.241574	1.037382
31266	-3976.351	-4237.716	261.3648	2.154191	0.713373	0.286627	1.044179
31272	-3983.45	-4244.762	261.3128	2.082663	0.703169	0.296831	1.157435
31278	-3981.536	-4242.752	261.2156	2.006443	0.703169	0.296831	1.303587
31284	-3987.158	-4248.479	261.3213	2.171235	0.718829	0.281171	1.069224
31290	-3991.759	-4253.168	261.4084	2.243734	0.59064	0.40936	0.9073413
31296	-3991.352	-4252.773	261.421	2.213657	0.802	0.198	0.9265601
31302	-3982.042	-4243.444	261.4018	2.191558	0.653929	0.346071	0.9702719
31308	-3988.928	-4250.367	261.4397	2.134751	0.577961	0.422039	0.9896319
31314	-3987.288	-4248.374	261.0867	1.963407	0.712901	0.287099	1.438951
31320	-3989.089	-4250.555	261.4658	2.176613	0.706117	0.293883	0.9181047
31326	-3993.372	-4254.74	261.3677	2.093148	0.624796	0.375204	1.098633
31332	-3991.441	-4252.777	261.3358	2.024886	0.728679	0.271321	1.187752
31338	-3982.513	-4243.779	261.2653	2.053305	0.64139	0.35861	1.22369
31344	-3976.455	-4237.752	261.2969	2.169289	0.709644	0.290356	1.093777
31350	-4000.721	-4261.908	261.1865	1.994272	0.640068	0.359932	1.336802
31356	-3988.454	-4249.69	261.236	1.994272	0.649528	0.350472	1.296875
31362	-3976.279	-4237.395	261.1155	1.904699	0.641742	0.358258	1.461789
31368	-3992.046	-4253.231	261.1855	2.010669	0.696414	0.303586	1.324471
31374	-3988.44	-4249.625	261.1858	1.956	0.58383	0.41617	1.367681
31380	-3991.37	-4252.808	261.4377	2.249811	0.735214	0.264786	0.8668612
31386	-3979.676	-4241.069	261.3927	2.244316	0.756791	0.243209	0.9239882
31392	-4003.01	-4264.158	261.1477	2.086269	0.612255	0.387745	1.293854
31398	-3994.73	-4255.892	261.1616	2.047258	0.686014	0.313986	1.314271
31404	-4001.436	-4262.537	261.1015	1.924604	0.722454	0.277546	1.457258
31410	-3993.4	-4254.493	261.0932	1.862282	0.693627	0.306373	1.510565
31416	-3990.232	-4251.296	261.0641	1.89132	0.709085	0.290915	1.510565
31422	-3990.729	-4251.778	261.0481	1.849012	0.695477	0.304523	1.553831
31428	-3986.023	-4247.141	261.1177	1.986334	0.695477	0.304523	1.397323
31434	-3983.394	-4244.73	261.3354	2.094412	0.686207	0.313793	1.126838
31440	-3997.276	-4258.495	261.2185	2.110558	0.690237	0.309763	1.214815
31446	-3999.254	-4260.573	261.3189	2.107124	0.690537	0.309463	1.130292
31452	-3983.735	-4245.232	261.4961	2.176856	0.747997	0.252003	0.8838254
31458	-3989.156	-4250.556	261.3996	2.194935	0.605296	0.394704	0.9690393
31464	-3993.461	-4254.843	261.3822	2.163258	0.559179	0.440821	1.018422
31470	-3985.67	-4247.075	261.405	2.156396	0.652869	0.347131	1.002652
31476	-3976.749	-4238.17	261.4212	2.202405	0.726546	0.273454	0.9385585
31482	-3979.337	-4240.785	261.4475	2.15354	0.661291	0.338709	0.9622922
31488	-3980.032	-4241.399	261.3673	2.15354	0.786872	0.213128	1.042355
31494	-3984.785	-4246.136	261.3513	2.12993	0.784104	0.215896	1.079819
31500	-3982.496	-4243.838	261.3423	2.033648	0.740318	0.259682	1.174457
31506	-3975.418	-4236.522	261.1041	2.017344	0.738084	0.261916	1.383678
31512	-3973.262	-4234.432	261.1698	1.979287	0.679146	0.320854	1.36197
31518	-3974.605	-4235.794	261.1886	1.977708	0.608594	0.391406	1.348302
31524	-3985.432	-4246.619	261.1871	1.991715	0.608594	0.391406	1.338375
31530	-3976.596	-4237.88	261.2837	2.077314	0.676874	0.323126	1.187414
31536	-3974.508	-4235.901	261.3924	2.23041	0.627794	0.372206	0.9393894
31542	-3976.118	-4237.56	261.4424	2.135415	0.697227	0.302773	0.9862269
31548	-3971.289	-4232.674	261.3846	2.193142	0.671836	0.328164	0.9862269
31554	-3984.717	-4246.077	261.3592	2.156332	0.712809	0.287191	1.047446
31560	-3984.726	-4246.17	261.4434	2.10842	0.697647	0.302353	1.01221
31566	-3982.366	-4243.828	261.4621	2.143861	0.712102	0.287898	0.957231
31572	-3977.241	-4238.558	261.3165	2.0971	0.732642	0.267358	1.14138
31578	-3967.177	-4228.517	261.3393	2.118212	0.690148	0.309852	1.101754
31584	-3970.663	-4232.13	261.4674	2.078172	0.780651	0.219349	1.018313
31590	-3971.29	-4232.68	261.3898	2.088805	0.72613	0.27387	1.082312
31596	-3972.462	-4233.794	261.3323	2.124516	0.800098	0.199902	1.10241
31602	-3964.862	-4226.238	261.3765	2.080258	0.7105	0.2895	1.10241
31608	-3973.847	-4235.186	261.3398	2.116956	0.724805	0.275195	1.10241
31614	-3976.13	-4237.444	261.3143	2.14941	0.59956	0.40044	1.096088
31620	-3987.734	-4248.934	261.2	2.022068	0.69662	0.30338	1.303575
31626	-3987.559	-4248.845	261.2856	2.15863	0.758145	0.241855	1.113859
31632	-3987.91	-4249.308	261.3979	2.298632	0.74795	0.25205	0.8561274
31638	-3974.875	-4236.231	261.3565	2.290686	0.676139	0.323861	0.9128507
31644	-3980.142	-4241.473	261.331	2.343189	0.643907	0.356093	0.8823762
31650	-3985.321	-4246.635	261.3139	2.325616	0.592215	0.407785	0.9213185
31656	-3983.148	-4244.471	261.3229	2.250738	0.76573	0.23427	0.9904387
31662	-3985.55	-4246.886	261.3357	2.291164	0.674034	0.325966	0.9350233
31668	-3983.038	-4244.434	261.3961	2.291164	0.549876	0.450124	0.8670819
31674	-3973.333	-4234.661	261.3274	2.308458	0.689424	0.310576	0.9252808
31680	-3970.065	-4231.385	261.3206	2.143079	0.604433	0.395567	1.096032
31686	-3973.111	-4234.5	261.3899	2.236702	0.659574	0.340426	0.9353054
31692	-3989.53	-4250.747	261.2171	2.282706	0.711767	0.288233	1.062415
31698	-3991.367	-4252.661	261.2941	2.30808	0.657999	0.342001	0.9611756
31704	-4014.755	-4276.163	261.4084	2.093982	0.815139	0.184861	1.059991
31710	-4011.923	-4273.23	261.3073	2.124288	0.690403	0.309597	1.125278
31716	-3997.016	-4258.308	261.2922	2.062502	0.732725	0.267275	1.192861
31722	-3986.647	-4247.932	261.2859	2.054617	0.732725	0.267275	1.205009
31728	-3983.455	-4244.798	261.3427	2.162441	0.708307	0.291693	1.057334
31734	-3986.452	-4247.847	261.3952	2.0304	0.727751	0.272249	1.130647
31740	-3990.293	-4251.554	261.2603	2.041465	0.729913	0.270087	1.237841
31746	-3986.052	-4247.348	261.2955	2.066338	0.669073	0.330927	1.186714
31752	-3989.318	-4250.657	261.34	2.021886	0.711235	0.288765	1.186714
31758	-3982.077	-4243.279	261.2018	2.150623	0.742458	0.257542	1.194863
31764	-3982.069	-4243.349	261.2806	2.151366	0.742458	0.257542	1.124875
31770	-4002.32	-4263.715	261.3952	2.309135	0.739733	0.260267	0.8466945
31776	-3999.757	-4261.093	261.3364	2.260341	0.649869	0.350131	0.9667628
31782	-3987.293	-4248.409	261.1161	1.940986	0.619664	0.380336	1.433627
31788	-3978.34	-4239.402	261.0618	1.971974	0.619664	0.380336	1.451459
31794	-3993.74	-4254.891	261.1509	1.982117	0.750725	0.249275	1.374624
31800	-3986.06	-4247.186	261.1267	2.004749	0.722975	0.277025	1.375885
31806	-3982.78	-4243.963	261.1821	1.944341	0.707771	0.292229	1.379788
31812	-3987.394	-4248.512	261.1171	1.951619	0.70179	0.29821	1.424629
31818	-4006.122	-4267.192	261.0703	1.919015	0.70179	0.29821	1.485141
31824	-3989.431	-4250.431	260.9998	1.898345	0.670975	0.329025	1.553096
31830	-3984.597	-4245.656	261.0588	1.876278	0.670975	0.329025	1.52572
31836	-3992.147	-4253.187	261.0394	1.815994	0.681264	0.318736	1.584466
31842	-3996.595	-4257.525	260.9298	1.876288	0.758971	0.241029	1.62028
31848	-3980.958	-4242.02	261.0625	1.876288	0.814213	0.185787	1.522985
31854	-3976.529	-4237.499	260.9697	1.850425	0.808479	0.191521	1.610111
31860	-3992.261	-4253.312	261.051	1.997702	0.658437	0.341563	1.440008
31866	-3988.852	-4250.036	261.1839	1.88081	0.697637	0.302363	1.427724
31872	-3985.94	-4246.801	260.8615	1.84584	0.781566	0.218434	1.691062
31878	-3982.292	-4243.265	260.9727	1.849456	0.572022	0.427978	1.608707
31884	-3985.684	-4246.646	260.9617	1.815599	0.759667	0.240333	1.641095
31890	-3981.65	-4242.673	261.0226	1.699387	0.754899	0.245101	1.680664
31896	-3961.903	-4222.787	260.8835	1.805938	0.666737	0.333263	1.703729
31902	-3986.933	-4248.222	261.289	2.040978	0.782808	0.217192	1.214051
31908	-3983.524	-4244.848	261.3244	2.0593	0.661322	0.338678	1.167704
31914	-3985.053	-4246.374	261.3203	2.067693	0.714688	0.285312	1.163928
31920	-3980.124	-4241.32	261.1961	1.952656	0.689336	0.310664	1.362204
31926	-3973.969	-4235.182	261.2131	2.031359	0.528342	0.471658	1.285314
31932	-3968.656	-4229.874	261.2185	1.994105	0.788644	0.211356	1.311191
31938	-3966.74	-4227.858	261.1184	2.030735	0.788644	0.211356	1.361917
31944	-3981.63	-4242.899	261.2685	2.002665	0.631606	0.368394	1.263338
31950	-4002.406	-4263.472	261.0659	1.80944	0.699682	0.300318	1.569848
31956	-3996.207	-4257.336	261.1288	1.853087	0.674117	0.325883	1.490712
31962	-4007.661	-4268.41	260.7489	1.786222	0.727187	0.272813	1.811589
31968	-3997.01	-4257.982	260.9726	1.822665	0.682603	0.317397	1.628157
31974	-4002.306	-4262.867	260.5611	1.7157	0.691438	0.308562	1.986914
31980	-3992.857	-4253.379	260.5218	1.7157	0.710485	0.289515	2.013118
31986	-3995.662	-4256.641	260.9782	1.765564	0.712192	0.287808	1.665111
31992	-4002.057	-4262.966	260.9095	1.901861	0.712192	0.287808	1.616473
31998	-3984.717	-4245.75	261.0326	1.863608	0.71264	0.28736	1.554562
32004	-3981.906	-4242.849	260.9431	1.863608	0.71264	0.28736	1.619868
32010	-3979.742	-4240.566	260.824	1.817522	0.694705	0.305295	1.737524
32016	-3994.046	-4255.163	261.1177	1.887607	0.736045	0.263955	1.473081
32022	-3987.858	-4248.77	260.9126	1.80319	0.685077	0.314923	1.685039
32028	-3981.711	-4242.595	260.8838	1.857736	0.693826	0.306174	1.666717
32034	-3986.675	-4247.482	260.8066	1.779991	0.693826	0.306174	1.775889
32040	-3992.97	-4253.689	260.7194	1.685046	0.693826	0.306174	1.901009
32046	-3992.334	-4252.676	260.3416	1.685046	0.715336	0.284664	2.151878
32052	-3985.209	-4245.97	260.761	1.734691	0.736253	0.263747	1.83872
32058	-3988.47	-4249.238	260.7681	1.727669	0.736253	0.263747	1.83872
32064	-3980.516	-4241.458	260.9419	1.809071	0.702992	0.297008	1.659919
32070	-3991.792	-4252.645	260.8527	1.894684	0.722601	0.277399	1.662548
32076	-3984.149	-4245.219	261.0692	1.911076	0.711527	0.288473	1.491945
32082	-3987.408	-4248.781	261.3732	2.073087	0.744722	0.255278	1.111934
32088	-3978.562	-4239.899	261.3373	2.117958	0.583084	0.416916	1.103814
32094	-3986.671	-4248.019	261.3482	2.117987	0.588754	0.411246	1.093724
32100	-3994.983	-4256.256	261.2734	1.91184	0.706709	0.293291	1.333229
32106	-3993.423	-4254.76	261.3369	1.989764	0.695169	0.304831	1.2168
32112	-3986.379	-4247.7	261.3212	1.942915	0.707774	0.292226	1.269189
32118	-3991.513	-4252.822	261.309	2.130089	0.726946	0.273054	1.118453
32124	-3989.577	-4250.832	261.2548	1.943952	0.718275	0.281725	1.322363
32130	-3992.587	-4253.775	261.1881	1.93108	0.741979	0.258021	1.385492
32136	-3993.37	-4254.541	261.1703	1.948905	0.684696	0.315304	1.385492
32142	-3977.343	-4238.578	261.2346	1.985671	0.635656	0.364344	1.305014
32148	-3995.574	-4256.842	261.2688	1.951431	0.622757	0.377243	1.305014
32154	-3977.819	-4239.099	261.2803	1.940017	0.622757	0.377243	1.305014
32160	-3990.501	-4251.736	261.235	1.985325	0.581377	0.418623	1.305014
32166	-3996.854	-4258.24	261.3868	2.015603	0.726842	0.273158	1.15124
32172	-3989.603	-4250.874	261.271	2.015603	0.620229	0.379771	1.250509
32178	-3972.53	-4233.718	261.1889	2.047496	0.687283	0.312717	1.291882
32184	-3986.17	-4247.365	261.1957	2.008836	0.671632	0.328368	1.317765
32190	-3988.367	-4249.59	261.2231	2.017415	0.676346	0.323654	1.288544
32196	-3980.018	-4241.372	261.3542	2.017422	0.685042	0.314958	1.178241
32202	-3977.198	-4238.414	261.2164	2.011364	0.743794	0.256206	1.298903
32208	-3980.395	-4241.883	261.4888	1.936118	0.697212	0.302788	1.131251
32214	-3983.819	-4245.11	261.2908	2.030721	0.779464	0.220536	1.221181
32220	-3975.298	-4236.538	261.2402	2.071268	0.641008	0.358992	1.229673
32226	-3993.586	-4254.778	261.1917	1.910529	0.661215	0.338785	1.398711
32232	-3991.034	-4252.229	261.1957	1.998784	0.751535	0.248465	1.325828
32238	-3981.903	-4243.233	261.3301	2.029557	0.602467	0.397533	1.188584
32244	-3981.799	-4243.05	261.2504	1.962681	0.602467	0.397533	1.310868
32250	-3975.098	-4236.439	261.3414	2.034334	0.712994	0.287006	1.174642
32256	-3985.43	-4246.343	260.9129	1.900674	0.766187	0.233813	1.614914
32262	-3982.718	-4243.591	260.8727	1.840111	0.67364	0.32636	1.687161
32268	-3978.144	-4238.867	260.7231	1.793701	0.712965	0.287035	1.824195
32274	-3974.557	-4235.383	260.8261	1.795448	0.655848	0.344152	1.75154
32280	-3983.512	-4244.471	260.9595	1.833838	0.655848	0.344152	1.629494
32286	-3991.689	-4252.744	261.0546	1.797766	0.655848	0.344152	1.586673
32292	-3985.919	-4246.757	260.8378	1.797766	0.752779	0.247221	1.741688
32298	-3994.794	-4255.156	260.3616	1.764654	0.69339	0.30661	2.08673
32304	-3976.079	-4236.201	260.1214	1.715989	0.69339	0.30661	2.27415
32310	-3977.761	-4237.95	260.1897	1.626471	0.755365	0.244635	2.287761
32316	-3976.221	-4236.421	260.1993	1.5855	0.570631	0.429369	2.307797
32322	-3983.654	-4243.787	260.1324	1.61964	0.73147	0.26853	2.328694
32328	-3982.115	-4242.342	260.227	1.599279	0.675862	0.324138	2.281253
32334	-3984.195	-4244.26	260.0648	1.675489	0.675862	0.324138	2.336178
32340	-3993.5	-4253.666	260.1662	1.5978	0.721681	0.278319	2.32107
32346	-3980.503	-4240.55	260.0465	1.559825	0.723119	0.276881	2.420945
32352	-3977.013	-4237.049	260.0364	1.569931	0.723119	0.276881	2.420945
32358	-3974.885	-4235.164	260.2789	1.582155	0.690295	0.309705	2.25895
32364	-3989.768	-4249.601	259.8333	1.559193	0.690295	0.309705	2.55476
32370	-3992.024	-4252.24	260.2164	1.56434	0.690295	0.309705	2.310375
32376	-3990.147	-4250.398	260.2514	1.618845	0.583933	0.416067	2.253078
32382	-3991.065	-4252.321	261.2567	2.045782	0.700805	0.299195	1.237256
32388	-3990.582	-4251.808	261.2251	1.941192	0.680905	0.319095	1.348316
32394	-3988.493	-4249.483	260.9896	1.932288	0.769841	0.230159	1.535555
32400	-3988.934	-4250.098	261.1644	1.932288	0.702672	0.297328	1.40303
32406	-3995.592	-4256.745	261.1537	1.919551	0.69157	0.30843	1.42118
32412	-3979.658	-4240.895	261.2373	1.92453	0.782627	0.217373	1.35189
32418	-3984.233	-4245.505	261.2714	2.012687	0.641828	0.358172	1.252617
32424	-3972.172	-4233.244	261.0716	2.031094	0.641828	0.358172	1.398337
32430	-3982.089	-4243.215	261.126	2.00585	0.739056	0.260944	1.375507
32436	-3988.781	-4250.037	261.2561	2.03071	0.718934	0.281066	1.250365
32442	-3986.603	-4247.725	261.1216	1.996293	0.653504	0.346496	1.386517
32448	-3985.748	-4246.994	261.2463	2.024302	0.627359	0.372641	1.263803
32454	-3993.954	-4255.159	261.2045	2.102152	0.741227	0.258773	1.233733
32460	-3994.278	-4255.62	261.3427	2.030807	0.662711	0.337289	1.176633
32466	-4006.838	-4268.098	261.2607	2.131428	0.64552	0.35448	1.160366
32472	-3999.689	-4261.044	261.355	2.112417	0.64552	0.35448	1.092635
32478	-3975.517	-4236.878	261.3609	2.039269	0.64552	0.35448	1.153291
32484	-3990.767	-4252.003	261.2365	2.081732	0.709917	0.290083	1.223984
32490	-3990.13	-4251.469	261.3387	2.106615	0.623968	0.376032	1.112821
32496	-3991.913	-4253.221	261.3082	2.137116	0.783517	0.216483	1.112821
32502	-3994.168	-4255.387	261.2188	2.137116	0.638248	0.361752	1.191835
32508	-3986.308	-4247.596	261.2881	2.096249	0.638248	0.361752	1.167175
32514	-4001.808	-4263.136	261.3287	2.055615	0.722724	0.277276	1.167175
32520	-4009.32	-4270.613	261.293	1.92745	0.778801	0.221199	1.304858
32526	-3995.367	-4256.674	261.3066	1.988029	0.596297	0.403703	1.243799
32532	-3986.21	-4247.418	261.2076	1.899073	0.72493	0.27507	1.395224
32538	-3993.926	-4254.849	260.9234	1.845761	0.760467	0.239533	1.646899
32544	-4006.129	-4267.041	260.9125	1.856692	0.607591	0.392409	1.646899
32550	-3994.216	-4254.961	260.7455	1.695215	0.74462	0.25538	1.876365
32556	-3997.317	-4257.814	260.4974	1.676799	0.666387	0.333613	2.055121
32562	-3999.931	-4260.623	260.6922	1.784922	0.744561	0.255439	1.851506
32568	-4004.237	-4265.057	260.8209	1.831687	0.744561	0.255439	1.729701
32574	-4016.543	-4277.299	260.7562	1.71049	0.702734	0.297266	1.858609
32580	-3989.12	-4249.937	260.8173	1.727588	0.743786	0.256214	1.804861
32586	-3987.253	-4247.91	260.6573	1.743607	0.775388	0.224612	1.90339
32592	-4010.578	-4271.581	261.0026	1.74019	0.646916	0.353084	1.665835
32598	-4006.87	-4267.736	260.8656	1.79186	0.583339	0.416661	1.726278
32604	-3992.225	-4253.085	260.8595	1.798002	0.696058	0.303942	1.726278
32610	-3993.33	-4254.281	260.9512	1.829995	0.652975	0.347025	1.638301
32616	-3984.973	-4245.726	260.7535	1.716586	0.685737	0.314263	1.85628
32622	-4000.469	-4261.04	260.5717	1.738089	0.730198	0.269802	1.964858
32628	-4008.001	-4268.684	260.683	1.7145	0.654826	0.345174	1.905729
32634	-3982.236	-4243.089	260.8533	1.79172	0.696107	0.303893	1.735039
32640	-3995.457	-4256.459	261.0026	1.79415	0.616359	0.383641	1.627079
32646	-3985.31	-4246.104	260.7944	1.808548	0.721989	0.278011	1.764481
32652	-4002.666	-4263.696	261.0302	1.875709	0.721989	0.278011	1.547341
32658	-4001.309	-4262.329	261.0201	1.885853	0.721989	0.278011	1.547341
32664	-3981.788	-4242.782	260.9932	1.873502	0.738997	0.261003	1.5762
32670	-3992.449	-4253.371	260.9216	1.829553	0.694012	0.305988	1.659804
32676	-3987.195	-4248.294	261.0987	1.930112	0.586654	0.413346	1.455194
32682	-4000.038	-4261.276	261.2383	1.930112	0.618966	0.381034	1.346672
32688	-3993.167	-4254.28	261.1135	1.961008	0.658537	0.341463	1.420158
32694	-3989.104	-4250.379	261.2745	2.047574	0.698737	0.301263	1.220735
32700	-3993.33	-4254.669	261.3391	2.128655	0.747455	0.252545	1.092304
32706	-4000.209	-4261.598	261.3883	2.093341	0.6414	0.3586	1.079481
32712	-3995.289	-4256.613	261.3237	2.157894	0.658912	0.341088	1.079481
32718	-3988.008	-4249.284	261.2762	2.054505	0.675633	0.324367	1.213378
32724	-3997.426	-4258.629	261.2027	2.109225	0.614392	0.385608	1.22931
32730	-3995.49	-4256.641	261.1519	1.847768	0.658686	0.341314	1.477319
32736	-3985.227	-4246.553	261.3264	1.975262	0.658686	0.341314	1.237954
32742	-3981.928	-4243.255	261.327	1.980199	0.608006	0.391994	1.233273
32748	-3991.479	-4252.652	261.1733	1.950495	0.659166	0.340834	1.381849
32754	-3997.377	-4258.744	261.3674	1.968996	0.686399	0.313601	1.208536
32760	-3996.341	-4257.646	261.305	2.066697	0.670067	0.329933	1.1782
32766	-3995.983	-4257.334	261.3513	2.020408	0.670067	0.329933	1.1782
32772	-3995.713	-4257.02	261.3071	2.102807	0.670067	0.329933	1.144641
32778	-3994.624	-4255.991	261.3665	2.166487	0.627274	0.372726	1.030645
32784	-3975.197	-4236.565	261.3686	2.164368	0.758108	0.241892	1.030645
32790	-3976.71	-4238.113	261.403	2.135368	0.748883	0.251117	1.025412
32796	-3977.843	-4239.13	261.2869	2.057466	0.725911	0.274089	1.201721
32802	-3984.915	-4246.123	261.2082	2.027993	0.725911	0.274089	1.292072
32808	-3992.586	-4253.907	261.3211	2.002889	0.613712	0.386288	1.219106
32814	-3978.037	-4239.429	261.392	1.98755	0.628747	0.371253	1.171344
32820	-3990.275	-4251.678	261.4024	2.101613	0.703507	0.296493	1.058454
32826	-3983.168	-4244.565	261.3971	2.148294	0.678473	0.321527	1.01848
32832	-3990.276	-4251.608	261.3315	2.148294	0.678473	0.321527	1.081211
32838	-3991.319	-4252.713	261.3932	2.026147	0.717435	0.282565	1.136245
32844	-3976.279	-4237.505	261.2264	1.980168	0.687705	0.312295	1.316134
32850	-3983.865	-4245.186	261.3204	1.965923	0.602164	0.397836	1.250727
32856	-3986.39	-4247.715	261.3244	1.899656	0.657866	0.342134	1.301913
32862	-3982.153	-4243.383	261.2294	1.993653	0.644467	0.355533	1.302753
32868	-3985.874	-4247.29	261.416	1.99454	0.667468	0.332532	1.144113
32874	-3989.827	-4251.168	261.3414	1.962396	0.667468	0.332532	1.236115
32880	-3986.634	-4247.961	261.3275	1.996896	0.667468	0.332532	1.218766
32886	-3994.008	-4255.312	261.3038	2.025615	0.742158	0.257842	1.21448
32892	-3995.909	-4257.269	261.3604	1.961087	0.723579	0.276421	1.221262
32898	-4000.152	-4261.585	261.4325	2.076876	0.782455	0.217545	1.05338
32904	-3987.59	-4248.877	261.2873	2.076366	0.767127	0.232873	1.185124
32910	-3981.581	-4242.771	261.19	1.995795	0.713299	0.286701	1.332761
32916	-3983.988	-4245.207	261.2189	2.024571	0.727512	0.272488	1.286108
32922	-3987.677	-4248.839	261.1612	2.019962	0.706781	0.293219	1.336505
32928	-3987.007	-4248.291	261.284	2.072748	0.706781	0.293219	1.191109
32934	-3996.348	-4257.592	261.2446	2.141496	0.706781	0.293219	1.165651
32940	-3999.361	-4260.566	261.2047	2.031774	0.769793	0.230207	1.291848
32946	-3988.352	-4249.688	261.3367	2.107864	0.768267	0.231733	1.113573
32952	-4001.756	-4263.12	261.3641	2.146325	0.729722	0.270278	1.052335
32958	-3988.363	-4249.82	261.4564	2.135669	0.684885	0.315115	0.9715858
32964	-3990.745	-4252.127	261.3816	2.208177	0.751821	0.248179	0.9739482
32970	-3988.081	-4249.487	261.4056	2.208177	0.742534	0.257466	0.9489681
32976	-3987.799	-4249.231	261.4327	2.257418	0.643268	0.356732	0.8637708
32982	-3986.283	-4247.622	261.3395	2.376457	0.721465	0.278535	0.8322017
32988	-3976.354	-4237.747	261.3926	2.295984	0.721465	0.278535	0.8656008
32994	-3983.636	-4245	261.364	2.288808	0.745729	0.254271	0.9066086
33000	-3978.917	-4240.331	261.4135	2.280945	0.745729	0.254271	0.8585891
33006	-3974.959	-4236.371	261.4127	2.277342	0.740257	0.259743	0.8638819
33012	-3980.228	-4241.601	261.3735	2.267065	0.577297	0.422703	0.9202049
33018	-3983.341	-4244.704	261.3623	2.344842	0.755042	0.244958	0.8432155
33024	-3999.535	-4260.961	261.4257	2.344842	0.689999	0.310001	0.7586859
33030	-3990.088	-4251.51	261.4224	2.344842	0.689999	0.310001	0.7634734
33036	-3998.035	-4259.472	261.437	2.396958	0.707803	0.292197	0.6485303
33042	-3983.69	-4245.076	261.3862	2.39691	0.763825	0.236175	0.7398665
33048	-3997.333	-4258.69	261.358	2.412219	0.633961	0.366039	0.7591916
33054	-3989.225	-4250.634	261.4084	2.37125	0.800991	0.199009	0.7451597
33060	-3990.435	-4251.845	261.4097	2.347921	0.623679	0.376321	0.777204
33066	-3993.953	-4255.329	261.3768	2.380783	0.679887	0.320113	0.777204
33072	-3998.614	-4260.002	261.388	2.389049	0.679887	0.320113	0.7490511
33078	-3999.217	-4260.592	261.3756	2.340971	0.581623	0.418377	0.8314372
33084	-4001.868	-4263.337	261.469	2.289091	0.723811	0.276189	0.7765245
33090	-3980.871	-4242.222	261.3503	2.335684	0.764534	0.235466	0.8686345
33096	-3980.295	-4241.646	261.3512	2.334741	0.639709	0.360291	0.8686345
33102	-3993.532	-4254.878	261.3457	2.396283	0.749972	0.250028	0.7986588
33108	-3989.309	-4250.688	261.3785	2.396283	0.662195	0.337805	0.7524674
33114	-3998.879	-4260.222	261.3426	2.090292	0.719811	0.280189	1.124124
33120	-3989.553	-4251.004	261.4511	2.152394	0.733127	0.266873	0.9597788
33126	-4001.936	-4262.766	260.8296	1.733085	0.66386	0.33614	1.792481
33132	-4003.682	-4264.204	260.5219	1.683627	0.703804	0.296196	2.034398
33138	-4003.008	-4263.482	260.4745	1.636814	0.674666	0.325334	2.096515
33144	-3989.634	-4250.053	260.4199	1.747932	0.686137	0.313863	2.059303
33150	-3985.425	-4246.249	260.8244	1.862973	0.701926	0.298074	1.705228
33156	-3990.331	-4251.124	260.793	1.82833	0.701926	0.298074	1.751647
33162	-3987.932	-4249.103	261.1708	1.855809	0.693012	0.306988	1.456881
33168	-3993.514	-4254.6	261.0857	1.940309	0.683008	0.316992	1.457378
33174	-3988.119	-4249.487	261.3676	2.081027	0.650028	0.349972	1.109825
33180	-3981.194	-4242.618	261.4238	2.081027	0.706247	0.293753	1.057637
33186	-3988.616	-4249.985	261.3684	1.994352	0.68072	0.31928	1.185894
33192	-3996.942	-4258.327	261.3843	2.196908	0.68072	0.31928	0.9827241
33198	-3995.052	-4256.34	261.288	2.16905	0.741646	0.258354	1.102191
33204	-3993.305	-4254.743	261.438	2.175245	0.606371	0.393629	0.9495184
33210	-3993.797	-4255.189	261.3915	2.176566	0.606371	0.393629	0.996045
33216	-3986.23	-4247.514	261.2843	2.248182	0.787673	0.212327	1.031093
33222	-4001.776	-4263.112	261.3359	2.19662	0.707216	0.292784	1.031093
33228	-4001.967	-4263.366	261.3983	2.121993	0.706271	0.293729	1.042905
33234	-3993.391	-4254.787	261.3963	2.213989	0.598028	0.401972	0.9526308
33240	-3994.57	-4255.952	261.3823	2.100444	0.593289	0.406711	1.07846
33246	-3987.007	-4248.401	261.3942	2.087603	0.593289	0.406711	1.079336
33252	-3990.288	-4251.686	261.3983	2.087603	0.591772	0.408228	1.075511
33258	-3986.076	-4247.393	261.3165	2.092294	0.65382	0.34618	1.145598
33264	-3985.095	-4246.439	261.3437	2.151694	0.602637	0.397363	1.066607
33270	-3986.837	-4248.188	261.3514	2.394778	0.639992	0.360008	0.793003
33276	-3994.299	-4255.681	261.382	2.364143	0.7179	0.2821	0.793003
33282	-3980.576	-4241.943	261.3668	2.295957	0.679021	0.320979	0.8954458
33288	-3983.781	-4245.162	261.3809	2.290518	0.629935	0.370065	0.8856173
33294	-3985.913	-4247.315	261.4019	2.220454	0.649716	0.350284	0.9399006
33300	-3982.793	-4244.097	261.3046	2.317712	0.654309	0.345691	0.9399006
33306	-3992.929	-4254.117	261.1883	2.015898	0.654309	0.345691	1.318031
33312	-3989.123	-4250.447	261.3238	1.990992	0.659899	0.340101	1.226877
33318	-3984.567	-4245.636	261.0683	2.004743	0.671994	0.328006	1.421306
33324	-3976.433	-4237.705	261.2722	2.007436	0.717267	0.282733	1.256348
33330	-3971.658	-4232.93	261.2723	2.02865	0.729674	0.270326	1.238562
33336	-3982.23	-4243.553	261.3224	2.034471	0.66802	0.33198	1.191018
33342	-3980.44	-4241.759	261.3193	1.97999	0.678433	0.321567	1.239919
33348	-3987.761	-4249.049	261.2878	2.109641	0.678433	0.321567	1.155629
33354	-3986.702	-4248.105	261.4033	2.120721	0.579992	0.420008	1.039271
33360	-3981.441	-4242.759	261.3186	2.113536	0.661096	0.338904	1.124781
33366	-3987.306	-4248.705	261.3991	2.186445	0.716638	0.283362	0.9783008
33372	-3981.334	-4242.551	261.2171	2.091876	0.660764	0.339236	1.231789
33378	-3985.875	-4247.148	261.2731	2.123932	0.673204	0.326796	1.156007
33384	-3994.483	-4255.796	261.3133	2.13139	0.662922	0.337078	1.113429
33390	-3996.848	-4258.149	261.3017	2.123535	0.704051	0.295949	1.130995
33396	-4000.662	-4262.029	261.367	2.122103	0.699915	0.300085	1.072519
33402	-4001.091	-4262.399	261.3085	2.044691	0.699915	0.300085	1.194139
33408	-3988.691	-4249.912	261.2213	2.052974	0.659265	0.340735	1.260743
33414	-3991.91	-4253.177	261.2675	2.052974	0.721573	0.278427	1.222077
33420	-3991.672	-4252.486	260.8148	1.92725	0.683878	0.316122	1.666362
33426	-3999.949	-4261.096	261.1479	2.013357	0.727161	0.272839	1.35234
33432	-3984.257	-4245.416	261.1596	1.961861	0.660462	0.339538	1.383698
33438	-3980.713	-4241.804	261.0906	1.978981	0.660462	0.339538	1.424017
33444	-3983.666	-4244.925	261.2584	2.00244	0.660462	0.339538	1.271904
33450	-3988.121	-4249.307	261.1856	2.00244	0.725083	0.274917	1.330962
33456	-3987.852	-4249.123	261.271	2.003051	0.688306	0.311694	1.260925
33462	-3981.596	-4242.82	261.2243	2.053034	0.778205	0.221795	1.258228
33468	-3978.059	-4239.283	261.2243	2.053034	0.741951	0.258049	1.258228
33474	-3976.176	-4237.434	261.2589	2.09301	0.621025	0.378975	1.1953
33480	-3987.382	-4248.718	261.336	2.185074	0.586398	0.413602	1.042132
33486	-3986.039	-4247.312	261.2736	2.185074	0.696488	0.303512	1.100676
33492	-3986.458	-4247.744	261.2856	1.997312	0.686769	0.313231	1.253586
33498	-3999.812	-4261.009	261.1971	2.08835	0.74968	0.25032	1.251527
33504	-4010.614	-4272.071	261.4562	2.101651	0.643837	0.356163	1.006228
33510	-4014.615	-4275.977	261.3614	2.346413	0.717804	0.282196	0.8423895
33516	-3990.222	-4251.561	261.3386	2.346413	0.627562	0.372438	0.8697357
33522	-3987.865	-4249.206	261.341	2.374639	0.595275	0.404725	0.8326256
33528	-3979.037	-4240.441	261.4036	2.264803	0.661987	0.338013	0.8890202
33534	-3979.439	-4240.863	261.4235	2.20508	0.639763	0.360237	0.9332046
33540	-3978.828	-4240.183	261.3555	2.175929	0.598782	0.401218	1.032192
33546	-3983.881	-4245.098	261.2178	2.336842	0.745418	0.254582	1.009393
33552	-3984.942	-4246.363	261.4208	2.137306	0.745418	0.254582	1.005953
33558	-3995.447	-4256.767	261.3196	2.206595	0.69929	0.30071	1.037201
33564	-3990.498	-4251.825	261.3267	2.20305	0.739377	0.260623	1.033773
33570	-3982.654	-4243.95	261.2955	2.146048	0.699928	0.300072	1.116238
33576	-3989.359	-4250.611	261.2517	2.108768	0.695744	0.304256	1.187913
33582	-4003.938	-4265.296	261.3581	2.183248	0.695744	0.304256	1.022537
33588	-4000.786	-4262.198	261.4118	2.172213	0.695744	0.304256	0.9798894
33594	-4006.003	-4267.309	261.3052	2.158107	0.74221	0.25779	1.096444
33600	-3994.299	-4255.423	261.124	2.133005	0.754297	0.245703	1.275034
33606	-4001.759	-4263.013	261.2539	2.092218	0.799358	0.200642	1.200273
33612	-3992.032	-4253.279	261.247	2.081122	0.679826	0.320174	1.215588
33618	-3988.476	-4249.696	261.2198	2.100307	0.679826	0.320174	1.222374
33624	-3985.381	-4246.681	261.3002	2.088025	0.679826	0.320174	1.163799
33630	-3999.572	-4260.84	261.2681	2.136099	0.711924	0.288076	1.149725
33636	-4005.699	-4267.046	261.3475	2.100484	0.76925	0.23075	1.110437
33642	-4016.238	-4277.574	261.3357	2.108806	0.67151	0.32849	1.113583
33648	-3987.908	-4249.337	261.4284	2.10038	0.768978	0.231022	1.034757
33654	-3983.675	-4245.142	261.4664	2.140484	0.68904	0.31096	0.9561845
33660	-3984.96	-4246.33	261.3703	2.140341	0.672988	0.327012	1.05209
33666	-3991.184	-4252.627	261.4433	2.090841	0.694136	0.305864	1.029544
33672	-4000.312	-4261.615	261.3031	1.986587	0.575073	0.424927	1.247964
33678	-3979.742	-4240.938	261.1955	2.005995	0.675688	0.324312	1.320201
33684	-4005.136	-4266.466	261.33	2.004946	0.632154	0.367846	1.209832
33690	-3997.669	-4259.132	261.4628	2.200382	0.635436	0.364564	0.8949919
33696	-4002.343	-4263.628	261.285	2.253591	0.683073	0.316927	1.02523
33702	-3988.772	-4250.017	261.2442	2.062835	0.730446	0.269554	1.233457
33708	-3993.288	-4254.279	260.9904	1.937149	0.751132	0.248868	1.531363
33714	-3984.25	-4245.373	261.1225	1.95249	0.751132	0.248868	1.419807
33720	-3990.79	-4251.916	261.1261	1.960908	0.754214	0.245786	1.410501
33726	-3997.076	-4258.143	261.0662	1.921571	0.67274	0.32726	1.486313
33732	-3999.769	-4260.923	261.154	1.961063	0.66681	0.33319	1.388694
33738	-3987.086	-4248.26	261.1738	1.941301	0.64142	0.35858	1.388694
33744	-3985.969	-4247.109	261.1397	1.975347	0.684484	0.315516	1.388694
33750	-3992.415	-4253.63	261.2151	1.900013	0.684484	0.315516	1.388694
33756	-3978.593	-4239.768	261.1752	1.939869	0.684484	0.315516	1.388694
33762	-3967.512	-4228.705	261.1922	1.992598	0.684484	0.315516	1.333607
33768	-3986.97	-4248.186	261.2155	2.036851	0.695283	0.304717	1.278876
33774	-3985.585	-4246.882	261.2975	2.033803	0.75506	0.24494	1.212886
33780	-3984.426	-4245.708	261.2816	2.018273	0.725224	0.274776	1.239413
33786	-3981.832	-4243.134	261.3015	2.034481	0.658367	0.341633	1.208906
33792	-3998.026	-4259.406	261.3799	2.074788	0.715225	0.284775	1.10431
33798	-3997.405	-4258.827	261.4217	2.136144	0.61236	0.38764	1.006189
33804	-4001.041	-4262.383	261.3416	2.127196	0.753564	0.246436	1.091404
33810	-3988.728	-4250.039	261.3115	2.197525	0.782579	0.217421	1.053632
33816	-3992.773	-4254.151	261.3782	2.247969	0.713598	0.286402	0.9357381
33822	-3987.956	-4249.321	261.3651	2.313827	0.676502	0.323498	0.876866
33828	-3983.21	-4244.479	261.2689	2.141474	0.716654	0.283346	1.144237
33834	-3983.511	-4244.915	261.4039	2.006483	0.717688	0.282312	1.144237
33840	-3988.429	-4249.806	261.3772	2.428622	0.618905	0.381095	0.702718
33846	-3983.916	-4245.282	261.3663	2.419707	0.770347	0.229653	0.7352788
33852	-3992.709	-4254.179	261.4697	2.290946	0.744908	0.255092	0.772896
33858	-4012.884	-4274.374	261.4902	2.270444	0.670201	0.329799	0.772896
33864	-3994.998	-4256.371	261.373	2.215663	0.670201	0.329799	0.9751306
33870	-4005.426	-4266.846	261.4206	2.200949	0.709473	0.290527	0.9407632
33876	-3990.785	-4252.202	261.4166	2.200949	0.752656	0.247344	0.9449352
33882	-3982.587	-4243.936	261.3496	2.312028	0.623978	0.376022	0.8966923
33888	-3974.012	-4235.46	261.4476	2.147037	0.655929	0.344071	0.968945
33894	-3977.791	-4239.196	261.4046	2.211895	0.607973	0.392027	0.946072
33900	-3977.925	-4239.295	261.3693	2.032229	0.706824	0.293176	1.15201
33906	-3980.401	-4241.788	261.3864	2.058427	0.744824	0.255176	1.113314
33912	-3991.817	-4253.066	261.2482	2.02858	0.684733	0.315267	1.25871
33918	-3984.268	-4245.682	261.4136	2.027988	0.64394	0.35606	1.11619
33924	-3981.593	-4242.94	261.3467	2.03912	0.692342	0.307658	1.165866
33930	-3995.315	-4256.55	261.2347	2.026584	0.680151	0.319849	1.271501
33936	-3990.621	-4251.884	261.2629	2.005824	0.736397	0.263603	1.265395
33942	-3998.051	-4259.188	261.1374	1.975495	0.655189	0.344811	1.390369
33948	-4009.943	-4270.931	260.9874	1.975495	0.695811	0.304189	1.505005
33954	-4001.578	-4262.801	261.2234	2.070399	0.737893	0.262107	1.244556
33960	-3994.013	-4255.38	261.3671	2.049889	0.62662	0.37338	1.138298
33966	-3982.264	-4243.565	261.301	2.049889	0.545401	0.454599	1.196169
33972	-3996.353	-4257.591	261.2376	2.0659	0.76277	0.23723	1.236402
33978	-3988.108	-4249.345	261.2376	2.0659	0.622939	0.377061	1.236402
33984	-3996.943	-4258.29	261.3466	2.072286	0.605247	0.394753	1.13666
33990	-3984.466	-4245.862	261.3962	2.090857	0.704148	0.295852	1.074427
33996	-3982.959	-4244.275	261.3161	2.006868	0.747116	0.252884	1.219953
34002	-3997.087	-4258.415	261.3284	2.030153	0.716768	0.283232	1.189535
34008	-3993.379	-4254.624	261.2452	2.030153	0.662653	0.337347	1.259865
34014	-3989.65	-4251.074	261.4237	2.192444	0.593975	0.406025	0.9464444
34020	-3992.239	-4253.595	261.3568	2.290745	0.686812	0.313188	0.9124535
34026	-3985.674	-4247.031	261.3568	2.191169	0.731787	0.268213	1.015959
34032	-3986.147	-4247.565	261.4179	2.192472	0.712888	0.287112	0.9525996
34038	-3985.209	-4246.588	261.379	2.208906	0.602268	0.397732	0.9758784
34044	-3995.071	-4256.457	261.3854	2.185825	0.635632	0.364368	0.9928645
34050	-4003.348	-4264.736	261.3877	2.026791	0.709143	0.290857	1.140601
34056	-3997.582	-4258.84	261.2576	2.156838	0.62115	0.37885	1.140601
34062	-3989.089	-4250.415	261.3267	2.087694	0.762151	0.237849	1.140601
34068	-3987.975	-4249.279	261.3036	2.014435	0.716486	0.283514	1.224185
34074	-3979.806	-4241.145	261.3387	2.026525	0.657006	0.342994	1.183757
34080	-3994.274	-4255.598	261.3241	2.030873	0.727886	0.272114	1.192634
34086	-3993.49	-4254.785	261.295	2.059959	0.708095	0.291905	1.192634
34092	-3974.207	-4235.572	261.3651	1.945086	0.708095	0.291905	1.230736
34098	-3976.147	-4237.462	261.315	2.020089	0.68883	0.31117	1.209675
34104	-3978.775	-4240.201	261.4254	2.002002	0.663607	0.336393	1.129052
34110	-3983.052	-4244.44	261.3875	1.98597	0.647146	0.352854	1.176624
34116	-3975.668	-4236.968	261.2993	2.031909	0.674341	0.325659	1.212962
34122	-3975.988	-4237.408	261.4204	2.014972	0.668226	0.331774	1.121873
34128	-3984.343	-4245.735	261.3916	1.950706	0.649154	0.350846	1.203542
34134	-3997.78	-4258.973	261.1935	1.874495	0.558203	0.441797	1.425231
34140	-3997.907	-4258.954	261.0465	1.872885	0.678803	0.321197	1.537421
34146	-3978.325	-4239.446	261.1212	1.818697	0.673736	0.326264	1.522188
34152	-3976.256	-4237.272	261.0165	1.970274	0.706691	0.293309	1.487037
34158	-3997.557	-4258.786	261.2285	1.902756	0.637565	0.362435	1.376011
34164	-3997.162	-4258.16	260.9978	1.876023	0.716469	0.283531	1.571001
34170	-3992.277	-4253.336	261.0593	1.830468	0.722393	0.277607	1.559306
34176	-3986.172	-4247.237	261.0645	1.895996	0.724662	0.275338	1.50678
34182	-3994.658	-4255.736	261.0778	1.940997	0.610231	0.389769	1.46284
34188	-3988.127	-4249.255	261.1281	1.922763	0.693045	0.306955	1.438355
34194	-3980.139	-4240.889	260.7508	1.906273	0.700544	0.299456	1.726568
34200	-3973.135	-4234.249	261.1148	1.872646	0.675949	0.324051	1.486577
34206	-3986.376	-4247.755	261.3785	1.892919	0.804544	0.195456	1.263102
34212	-3976.081	-4237.056	260.9745	1.930131	0.61818	0.38182	1.548334
34218	-3982.552	-4243.624	261.0716	1.874277	0.739516	0.260484	1.517669
34224	-3994.1	-4255.029	260.9295	1.893481	0.690146	0.309854	1.60809
34230	-3984.345	-4245.588	261.2436	1.860484	0.800847	0.199153	1.397229
34236	-3989.196	-4250.191	260.9952	1.868395	0.742572	0.257428	1.5785
34242	-4003.131	-4263.792	260.6605	1.795563	0.752171	0.247829	1.865873
34248	-3988.763	-4249.637	260.8741	1.795563	0.699026	0.300974	1.717694
34254	-3994.617	-4255.657	261.0398	1.763329	0.606583	0.393417	1.62247
34260	-3997.131	-4257.925	260.7938	1.784644	0.662018	0.337982	1.78158
34266	-3991.808	-4252.585	260.7771	1.709447	0.739708	0.260292	1.845045
34272	-3987.22	-4248.114	260.8942	1.825051	0.574431	0.425569	1.682579
34278	-3990.707	-4251.641	260.9341	1.838839	0.608143	0.391857	1.644198
34284	-4001.456	-4262.242	260.7863	1.925286	0.721844	0.278156	1.688036
34290	-3993.381	-4253.841	260.4596	1.70909	0.688064	0.311936	2.058733
34296	-3991.204	-4251.788	260.5837	1.69813	0.651396	0.348604	1.983573
34302	-3994.985	-4255.675	260.6896	1.809461	0.600812	0.399188	1.836417
34308	-4006.065	-4266.918	260.8527	1.902943	0.68039	0.31961	1.656593
34314	-3988.679	-4250	261.3201	2.131379	0.691546	0.308454	1.107201
34320	-3989.392	-4250.695	261.3026	1.897423	0.691546	0.308454	1.321382
34326	-3983.676	-4245.001	261.3247	1.944148	0.75963	0.24037	1.265247
34332	-3977.945	-4239.401	261.4554	1.938018	0.742862	0.257138	1.159244
34338	-3967.968	-4229.318	261.35	2.1246	0.741471	0.258529	1.085981
34344	-3973.363	-4234.771	261.4077	2.150783	0.736384	0.263616	1.005625
34350	-3980.806	-4242.245	261.4391	2.203772	0.755851	0.244149	0.9175988
34356	-3977.924	-4239.293	261.3684	2.244299	0.700314	0.299686	0.9501288
34362	-3968.651	-4230.03	261.3791	2.229948	0.653201	0.346799	0.9539828
34368	-3969.987	-4231.385	261.398	2.211006	0.653201	0.346799	0.9539828
34374	-3979.878	-4241.302	261.4243	2.217787	0.639063	0.360937	0.9184893
34380	-3994.503	-4255.798	261.2948	2.217787	0.70831	0.29169	1.050314
34386	-3991.341	-4252.727	261.3856	2.139427	0.70831	0.29169	1.038357
34392	-3987.834	-4249.169	261.3352	2.089931	0.645214	0.354786	1.131047
34398	-3988.291	-4249.52	261.2289	2.208291	0.691978	0.308022	1.120228
34404	-3984.089	-4245.467	261.3774	2.256713	0.65622	0.34378	0.9271993
34410	-3988.02	-4249.422	261.4023	2.189121	0.652895	0.347105	0.9722464
34416	-3975.428	-4236.827	261.3985	2.189121	0.785496	0.214504	0.9761775
34422	-3973.329	-4234.698	261.3685	2.234366	0.75101	0.24899	0.9604709
34428	-3970.242	-4231.675	261.4326	2.295936	0.717156	0.282844	0.8162711
34434	-3972.363	-4233.744	261.3818	2.305647	0.695472	0.304528	0.8669657
34440	-3972.594	-4233.965	261.3714	2.300057	0.741601	0.258399	0.8854995
34446	-3988.686	-4250.097	261.4111	2.319071	0.672451	0.327549	0.8141656
34452	-3992.076	-4253.575	261.4988	2.185366	0.609913	0.390087	0.8707777
34458	-3987.439	-4248.785	261.346	2.318665	0.711891	0.288109	0.8932368
34464	-3983.905	-4245.18	261.2752	2.334781	0.641541	0.358459	0.9529833
34470	-3971.679	-4233.038	261.3596	2.265862	0.685092	0.314908	0.9364984
34476	-3981.526	-4242.857	261.3312	2.245304	0.685092	0.314908	0.9874986
34482	-3987.164	-4248.569	261.4048	2.17169	0.64603	0.35397	0.9874986
34488	-3971.603	-4233.084	261.4808	2.191962	0.616851	0.383149	0.8840537
34494	-3972.5	-4233.916	261.4161	2.079192	0.727908	0.272092	1.066642
34500	-3989.967	-4251.431	261.4645	2.056879	0.727908	0.272092	1.041879
34506	-3995.958	-4257.274	261.3158	2.20558	0.731439	0.268561	1.041879
34512	-3997.785	-4259.143	261.3578	2.108555	0.731439	0.268561	1.093595
34518	-3990.576	-4251.892	261.3157	2.108555	0.731439	0.268561	1.131866
34524	-3994.823	-4254.737	259.9144	1.576087	0.728119	0.271881	2.493705
34530	-3993.348	-4252.699	259.3512	1.587123	0.70975	0.29025	2.833679
34536	-3999.499	-4259.746	260.2465	1.618221	0.76743	0.23257	2.256644
34542	-4000.277	-4260.282	260.0055	1.720862	0.644319	0.355681	2.345037
34548	-3992.335	-4253.172	260.837	1.822599	0.640185	0.359815	1.724829
34554	-4002.451	-4262.983	260.5312	1.864735	0.714581	0.285419	1.906768
34560	-4005.555	-4266.11	260.5552	1.840751	0.638188	0.361812	1.906768
34566	-4009.539	-4270.168	260.6293	1.82026	0.732173	0.267827	1.870301
34572	-3985.958	-4247.391	261.4335	2.334998	0.70958	0.29042	0.7616735
34578	-3973.018	-4234.376	261.3579	2.410575	0.697147	0.302853	0.7616735
34584	-3990.087	-4251.453	261.3659	2.386395	0.645905	0.354095	0.7846315
34590	-3991.882	-4253.293	261.4109	2.329534	0.678133	0.321867	0.8006803
34596	-3980.15	-4241.551	261.4008	2.297831	0.642613	0.357387	0.8535843
34602	-3987.667	-4249.083	261.4155	2.326909	0.642613	0.357387	0.7980157
34608	-3992.132	-4253.554	261.4213	2.334767	0.620237	0.379763	0.7794273
34614	-3988.341	-4249.724	261.3825	2.377031	0.79037	0.20963	0.7745091
34620	-3986.344	-4247.747	261.4028	2.393015	0.693716	0.306284	0.7196891
34626	-3972.99	-4234.391	261.4005	2.393015	0.626837	0.373163	0.7233259
34632	-3978.521	-4239.925	261.4035	2.354871	0.605557	0.394443	0.7761927
34638	-3998.028	-4259.431	261.4022	2.354871	0.669449	0.330551	0.7780527
34644	-3987.284	-4248.667	261.3828	2.352276	0.638217	0.361783	0.8077819
34650	-3999.214	-4260.584	261.3697	2.326833	0.709034	0.290966	0.856105
34656	-3986.444	-4247.869	261.4246	2.260359	0.723565	0.276435	0.8698873
34662	-3980.206	-4241.585	261.3795	2.360884	0.67241	0.32759	0.8007991
34668	-3986.279	-4247.753	261.4747	2.297671	0.715361	0.284639	0.7560204
34674	-3984.474	-4245.915	261.441	2.297412	0.692287	0.307713	0.8033026
34680	-3975.238	-4236.704	261.4662	2.158995	0.659209	0.340791	0.936843
34686	-3979.342	-4240.762	261.4201	2.158995	0.733754	0.266246	0.9848358
34692	-3974.779	-4236.169	261.3898	2.194403	0.722029	0.277971	0.9796292
34698	-3970.537	-4231.956	261.4188	2.18378	0.722029	0.277971	0.9606866
34704	-3975.567	-4236.919	261.352	2.129067	0.722029	0.277971	1.08002
34710	-4008.231	-4269.56	261.3288	2.265463	0.655908	0.344092	0.969352
34716	-3988.596	-4250.037	261.4409	2.171727	0.70957	0.29043	0.950193
34722	-3983.978	-4245.404	261.4259	2.223022	0.735876	0.264124	0.9109911
34728	-3988.082	-4249.501	261.4198	2.296953	0.686791	0.313209	0.8312563
34734	-3985.042	-4246.425	261.3834	2.253213	0.770918	0.229082	0.9244723
34740	-3984.909	-4246.354	261.445	2.259184	0.660162	0.339838	0.8467768
34746	-3984.905	-4246.265	261.3599	2.179518	0.660162	0.339838	1.0244
34752	-3992.884	-4254.191	261.306	2.179518	0.800753	0.199247	1.0758
34758	-3991.91	-4253.291	261.3806	2.174005	0.633143	0.366857	1.009406
34764	-3996.175	-4257.535	261.3601	2.25741	0.656872	0.343128	0.9450231
34770	-3979.639	-4240.972	261.3326	2.229099	0.692634	0.307366	1.002371
34776	-3979.684	-4241.003	261.3193	2.229099	0.720393	0.279607	1.01557
34782	-3980.872	-4242.209	261.3369	2.200175	0.734777	0.265223	1.02669
34788	-3979.946	-4241.236	261.2896	2.203089	0.568523	0.431477	1.069125
34794	-3985.356	-4246.798	261.442	2.148113	0.664368	0.335632	0.9735859
34800	-3969.926	-4231.164	261.2378	2.215975	0.613955	0.386045	1.105157
34806	-3983.251	-4244.578	261.3279	2.001802	0.73457	0.26543	1.214283
34812	-3979.046	-4240.109	261.063	1.961253	0.699053	0.300947	1.458654
34818	-3982.807	-4243.963	261.1559	1.921717	0.699053	0.300947	1.417759
34824	-3990.178	-4251.315	261.1369	1.924848	0.717887	0.282113	1.430037
34830	-3996.008	-4257.216	261.2081	1.908627	0.717887	0.282113	1.387378
34836	-3986.615	-4247.774	261.159	1.908627	0.690506	0.309494	1.425506
34842	-3979.658	-4240.891	261.2334	1.963269	0.713866	0.286134	1.324085
34848	-3983.091	-4244.373	261.282	1.973537	0.751409	0.248591	1.276236
34854	-3980.511	-4241.58	261.0685	1.973537	0.636872	0.363128	1.445144
34860	-3974.62	-4235.547	260.9271	1.825581	0.677316	0.322684	1.658762
34866	-3978.843	-4239.809	260.9657	1.765583	0.686625	0.313375	1.674015
34872	-3976.163	-4237.275	261.1119	1.830906	0.737938	0.262062	1.519997
34878	-3984.865	-4245.923	261.0581	1.884711	0.695558	0.304442	1.519997
34884	-3981.778	-4242.78	261.0028	1.945386	0.659285	0.340715	1.516002
34890	-3985.591	-4246.418	260.8263	1.872973	0.690683	0.309317	1.696776
34896	-3991.31	-4252.267	260.9571	1.844778	0.633953	0.366047	1.623381
34902	-3991.163	-4252.212	261.0489	1.94482	0.73413	0.26587	1.481849
34908	-3985.417	-4246.641	261.2242	1.94482	0.674974	0.325026	1.346142
34914	-3983.069	-4244.488	261.4199	2.083768	0.619284	0.380716	1.058714
34920	-3979.773	-4241.109	261.3357	2.140787	0.616815	0.383185	1.08423
34926	-3972.298	-4233.604	261.3063	2.128656	0.593062	0.406938	1.122265
34932	-3983.825	-4245.229	261.4039	2.048433	0.767212	0.232788	1.106442
34938	-3975.771	-4237.035	261.2641	2.065855	0.651963	0.348037	1.214008
34944	-3967.269	-4228.5	261.2316	1.961616	0.677085	0.322915	1.32683
34950	-3971.573	-4232.872	261.299	1.941511	0.677085	0.322915	1.288521
34956	-3984.562	-4245.811	261.2495	1.844195	0.69343	0.30657	1.405362
34962	-3993.594	-4254.576	260.9821	1.98719	0.69343	0.30657	1.500211
34968	-3989.687	-4250.926	261.239	1.961648	0.684763	0.315237	1.320849
34974	-3992.965	-4254.407	261.4414	1.977183	0.688786	0.311214	1.136943
34980	-3994.181	-4255.482	261.3008	2.005514	0.753439	0.246561	1.23403
34986	-3985.904	-4247.178	261.2745	2.034306	0.736019	0.263981	1.231964
34992	-3975.556	-4236.453	260.8978	1.884746	0.594628	0.405372	1.637296
34998	-3981.334	-4242.215	260.8802	1.935773	0.596994	0.403006	1.613161
35004	-3984.53	-4245.533	261.0027	1.861164	0.778048	0.221952	1.578291
35010	-3984.889	-4246.135	261.2462	1.896956	0.768915	0.231085	1.366624
35016	-3967.891	-4229.015	261.1242	1.859543	0.694302	0.305698	1.489368
35022	-3970.229	-4231.173	260.9441	1.834778	0.697636	0.302364	1.639967
35028	-3966.865	-4227.66	260.7954	1.724607	0.697636	0.302364	1.822033
35034	-3965.587	-4226.49	260.9028	1.77436	0.725639	0.274361	1.712432
35040	-3982.851	-4243.768	260.9169	1.79082	0.659306	0.340694	1.690752
35046	-3979.796	-4240.808	261.0118	1.832357	0.695745	0.304255	1.592687
35052	-3995.549	-4256.415	260.866	1.886192	0.708455	0.291545	1.659085
35058	-3983.179	-4243.992	260.813	1.903931	0.667334	0.332666	1.684244
35064	-3993.083	-4253.951	260.8677	1.877878	0.659793	0.340207	1.663824
35070	-3989.215	-4250.156	260.941	1.943649	0.654743	0.345257	1.563012
35076	-3990.69	-4251.845	261.1551	2.036913	0.742142	0.257858	1.327772
35082	-3993.347	-4254.633	261.2861	1.987436	0.800566	0.199434	1.261382
35088	-3993.209	-4254.563	261.3544	1.98497	0.653865	0.346135	1.206026
35094	-3984.527	-4245.771	261.2443	1.997656	0.658764	0.341236	1.287383
35100	-3999.754	-4261.002	261.248	2.005596	0.651	0.349	1.2778
35106	-3990.454	-4251.784	261.3294	2.070589	0.65213	0.34787	1.153379
35112	-3976.698	-4237.829	261.1311	1.956946	0.65213	0.34787	1.409755
35118	-3984.107	-4245.335	261.2283	1.974043	0.65213	0.34787	1.319478
35124	-3977.697	-4238.954	261.2572	2.023143	0.687612	0.312388	1.255718
35130	-3991.612	-4252.969	261.3569	2.128372	0.687612	0.312388	1.07607
35136	-3990.392	-4251.67	261.2782	2.065775	0.687612	0.312388	1.202092
35142	-3983.966	-4245.145	261.1789	2.035146	0.687612	0.312388	1.310073
35148	-3989.62	-4250.859	261.2394	1.96858	0.714332	0.285668	1.314949
35154	-4004.121	-4265.34	261.2184	1.989585	0.701777	0.298223	1.314949
35160	-4000.312	-4261.732	261.4202	2.204252	0.638271	0.361729	0.9376029
35166	-3990.214	-4251.688	261.4738	2.26609	0.70159	0.29841	0.8013945
35172	-3985.689	-4247.07	261.3815	2.342178	0.673142	0.326858	0.8224499
35178	-3988.233	-4249.582	261.3488	2.209587	0.757284	0.242716	1.005654
35184	-3987.727	-4249.09	261.363	2.289756	0.724756	0.275244	0.9067095
35190	-3978.652	-4240.017	261.3644	2.296173	0.696112	0.303888	0.8979709
35196	-3980.386	-4241.764	261.378	2.369297	0.696112	0.303888	0.7915109
35202	-3979.63	-4241.006	261.3759	2.427049	0.683532	0.316468	0.7077036
35208	-3990.358	-4251.756	261.3978	2.234048	0.761761	0.238239	0.9296934
35214	-3991.78	-4253.065	261.285	2.284633	0.761761	0.238239	0.9944897
35220	-3981.083	-4242.494	261.4111	2.288502	0.712676	0.287324	0.8524431
35226	-3971.729	-4233.131	261.402	2.318065	0.714801	0.285199	0.8270582
35232	-3984.063	-4245.452	261.3889	2.285195	0.766945	0.233055	0.8824667
35238	-3982.333	-4243.712	261.3795	2.275294	0.688588	0.311412	0.9043717
35244	-3995.25	-4256.676	261.4265	2.157671	0.616901	0.383099	0.9796809
35250	-3975.775	-4237.189	261.4139	2.243456	0.633236	0.366764	0.9015404
35256	-3988.076	-4249.458	261.3815	2.258464	0.644314	0.355686	0.9208238
35262	-3984.603	-4245.954	261.3513	2.4056	0.728347	0.271653	0.7782245
35268	-3974.487	-4235.886	261.3983	2.353207	0.70727	0.29273	0.7857146
35274	-3976.12	-4237.485	261.3645	2.37773	0.709194	0.290806	0.7982299
35280	-3985.772	-4246.507	260.7347	1.733753	0.598675	0.401325	1.857421
35286	-3986.429	-4247.276	260.8473	1.726118	0.629282	0.370718	1.785081
35292	-3990.692	-4251.145	260.4529	1.661882	0.629282	0.370718	2.094242
35298	-3996.387	-4256.85	260.4632	1.616456	0.585965	0.414035	2.117307
35304	-3993.122	-4254.515	261.3936	2.395162	0.662121	0.337879	0.730904
35310	-3993.495	-4254.866	261.3701	2.427276	0.675043	0.324957	0.7170266
35316	-3997.415	-4258.798	261.3824	2.414591	0.698445	0.301555	0.7176362
35322	-3986.589	-4248.028	261.4392	2.319374	0.60516	0.39484	0.7758107
35328	-3986.83	-4248.244	261.4148	2.242269	0.690753	0.309247	0.9019017
35334	-4006.124	-4267.51	261.3865	2.242269	0.751549	0.248451	0.9329713
35340	-4012.007	-4273.32	261.313	1.920644	0.679276	0.320724	1.294154
35346	-4020.697	-4281.929	261.2325	2.113769	0.67969	0.32031	1.200101
35352	-4002.713	-4263.985	261.272	2.257958	0.713298	0.286702	1.033603
35358	-4001.377	-4262.704	261.3277	2.202257	0.685664	0.314336	1.033603
35364	-3984.059	-4245.407	261.348	2.224349	0.723634	0.276366	0.9916861
35370	-3991.96	-4253.37	261.4099	2.162504	0.68252	0.31748	0.9916861
35376	-4006.627	-4268.009	261.3823	2.14243	0.685135	0.314865	1.038617
35382	-3992.552	-4253.986	261.4341	2.000503	0.606942	0.393058	1.122573
35388	-3989.237	-4250.634	261.3963	2.086504	0.705389	0.294611	1.078373
35394	-3981.635	-4242.979	261.3441	2.072496	0.734811	0.265189	1.138723
35400	-3984.445	-4245.794	261.3494	2.036529	0.734461	0.265539	1.165733
35406	-3981.087	-4242.457	261.3699	2.09726	0.812828	0.187172	1.092862
35412	-3983.733	-4245.085	261.3524	1.969296	0.714496	0.285504	1.22106
35418	-3978.545	-4239.825	261.28	2.057638	0.698409	0.301591	1.207471
35424	-3964.827	-4226.036	261.2092	2.01441	0.737484	0.262516	1.302289
35430	-3971.437	-4232.646	261.2092	2.01441	0.737484	0.262516	1.302289
35436	-3966.77	-4228.093	261.3223	2.016263	0.673766	0.326234	1.206681
35442	-3994.477	-4255.821	261.3443	2.009416	0.712189	0.287811	1.193713
35448	-3988.174	-4249.559	261.3851	2.123053	0.601733	0.398267	1.054469
35454	-3988.57	-4249.903	261.3325	2.123053	0.601733	0.398267	1.103483
35460	-3981.63	-4242.985	261.3541	2.068865	0.615599	0.384401	1.132952
35466	-3987.456	-4248.823	261.3672	2.081611	0.677347	0.322653	1.10971
35472	-3987.878	-4249.309	261.4313	2.048361	0.731116	0.268884	1.081298
35478	-3973.305	-4234.653	261.3479	2.053063	0.641465	0.358535	1.152539
35484	-3986.644	-4248.091	261.4471	2.111221	0.641465	0.358535	1.005794
35490	-3997.608	-4259.067	261.4593	2.201579	0.574752	0.425248	0.8976316
35496	-3994.358	-4255.743	261.3855	2.275301	0.701751	0.298249	0.8976316
35502	-3995.596	-4256.924	261.3282	2.327742	0.613243	0.386757	0.9030918
35508	-3987.743	-4249.071	261.3279	2.328489	0.670699	0.329301	0.9025839
35514	-3986.052	-4247.462	261.4097	2.251979	0.670788	0.329212	0.8966725
35520	-3970.089	-4231.457	261.3676	2.270698	0.67608	0.32392	0.9226487
35526	-3987.047	-4248.419	261.3714	2.272296	0.641465	0.358535	0.9166663
35532	-3987.907	-4249.328	261.4217	2.20319	0.797465	0.202535	0.9371906
35538	-3991.623	-4253.006	261.3828	2.276574	0.659954	0.340046	0.8992373
35544	-3995.817	-4257.197	261.3801	2.30183	0.764721	0.235279	0.8734128
35550	-3984.56	-4245.955	261.3949	2.338758	0.68748	0.31252	0.8096119
35556	-3990.892	-4252.295	261.4032	2.432895	0.680589	0.319411	0.6438832
35562	-3992.024	-4253.467	261.4434	2.359605	0.659778	0.340222	0.7075926
35568	-3978.309	-4239.696	261.3869	2.416091	0.63523	0.36477	0.7075926
35574	-3975.212	-4236.577	261.365	2.404509	0.670784	0.329216	0.7602388
35580	-3969.815	-4231.19	261.3747	2.362181	0.717706	0.282294	0.8054108
35586	-3983.58	-4244.962	261.3825	2.368785	0.651506	0.348494	0.7860329
35592	-3988.157	-4249.502	261.3452	2.406094	0.672879	0.327121	0.7860329
35598	-3989.015	-4250.419	261.4039	2.373414	0.673275	0.326725	0.748579
35604	-4000.05	-4261.41	261.3599	2.353525	0.673275	0.326725	0.8353853
35610	-4005.692	-4267.207	261.5152	2.223489	0.683924	0.316076	0.8030074
35616	-3996.601	-4258.069	261.4684	2.270273	0.691631	0.308369	0.8030074
35622	-3990.775	-4252.185	261.4095	2.198382	0.639153	0.360847	0.9551316
35628	-3986.051	-4247.476	261.4256	2.192075	0.69247	0.30753	0.9448715
35634	-3993.235	-4254.659	261.4235	2.209477	0.720362	0.279638	0.9283943
35640	-3986.506	-4247.885	261.379	2.295719	0.713462	0.286538	0.8817313
35646	-3981.458	-4242.827	261.369	2.245402	0.709473	0.290527	0.9482981
35652	-3989.482	-4250.852	261.3692	2.23589	0.709473	0.290527	0.9580863
35658	-3989.438	-4250.882	261.444	2.164515	0.735111	0.264889	0.9544601
35664	-3992.051	-4253.435	261.3844	2.30351	0.53703	0.46297	0.8663395
35670	-3998.424	-4259.841	261.4169	2.271526	0.744103	0.255897	0.8657121
35676	-3995.225	-4256.53	261.3047	2.383737	0.752791	0.247209	0.8657121
35682	-4000.7	-4262.092	261.3923	2.296201	0.709916	0.290084	0.8657121
35688	-3985.117	-4246.52	261.4033	2.288488	0.677849	0.322151	0.8617267
35694	-3984.652	-4246.023	261.3711	2.349777	0.571347	0.428653	0.8260509
35700	-3988.161	-4249.59	261.4292	2.255081	0.621374	0.378626	0.870647
35706	-3986.636	-4248.04	261.4046	2.227625	0.680771	0.319229	0.929213
35712	-3992.669	-4254.074	261.4046	2.227625	0.710701	0.289299	0.929213
35718	-3987.766	-4249.195	261.4291	2.203133	0.710701	0.289299	0.929213
35724	-3985.865	-4247.283	261.4186	2.21362	0.710701	0.289299	0.929213
35730	-3995.633	-4257.11	261.4771	2.155114	0.713296	0.286704	0.929213
35736	-3982.688	-4244.069	261.3809	2.300722	0.621092	0.378908	0.8737398
35742	-3981.346	-4242.775	261.4286	2.272639	0.665736	0.334264	0.8503651
35748	-3975.325	-4236.735	261.4094	2.318474	0.785114	0.214886	0.817113
35754	-3981.881	-4243.286	261.4041	2.318474	0.646646	0.353354	0.823851
35760	-4000.117	-4261.598	261.4806	2.252975	0.646646	0.353354	0.8097136
35766	-4009.421	-4270.839	261.418	2.278189	0.666519	0.333481	0.8564582
35772	-3994.18	-4255.502	261.3213	2.241601	0.729806	0.270194	1.001196
35778	-3985.132	-4246.487	261.3546	2.217129	0.716329	0.283671	0.9923271
35784	-3983.124	-4244.473	261.3499	2.032588	0.624616	0.375384	1.168816
35790	-3976.3	-4237.575	261.2754	2.033104	0.800384	0.199616	1.232167
35796	-3994.904	-4256.197	261.2932	2.055325	0.633156	0.366844	1.198184
35802	-3988.336	-4249.726	261.3899	2.077049	0.620905	0.379095	1.093041
35808	-3994.544	-4255.754	261.2095	1.944415	0.769177	0.230823	1.358136
35814	-3994.634	-4255.781	261.1467	1.925383	0.703395	0.296605	1.42203
35820	-3992.875	-4254.028	261.1532	1.918915	0.700819	0.299181	1.42203
35826	-3990.762	-4252.079	261.3168	1.969727	0.700819	0.299181	1.250598
35832	-3996.123	-4257.381	261.258	1.955902	0.700819	0.299181	1.310141
35838	-3986.081	-4247.328	261.2464	2.005551	0.647389	0.352611	1.279161
35844	-3992.532	-4253.829	261.2979	1.95403	0.745273	0.254727	1.279161
35850	-3991.591	-4252.939	261.3475	2.439102	0.683067	0.316933	0.7344012
35856	-3985.835	-4247.257	261.4221	2.226065	0.667156	0.332844	0.9117579
35862	-3982.86	-4244.329	261.4694	2.278651	0.638777	0.361223	0.7904211
35868	-3991.132	-4252.559	261.4267	2.173808	0.734211	0.265789	0.9628323
35874	-3991.401	-4252.701	261.3009	2.11779	0.674025	0.325975	1.136856
35880	-3993.153	-4254.483	261.3301	2.173311	0.715454	0.284546	1.058958
35886	-3983.891	-4245.241	261.3503	2.153917	0.620486	0.379514	1.058259
35892	-3978.751	-4240.161	261.4094	2.058573	0.730967	0.269033	1.09209
35898	-3977.881	-4239.282	261.4009	2.124612	0.748396	0.251604	1.03792
35904	-3970.633	-4231.967	261.334	2.145356	0.756901	0.243099	1.08156
35910	-3978.653	-4240.061	261.4077	2.119259	0.706422	0.293578	1.036516
35916	-3988.216	-4249.404	261.1878	2.050192	0.618992	0.381008	1.290623
35922	-3984.626	-4245.835	261.2088	1.943607	0.588326	0.411674	1.359335
35928	-3980.89	-4241.996	261.1063	1.929028	0.737531	0.262469	1.450273
35934	-3975.04	-4235.96	260.9206	1.876154	0.725293	0.274707	1.62703
35940	-4000.631	-4261.565	260.9336	1.863217	0.702585	0.297415	1.62703
35946	-3998.377	-4259.46	261.0831	1.857575	0.651395	0.348605	1.5216
35952	-4004.019	-4265.171	261.1525	2.056918	0.721277	0.278723	1.313813
35958	-3987.962	-4249.136	261.1742	2.061282	0.595581	0.404419	1.292638
35964	-3992.654	-4253.936	261.2814	1.99367	0.595581	0.404419	1.260084
35970	-3993.496	-4254.75	261.254	2.044937	0.657188	0.342812	1.240185
35976	-3987.652	-4248.877	261.2242	2.024632	0.652197	0.347803	1.281738
35982	-3989.937	-4251.221	261.284	2.024632	0.717117	0.282883	1.232074
35988	-3990.284	-4251.549	261.2654	2.055787	0.698999	0.301001	1.221456
35994	-3986.718	-4247.9	261.1827	2.032043	0.679277	0.320723	1.30953
36000	-3992.922	-4254.088	261.1661	2.021407	0.674966	0.325034	1.331374
36006	-4001.773	-4263.081	261.308	2.012278	0.674966	0.325034	1.222221
36012	-3996.454	-4257.647	261.1926	2.033489	0.660367	0.339633	1.30027
36018	-3992.798	-4254.077	261.279	1.960382	0.683694	0.316306	1.289473
36024	-3980.26	-4241.372	261.1121	1.930454	0.665481	0.334519	1.444763
36030	-3974.077	-4235.192	261.115	1.927505	0.67903	0.32097	1.444763
36036	-3975.531	-4236.725	261.1935	1.913541	0.721762	0.278238	1.394956
36042	-3991.586	-4252.552	260.966	1.843781	0.7455	0.2545	1.617648
36048	-3989.445	-4250.407	260.9622	1.796927	0.570936	0.429064	1.654144
36054	-3986.204	-4247.103	260.8996	1.840749	0.674909	0.325091	1.66758
36060	-3991.849	-4253.083	261.2341	1.99014	0.629431	0.370569	1.301787
36066	-3980.603	-4241.682	261.0792	1.914141	0.790569	0.209431	1.482081
36072	-3981.993	-4243.054	261.0608	1.878161	0.715825	0.284175	1.522838
36078	-3981.874	-4242.869	260.9944	1.842208	0.672007	0.327993	1.598139
36084	-4001.694	-4262.773	261.079	1.917949	0.703074	0.296926	1.479352
36090	-3992.782	-4253.946	261.1639	1.901877	0.610578	0.389422	1.426898
36096	-4005.76	-4266.866	261.1053	1.962997	0.68326	0.31674	1.424997
36102	-3997.824	-4259.08	261.2562	1.936756	0.691633	0.308367	1.327081
36108	-3989.324	-4250.501	261.1766	1.920984	0.691633	0.308367	1.402308
36114	-3989.095	-4250.256	261.1616	1.904322	0.757472	0.242528	1.426785
36120	-3982.384	-4243.554	261.1701	1.978357	0.78373	0.21627	1.362446
36126	-3981.395	-4242.587	261.1921	1.952447	0.644315	0.355685	1.365583
36132	-3977.447	-4238.572	261.1248	1.95253	0.637597	0.362403	1.417992
36138	-3976.724	-4237.92	261.1959	2.151376	0.62093	0.37907	1.199273
36144	-3979.89	-4241.234	261.3445	2.251093	0.62093	0.37907	0.9679226
36150	-3981.505	-4242.936	261.431	2.287014	0.726831	0.273169	0.8296822
36156	-3987.389	-4248.805	261.4154	2.287014	0.78641	0.21359	0.848997
36162	-3983.886	-4245.266	261.3799	2.262736	0.560082	0.439918	0.9178865
36168	-3993.679	-4255.147	261.4679	2.212355	0.707408	0.292592	0.8753783
36174	-3982.79	-4244.131	261.3416	2.313092	0.707408	0.292592	0.9045128
36180	-3978.644	-4240.125	261.4811	2.246563	0.707408	0.292592	0.8173766
36186	-3997.039	-4258.43	261.3918	2.261538	0.707408	0.292592	0.9060375
36192	-3976.03	-4237.438	261.4082	2.171198	0.701659	0.298341	0.9846044
36198	-3982.462	-4243.753	261.2919	2.12731	0.710292	0.289708	1.136355
36204	-3990.789	-4252.158	261.3686	2.111898	0.732419	0.267581	1.080534
36210	-3993.337	-4254.757	261.4206	2.075236	0.70524	0.29476	1.066126
36216	-3999.377	-4260.632	261.2549	2.130554	0.743998	0.256002	1.166189
36222	-3990.676	-4252.071	261.3949	2.090049	0.679371	0.320629	1.076405
36228	-3978.088	-4239.509	261.4215	2.123517	0.66687	0.33313	1.018862
36234	-3997.597	-4258.923	261.3263	2.123517	0.627941	0.372059	1.1088
36240	-3987.205	-4248.571	261.3666	2.110569	0.688398	0.311602	1.083596
36246	-3987.608	-4249.05	261.4421	2.109526	0.654843	0.345157	1.012392
36252	-3984.218	-4245.588	261.3699	2.18175	0.646946	0.353054	1.012392
36258	-3979.879	-4241.249	261.3702	2.193722	0.673676	0.326324	1.000215
36264	-3976.654	-4237.941	261.287	2.115247	0.798519	0.201481	1.151424
36270	-3984.087	-4245.488	261.4007	2.150162	0.749271	0.250729	1.0131
36276	-4001.264	-4262.661	261.3976	2.136952	0.793656	0.206344	1.029103
36282	-3993.293	-4254.616	261.3226	2.117898	0.707434	0.292566	1.11719
36288	-3978.233	-4239.527	261.294	2.004522	0.62086	0.37914	1.240568
36294	-3985.757	-4246.978	261.2211	2.002338	0.62086	0.37914	1.302482
36300	-3988.287	-4249.446	261.1588	1.974397	0.67476	0.32524	1.374502
36306	-3998.125	-4259.38	261.255	2.07444	0.723704	0.276296	1.214508
36312	-3991.579	-4252.98	261.401	2.037167	0.63426	0.36574	1.119308
36318	-3990.143	-4251.43	261.2875	1.989594	0.701159	0.298841	1.258457
36324	-3985.13	-4246.418	261.2875	1.989594	0.764831	0.235169	1.258457
36330	-3975.535	-4236.982	261.447	2.121419	0.74636	0.25364	0.9956928
36336	-3972.183	-4233.549	261.3661	2.001785	0.576597	0.423403	1.18153
36342	-3987.85	-4249.176	261.3261	1.955723	0.576597	0.423403	1.254542
36348	-3991.478	-4252.696	261.2183	1.938684	0.68343	0.31657	1.355718
36354	-3985.137	-4246.551	261.4137	1.979505	0.71989	0.28011	1.159393
36360	-3988.407	-4249.873	261.4667	1.994686	0.71989	0.28011	1.098219
36366	-3981.982	-4243.421	261.4393	2.150324	0.652382	0.347618	0.9741089
36372	-3977.14	-4238.5	261.3592	2.078867	0.613819	0.386181	1.119431
36378	-3973.973	-4235.438	261.4656	2.04503	0.716614	0.283386	1.05212
36384	-3981.104	-4242.497	261.3933	1.97251	0.705284	0.294716	1.183279
36390	-3985.626	-4246.875	261.2499	2.022441	0.688424	0.311576	1.262401
36396	-3974.704	-4236.02	261.3156	2.007198	0.677034	0.322966	1.220081
36402	-3989.655	-4250.967	261.3119	2.067072	0.545599	0.454401	1.171885
36408	-3972.512	-4233.69	261.1783	1.958702	0.697592	0.302408	1.371525
36414	-3986.356	-4247.64	261.2848	1.996377	0.670171	0.329829	1.255075
36420	-3979.641	-4240.868	261.2268	2.014284	0.686171	0.313829	1.288069
36426	-3981.189	-4242.454	261.265	2.08938	0.684527	0.315473	1.193151
36432	-4000.531	-4261.839	261.3074	2.10868	0.685789	0.314211	1.139184
36438	-3998.061	-4259.344	261.2824	2.129221	0.634691	0.365309	1.143109
36444	-3978.769	-4240.033	261.2637	2.139417	0.683257	0.316743	1.150667
36450	-3997.518	-4258.845	261.3265	2.216733	0.683257	0.316743	1.020644
36456	-3998.89	-4260.256	261.3665	2.182974	0.711533	0.288467	1.014488
36462	-3993.91	-4255.252	261.3422	2.080474	0.700594	0.299406	1.133299
36468	-3998.772	-4259.759	260.9864	1.994115	0.710579	0.289421	1.491798
36474	-3993.733	-4254.774	261.0406	1.930809	0.697078	0.302922	1.498597
36480	-3993.27	-4254.433	261.1632	1.930809	0.727579	0.272421	1.405094
36486	-3990.677	-4251.784	261.1077	1.943044	0.670536	0.329464	1.438435
36492	-3993.891	-4255.102	261.211	2.022094	0.531625	0.468375	1.294631
36498	-3988.072	-4249.001	260.9287	1.876404	0.785014	0.214986	1.621005
36504	-3973.048	-4234.188	261.1398	1.937465	0.743655	0.256345	1.418042
36510	-3975.737	-4236.804	261.0674	2.035407	0.692148	0.307852	1.398214
36516	-3979.603	-4240.854	261.2511	1.996888	0.703313	0.296687	1.282438
36522	-3970.744	-4231.976	261.2326	2.00221	0.739131	0.260869	1.293185
36528	-3986.143	-4247.361	261.2177	2.085969	0.720546	0.279454	1.23623
36534	-3997.591	-4258.883	261.2917	2.178029	0.685357	0.314643	1.090507
36540	-3987.939	-4249.169	261.2301	1.959642	0.762298	0.237702	1.329612
36546	-3985.06	-4246.334	261.2747	1.916109	0.730023	0.269977	1.328748
36552	-3991.378	-4252.504	261.1256	2.065252	0.730023	0.269977	1.328748
36558	-4011.07	-4272.247	261.1771	1.971738	0.599145	0.400855	1.362174
36564	-3989.812	-4250.995	261.1828	2.084519	0.668704	0.331296	1.26649
36570	-4004.332	-4265.599	261.2662	2.077243	0.607233	0.392767	1.202555
36576	-3996.219	-4257.399	261.18	2.0759	0.680125	0.319875	1.275975
36582	-4005.481	-4266.583	261.1016	2.006131	0.667809	0.332191	1.394394
36588	-4009.101	-4270.211	261.1099	1.856841	0.686759	0.313241	1.502073
36594	-3995.819	-4256.918	261.099	1.859876	0.692257	0.307743	1.508024
36600	-3995.635	-4256.649	261.0144	1.855496	0.685926	0.314074	1.573836
36606	-3992.448	-4253.39	260.9422	1.855314	0.705582	0.294418	1.626537
36612	-3988.13	-4249.139	261.0091	1.855314	0.569994	0.430006	1.577909
36618	-3982.782	-4243.839	261.0567	1.801287	0.653929	0.346071	1.58255
36624	-3990.99	-4252.049	261.0585	1.877759	0.653929	0.346071	1.524897
36630	-3988.443	-4249.591	261.148	1.884722	0.588605	0.411395	1.452226
36636	-3987.417	-4248.426	261.0096	1.886188	0.588605	0.411395	1.554821
36642	-3985.926	-4246.839	260.9132	1.738256	0.689138	0.310862	1.730531
36648	-3987.543	-4248.745	261.2012	1.813817	0.731074	0.268926	1.465712
36654	-3976.427	-4237.296	260.869	1.850036	0.639871	0.360129	1.682732
36660	-3983.966	-4244.663	260.6973	1.838459	0.639871	0.360129	1.811149
36666	-3994.149	-4254.876	260.7276	1.719489	0.756528	0.243472	1.872019
36672	-3978.741	-4239.439	260.6973	1.804054	0.799442	0.200558	1.834851
36678	-3982.152	-4243.098	260.946	1.899296	0.792313	0.207687	1.591873
36684	-3979.367	-4240.452	261.0852	1.899279	0.654187	0.345813	1.488805
36690	-3986.197	-4247.233	261.0368	1.929459	0.737147	0.262853	1.502437
36696	-3985.954	-4247.304	261.3506	1.929459	0.614387	0.385613	1.255987
36702	-3983.277	-4244.394	261.1165	2.01284	0.645104	0.354896	1.377477
36708	-3987.016	-4248.31	261.2941	2.041992	0.801215	0.198785	1.208839
36714	-3973.553	-4234.832	261.2796	1.994787	0.682277	0.317723	1.260699
36720	-3991.785	-4253.161	261.3764	2.037273	0.656192	0.343808	1.141319
36726	-3987.321	-4248.746	261.4244	2.025033	0.709552	0.290448	1.109124
36732	-3993.913	-4255.019	261.106	1.84379	0.716206	0.283794	1.514802
36738	-3983.942	-4244.931	260.9894	1.834446	0.688379	0.311621	1.607421
36744	-3987.363	-4248.42	261.057	1.83554	0.700191	0.299809	1.557202
36750	-3982.177	-4243.245	261.068	1.824554	0.713196	0.286804	1.557202
36756	-3973.047	-4234.125	261.0781	1.833321	0.708208	0.291792	1.543293
36762	-3985.767	-4246.461	260.6942	1.833321	0.672799	0.327201	1.816803
36768	-3989.973	-4250.512	260.5394	1.702566	0.597027	0.402973	2.010185
36774	-3981.283	-4241.834	260.5507	1.695882	0.72618	0.27382	2.007108
36780	-3976.795	-4237.559	260.7641	1.695882	0.655732	0.344268	1.863215
36786	-4000.455	-4261.026	260.5707	1.692161	0.706939	0.293061	1.996234
36792	-3983.562	-4244.407	260.845	1.717206	0.584193	0.415807	1.792849
36798	-3980.567	-4240.95	260.3831	1.74302	0.65119	0.34881	2.086785
36804	-3986.19	-4246.423	260.2332	1.646036	0.65119	0.34881	2.247311
36810	-3982.155	-4242.721	260.5656	1.771143	0.71168	0.28832	1.946771
36816	-3982.338	-4242.976	260.6378	1.869338	0.64645	0.35355	1.83085
36822	-3988.418	-4248.841	260.4233	1.692879	0.64645	0.35355	2.093343
36828	-3990.692	-4251.27	260.578	1.715981	0.724549	0.275451	1.975455
36834	-3979.163	-4239.852	260.6893	1.743436	0.651862	0.348138	1.881765
36840	-3995.75	-4256.577	260.8268	1.737273	0.66151	0.33849	1.791572
36846	-3984.96	-4245.63	260.6703	1.754487	0.694189	0.305811	1.887198
36852	-3985.077	-4245.674	260.5971	1.760556	0.760395	0.239605	1.932652
36858	-3982.11	-4243.184	261.0736	1.822622	0.768355	0.231645	1.554551
36864	-3971.898	-4233.049	261.1503	1.909907	0.691965	0.308035	1.431178
36870	-3988.281	-4249.518	261.2367	1.87807	0.708171	0.291829	1.38896
36876	-4001.257	-4262.334	261.0764	1.922218	0.64037	0.35963	1.478134
36882	-4003.968	-4265.035	261.0674	1.875713	0.547344	0.452656	1.519785
36888	-3994.202	-4255.567	261.3645	2.060303	0.751929	0.248071	1.131307
36894	-4004.714	-4265.917	261.2033	2.058911	0.681598	0.318402	1.270702
36900	-3997.841	-4259.214	261.3732	2.100448	0.735558	0.264442	1.086888
36906	-4005.081	-4266.381	261.3002	2.110463	0.673893	0.326107	1.143986
36912	-4012.545	-4273.943	261.3975	2.177285	0.715768	0.284232	0.9892518
36918	-3997.159	-4258.591	261.4324	2.218116	0.668482	0.331518	0.9091461
36924	-3998.597	-4259.945	261.3472	2.111797	0.751775	0.248225	1.100359
36930	-4001.043	-4262.477	261.4336	2.231356	0.6965	0.3035	0.8929557
36936	-3983.863	-4245.236	261.3733	2.235705	0.705102	0.294898	0.9539705
36942	-3980.811	-4242.343	261.532	2.207281	0.679306	0.320694	0.8021881
36948	-3987.147	-4248.529	261.3816	2.378773	0.696969	0.303031	0.7732704
36954	-3989.728	-4251.196	261.4679	2.298311	0.617365	0.382635	0.765057
36960	-3994.098	-4255.562	261.4642	2.320213	0.628197	0.371803	0.7378393
36966	-3994.271	-4255.675	261.4038	2.342732	0.628197	0.371803	0.7924896
36972	-4010.908	-4272.049	261.1418	1.962236	0.649262	0.350738	1.397266
36978	-4022.549	-4283.715	261.1659	1.938221	0.676166	0.323834	1.397266
36984	-4015.478	-4276.857	261.3784	2.343046	0.669606	0.330394	0.8254042
36990	-3990.293	-4251.401	261.1085	1.95998	0.637924	0.362076	1.424863
36996	-4005.619	-4266.735	261.1156	1.999163	0.637924	0.362076	1.388957
37002	-3999.423	-4260.507	261.0835	2.052798	0.708574	0.291426	1.372067
37008	-3998.307	-4259.268	260.9613	2.028167	0.632358	0.367642	1.485033
37014	-3991.251	-4252.237	260.9862	2.024434	0.632358	0.367642	1.469066
37020	-4002.332	-4263.543	261.2112	2.015847	0.760528	0.239472	1.299529
37026	-3999.325	-4260.298	260.9732	1.923782	0.739984	0.260016	1.553976
37032	-3992.418	-4253.667	261.2491	2.140126	0.727262	0.272738	1.162907
37038	-3978.556	-4239.937	261.3812	2.020578	0.727262	0.272738	1.151852
37044	-3986.156	-4247.469	261.313	2.019109	0.716686	0.283314	1.212221
37050	-3989.209	-4250.422	261.2133	2.087188	0.716686	0.283314	1.238892
37056	-3984.2	-4245.526	261.3268	2.038879	0.716686	0.283314	1.183367
37062	-3987.052	-4248.472	261.4197	2.20278	0.781685	0.218315	0.9397107
37068	-3987.191	-4248.557	261.3661	2.220806	0.627295	0.372705	0.9768889
37074	-3992.26	-4253.613	261.3537	2.272605	0.668767	0.331233	0.9356339
37080	-3991.131	-4252.528	261.3973	2.256996	0.730073	0.269927	0.9050104
37086	-3985.548	-4246.941	261.3939	2.185073	0.664891	0.335109	0.9850106
37092	-3987.752	-4249.102	261.3504	2.228611	0.784963	0.215037	0.9850106
37098	-3992.189	-4253.553	261.3634	2.207945	0.724929	0.275071	0.9926825
37104	-3984.714	-4246.08	261.3656	2.20578	0.719322	0.280678	0.9926825
37110	-3989.52	-4250.877	261.3568	2.219945	0.715488	0.284512	0.9872912
37116	-3983.674	-4245.069	261.3953	2.182676	0.768445	0.231555	0.9860546
37122	-3999.814	-4261.237	261.4232	2.115975	0.767618	0.232382	1.024599
37128	-3989.767	-4251.221	261.4532	2.048668	0.672645	0.327355	1.06046
37134	-3994.121	-4255.391	261.27	2.046698	0.732464	0.267536	1.225258
37140	-3981.908	-4243.232	261.3247	2.069118	0.730593	0.269407	1.158872
37146	-3983.754	-4245.075	261.3209	1.990825	0.677149	0.322851	1.229485
37152	-3989.04	-4250.18	261.14	1.979849	0.643315	0.356685	1.384964
37158	-3991.298	-4252.53	261.232	2.014792	0.643315	0.356685	1.283399
37164	-3996.459	-4257.608	261.1491	2.059317	0.656378	0.343622	1.3146
37170	-3982.956	-4244.267	261.3115	2.066219	0.694688	0.305312	1.172915
37176	-3991.4	-4252.736	261.3356	2.058184	0.541605	0.458395	1.158852
37182	-4006.319	-4267.675	261.3562	2.07391	0.789844	0.210156	1.126611
37188	-3995.597	-4256.887	261.2907	1.989409	0.629213	0.370787	1.255962
37194	-3994.34	-4255.494	261.1537	1.908157	0.629213	0.370787	1.429894
37200	-3981.757	-4242.925	261.1683	1.927194	0.768108	0.231892	1.403943
37206	-3984.726	-4245.934	261.208	1.927194	0.596717	0.403283	1.37293
37212	-3989.894	-4251.155	261.2604	1.97753	0.716863	0.283137	1.290637
37218	-3987.861	-4249.236	261.3744	2.014489	0.756502	0.243498	1.163173
37224	-4003.444	-4264.692	261.248	1.988024	0.77687	0.22313	1.292195
37230	-3988.608	-4249.87	261.2618	2.051722	0.702457	0.297543	1.22799
37236	-3983.781	-4245.046	261.2647	2.018315	0.751754	0.248246	1.253497
37242	-3998.329	-4259.654	261.325	2.140955	0.685267	0.314733	1.093988
37248	-3994.867	-4256.319	261.452	2.149268	0.612052	0.387948	0.9620834
37254	-3991.363	-4252.581	261.218	2.017227	0.754018	0.245982	1.292889
37260	-3988.964	-4250.346	261.3821	2.143973	0.695685	0.304315	1.037371
37266	-3996.807	-4258.206	261.3994	2.144931	0.6783	0.3217	1.019608
37272	-3970.441	-4231.813	261.3721	2.201889	0.702056	0.297944	0.9900291
37278	-3984.589	-4245.98	261.3917	2.216399	0.702056	0.297944	0.954926
37284	-3985.124	-4246.569	261.4444	2.1983	0.655055	0.344945	0.9177847
37290	-3992.294	-4253.767	261.4735	2.17139	0.674448	0.325552	0.9154371
37296	-3987.967	-4249.373	261.4056	2.26396	0.688013	0.311987	0.8877497
37302	-3986.124	-4247.493	261.3687	2.197527	0.63621	0.36379	0.9978644
37308	-3974.967	-4236.345	261.3783	2.211744	0.677851	0.322149	0.9736627
37314	-3981.875	-4243.321	261.4461	2.144007	0.677851	0.322149	0.9736627
37320	-3995.976	-4257.303	261.3274	2.262697	0.65482	0.34518	0.9736627
37326	-3985.414	-4246.853	261.4389	2.124449	0.65482	0.34518	1.000719
37332	-3984.424	-4245.76	261.3354	2.207959	0.782474	0.217526	1.020476
37338	-3987.639	-4249.048	261.409	2.19603	0.610527	0.389473	0.9581327
37344	-3988.622	-4249.98	261.3572	2.113094	0.732543	0.267457	1.089933
37350	-3987.734	-4249.118	261.3835	2.107311	0.679174	0.320826	1.070857
37356	-3992.968	-4254.282	261.3136	2.236465	0.746939	0.253061	1.013939
37362	-3983.978	-4245.313	261.3352	2.159559	0.665809	0.334191	1.067198
37368	-3989.639	-4250.983	261.3434	2.116825	0.635433	0.364567	1.09928
37374	-3977.342	-4238.779	261.437	2.19666	0.635433	0.364567	0.9276979
37380	-3976.921	-4238.362	261.4413	2.213854	0.752184	0.247816	0.9040415
37386	-3980.189	-4241.585	261.3961	2.209314	0.733218	0.266782	0.9577987
37392	-3974.583	-4235.986	261.4024	2.205512	0.684498	0.315502	0.9551516
37398	-3974.574	-4235.951	261.3774	2.230491	0.684498	0.315502	0.9551516
37404	-3981.221	-4242.582	261.3605	2.256434	0.558422	0.441578	0.9455955
37410	-3993.346	-4254.792	261.446	2.18672	0.6491	0.3509	0.9286745
37416	-3980.213	-4241.523	261.3102	2.186086	0.638842	0.361158	1.065728
37422	-3975.754	-4237.097	261.3431	2.186086	0.726525	0.273475	1.034328
37428	-3977.315	-4238.665	261.3499	2.158888	0.783097	0.216903	1.053883
37434	-3986.444	-4247.759	261.3147	2.139049	0.756748	0.243252	1.10515
37440	-3987.563	-4248.885	261.3229	2.13083	0.703486	0.296514	1.10515
37446	-3991.837	-4253.127	261.29	2.099191	0.705125	0.294875	1.162954
37452	-3987.255	-4248.697	261.4418	2.076116	0.61816	0.38184	1.045194
37458	-3996.151	-4257.423	261.2724	2.118134	0.725797	0.274203	1.161758
37464	-3979.706	-4241.091	261.385	2.142991	0.725797	0.274203	1.035461
37470	-3985.928	-4247.276	261.3482	2.142991	0.675395	0.324605	1.070538
37476	-3997.875	-4259.202	261.327	2.123793	0.773838	0.226162	1.107902
37482	-3983.384	-4244.809	261.425	2.218495	0.701371	0.298629	0.9169445
37488	-3988.821	-4250.201	261.38	2.277196	0.644337	0.355663	0.9016869
37494	-3971.136	-4232.38	261.2441	1.973163	0.723436	0.276564	1.307444
37500	-3977.568	-4238.816	261.2483	2.020442	0.741168	0.258832	1.265332
37506	-3979.179	-4240.243	261.0647	2.038978	0.662642	0.337358	1.397577
37512	-3975.081	-4236.236	261.1547	2.038978	0.72464	0.27536	1.326451
37518	-3970.31	-4231.585	261.2742	2.018673	0.72464	0.27536	1.245271
37524	-3968.379	-4229.684	261.3054	1.992233	0.733565	0.266435	1.241347
37530	-3969.733	-4230.96	261.2266	2.025045	0.642463	0.357537	1.279447
37536	-3988.532	-4249.654	261.1224	2.025045	0.68667	0.31333	1.363243
37542	-3977.473	-4238.662	261.1891	2.014425	0.6436	0.3564	1.318547
37548	-3979.64	-4240.87	261.2303	2.063737	0.727929	0.272071	1.244357
37554	-3974.56	-4235.678	261.1176	2.047341	0.727929	0.272071	1.349374
37560	-3975.76	-4237.042	261.282	2.021846	0.731436	0.268564	1.236106
37566	-3977.772	-4238.997	261.2248	2.125425	0.717581	0.282419	1.196703
37572	-3978.521	-4239.804	261.2825	2.184874	0.709971	0.290029	1.09266
37578	-3966.466	-4227.839	261.3736	2.184814	0.613936	0.386064	1.005679
37584	-3981.965	-4243.308	261.3434	2.184814	0.697528	0.302472	1.035279
37590	-3983.78	-4245.231	261.4511	2.178482	0.574253	0.425747	0.9320833
37596	-3990.807	-4252.24	261.4331	2.236015	0.697971	0.302029	0.8882197
37602	-3994.145	-4255.617	261.4716	2.228187	0.807588	0.192412	0.8521466
37608	-3984.13	-4245.494	261.3633	2.23685	0.717885	0.282115	0.9632408
37614	-3984.495	-4245.918	261.4226	2.177545	0.717885	0.282115	0.9632408
37620	-3974.441	-4235.85	261.4087	2.236642	0.692836	0.307164	0.9149234
37626	-3983.554	-4244.985	261.4307	2.255515	0.692836	0.307164	0.8683269
37632	-4006.256	-4267.406	261.1503	1.840251	0.774724	0.225276	1.484241
37638	-3982.425	-4243.641	261.2158	1.944852	0.82741	0.17259	1.352821
37644	-3988.314	-4249.53	261.2158	1.944852	0.82741	0.17259	1.352821
37650	-3996.231	-4257.635	261.4049	2.234315	0.574985	0.425015	0.9216775
37656	-3996.783	-4258.254	261.4708	2.144977	0.737769	0.262231	0.9468877
37662	-4002.615	-4263.85	261.2344	1.90877	0.623324	0.376676	1.36663
37668	-3995.708	-4256.926	261.2176	1.925538	0.661134	0.338866	1.36663
37674	-3996.809	-4258.231	261.4217	2.221637	0.646395	0.353605	0.917153
37680	-3994.535	-4255.914	261.3792	2.20418	0.65249	0.34751	0.9805625
37686	-3980.801	-4242.249	261.4488	2.075275	0.695121	0.304879	1.039238
37692	-3990.527	-4251.915	261.3882	2.158161	0.587294	0.412706	1.017544
37698	-3987.398	-4248.831	261.4333	2.190251	0.587294	0.412706	0.9385787
37704	-3972.096	-4233.451	261.3557	2.190251	0.707371	0.292629	1.017941
37710	-3976.857	-4238.214	261.3578	2.264913	0.727388	0.272612	0.9394968
37716	-3992.144	-4253.545	261.4007	2.189451	0.716722	0.283278	0.9735746
37722	-4003.055	-4264.439	261.3844	2.189451	0.716722	0.283278	0.9902231
37728	-3991.044	-4252.376	261.3318	2.189069	0.685174	0.314826	1.042382
37734	-3983.135	-4244.548	261.4132	2.159412	0.653302	0.346698	0.9914354
37740	-3987.081	-4248.42	261.3388	2.224443	0.694686	0.305314	1.000846
37746	-3995.582	-4256.98	261.3973	2.146777	0.724707	0.275293	1.019829
37752	-3991.714	-4253.031	261.3168	2.227302	0.688839	0.311161	1.019829
37758	-3991.993	-4253.369	261.3759	2.156427	0.743284	0.256716	1.031279
37764	-3989.787	-4251.123	261.3363	2.270983	0.723544	0.276456	0.955831
37770	-3979.824	-4241.21	261.3853	2.173431	0.744582	0.255418	1.005324
37776	-3987.037	-4248.372	261.3349	2.075826	0.744582	0.255418	1.1439
37782	-3985.379	-4246.658	261.2789	2.092234	0.632198	0.367802	1.178665
37788	-3999.131	-4260.514	261.3829	1.988237	0.65523	0.34477	1.178665
37794	-3988.629	-4249.9	261.2712	2.011855	0.725205	0.274795	1.25352
37800	-3988.399	-4249.556	261.1564	2.036745	0.69523	0.30477	1.326902
37806	-3983.156	-4244.369	261.2131	1.930185	0.629783	0.370217	1.366525
37812	-3991.828	-4253.209	261.3811	2.024059	0.739946	0.260054	1.148886
37818	-3982.498	-4243.82	261.3225	2.094559	0.722164	0.277836	1.1383
37824	-3991.878	-4253.029	261.1505	2.067538	0.747411	0.252589	1.306842
37830	-3980.261	-4241.323	261.0613	1.86531	0.6938	0.3062	1.532059
37836	-3987.579	-4248.628	261.0492	1.86531	0.6938	0.3062	1.541044
37842	-3990.692	-4251.929	261.2369	1.963638	0.641671	0.358329	1.320943
37848	-3985.748	-4247.109	261.361	1.963638	0.802788	0.197212	1.21858
37854	-3985.058	-4246.363	261.3042	2.149103	0.789297	0.210703	1.105568
37860	-3987.83	-4249.226	261.3962	2.012732	0.670174	0.329826	1.1455
37866	-3982.59	-4243.937	261.3476	1.998219	0.779818	0.220182	1.200472
37872	-3978.657	-4239.884	261.2265	2.047497	0.683851	0.316149	1.261018
37878	-3991.582	-4252.651	261.069	2.063667	0.683851	0.316149	1.374896
37884	-3985.665	-4246.891	261.226	2.105975	0.735366	0.264634	1.21229
37890	-3998.135	-4259.246	261.111	1.977032	0.648903	0.351097	1.409752
37896	-3991.754	-4252.997	261.2432	1.95593	0.635449	0.364551	1.322108
37902	-3989.005	-4250.306	261.3005	2.033204	0.655331	0.344669	1.210853
37908	-4005.584	-4266.867	261.2823	2.051452	0.749977	0.250023	1.210853
37914	-3984.242	-4245.516	261.2737	2.134142	0.749977	0.250023	1.146485
37920	-3974.952	-4236.015	261.0631	2.043572	0.640057	0.359943	1.395234
37926	-3982.554	-4243.695	261.1411	1.971618	0.518019	0.481981	1.390563
37932	-3991.739	-4252.928	261.1892	1.982909	0.671601	0.328399	1.343705
37938	-3988.09	-4249.287	261.1968	2.036079	0.784511	0.215489	1.294799
37944	-3992.26	-4253.429	261.169	1.953227	0.759345	0.240655	1.383062
37950	-4003.806	-4264.897	261.0919	1.939655	0.730734	0.269266	1.453138
37956	-3981.843	-4243.051	261.2077	2.032824	0.733362	0.266638	1.288513
37962	-3981.788	-4243.167	261.3791	2.040551	0.721544	0.278456	1.135936
37968	-3981.916	-4243.214	261.2978	2.113826	0.594038	0.405962	1.143149
37974	-3987.488	-4248.856	261.3678	2.070435	0.604143	0.395857	1.119249
37980	-3986.152	-4247.301	261.1483	2.074877	0.623059	0.376941	1.302644
37986	-3992.518	-4253.736	261.218	2.005233	0.658978	0.341022	1.302644
37992	-3981.211	-4242.301	261.0896	1.95335	0.658978	0.341022	1.444452
37998	-3991.661	-4252.884	261.2225	1.944968	0.684612	0.315388	1.347393
38004	-3996.461	-4257.356	260.8957	1.832051	0.719459	0.280541	1.676558
38010	-3983.887	-4244.884	260.9976	1.98236	0.70908	0.29092	1.492164
38016	-3999.994	-4260.929	260.935	1.87679	0.704968	0.295032	1.616176
38022	-3991.871	-4252.765	260.894	1.802452	0.771494	0.228506	1.698783
38028	-3993.342	-4254.351	261.0091	1.76538	0.642677	0.357323	1.643078
38034	-3994.895	-4255.774	260.8788	1.825067	0.742418	0.257582	1.693529
38040	-3996.796	-4258.044	261.2477	1.89118	0.75198	0.24802	1.370001
38046	-3998.284	-4259.423	261.1397	1.995096	0.737932	0.262068	1.373225
38052	-4008.448	-4269.729	261.2808	2.118258	0.738323	0.261677	1.154226
38058	-4008.208	-4269.68	261.4723	2.028866	0.738323	0.261677	1.061136
38064	-3985.753	-4247.084	261.331	2.000372	0.645235	0.354765	1.212838
38070	-3996.433	-4257.695	261.2621	1.975666	0.731179	0.268821	1.290808
38076	-3988.944	-4250.251	261.3073	2.045562	0.576065	0.423935	1.194456
38082	-4001.467	-4262.797	261.3299	2.045562	0.634253	0.365747	1.174874
38088	-3994.963	-4256.235	261.272	2.075323	0.598735	0.401265	1.199234
38094	-3998.288	-4259.573	261.2848	2.123048	0.608754	0.391246	1.146445
38100	-3985.614	-4246.957	261.3427	2.040574	0.70639	0.29361	1.168057
38106	-3987.867	-4249.16	261.2923	2.093796	0.73169	0.26831	1.165665
38112	-3983.822	-4245.185	261.3632	2.10039	0.725411	0.274589	1.09611
38118	-3986.362	-4247.623	261.2611	2.10039	0.703157	0.296843	1.187026
38124	-3995.609	-4256.89	261.2811	2.149186	0.763033	0.236967	1.12641
38130	-3989.712	-4251.016	261.3039	2.260458	0.658491	0.341509	0.9996916
38136	-3987.647	-4249.03	261.3832	2.091189	0.758334	0.241666	1.086188
38142	-3981.143	-4242.493	261.3494	2.092123	0.700515	0.299485	1.116274
38148	-3991.648	-4253.117	261.4691	2.097667	0.631639	0.368361	0.9972896
38154	-3989.257	-4250.401	261.144	2.151147	0.643079	0.356921	1.243355
38160	-3993.797	-4255.002	261.2055	2.066988	0.686467	0.313533	1.262251
38166	-3992.315	-4253.44	261.1254	2.080088	0.745481	0.254519	1.316967
38172	-3999.052	-4260.084	261.0319	2.103998	0.656752	0.343248	1.372375
38178	-3989.452	-4250.433	260.9815	1.978708	0.737774	0.262226	1.506986
38184	-4006.81	-4268.129	261.3189	1.969276	0.704329	0.295671	1.249245
38190	-3982.882	-4244.157	261.2742	2.0058	0.70084	0.29916	1.25598
38196	-3990.902	-4252.12	261.2181	1.943649	0.765149	0.234851	1.351973
38202	-3999.393	-4260.578	261.1845	1.92405	0.752925	0.247075	1.393765
38208	-4004.034	-4265.317	261.2833	1.904471	0.694539	0.305461	1.331194
38214	-3998.162	-4259.355	261.1925	1.989922	0.595007	0.404993	1.335454
38220	-3998.464	-4259.767	261.303	2.013458	0.677617	0.322383	1.225449
38226	-4005.006	-4266.423	261.4169	1.989276	0.67778	0.32222	1.147926
38232	-3978.747	-4240.083	261.3365	2.145684	0.63251	0.36749	1.078915
38238	-3984.696	-4245.932	261.2357	2.114307	0.63251	0.36749	1.196898
38244	-3999.735	-4261.049	261.3133	2.114307	0.695033	0.304967	1.128841
38250	-3993.188	-4254.286	261.0983	1.970531	0.681818	0.318182	1.424561
38256	-3981.321	-4242.341	261.0198	1.856099	0.681818	0.318182	1.569449
38262	-3988.47	-4249.747	261.2769	1.89232	0.627522	0.372478	1.346003
38268	-3983.528	-4244.94	261.4123	2.144808	0.660784	0.339216	1.006972
38274	-4001.595	-4263.042	261.4469	2.204865	0.778524	0.221476	0.9077675
38280	-3986.18	-4247.616	261.4359	2.137389	0.736233	0.263767	0.9907788
38286	-4006.56	-4267.919	261.3588	2.151802	0.677843	0.322157	1.052183
38292	-4003.976	-4264.91	260.9334	1.793976	0.694227	0.305773	1.676821
38298	-4020.066	-4281.135	261.0685	1.896385	0.598299	0.401701	1.503528
38304	-4010.608	-4271.602	260.9942	1.852057	0.653725	0.346275	1.591161
38310	-4019.582	-4279.177	259.5954	1.508064	0.683691	0.316309	2.732993
38316	-4018.37	-4278.146	259.7766	1.481781	0.558148	0.441852	2.637849
38322	-4002.493	-4263.192	260.6989	1.707856	0.777312	0.222688	1.899456
38328	-4001.409	-4262.383	260.9736	1.842765	0.666404	0.333596	1.612884
38334	-3984.176	-4244.895	260.7193	1.766416	0.735192	0.264808	1.845567
38340	-3978.379	-4239.169	260.7905	1.79316	0.753395	0.246605	1.777927
38346	-3982.898	-4243.497	260.5989	1.737022	0.634042	0.365958	1.947289
38352	-3987.56	-4248.273	260.7131	1.722249	0.719921	0.280079	1.880028
38358	-3992.13	-4252.886	260.7552	1.771859	0.719921	0.280079	1.817184
38364	-3983.605	-4244.232	260.6265	1.758053	0.631961	0.368039	1.914511
38370	-3995.009	-4256.238	261.2288	1.850328	0.673356	0.326644	1.41661
38376	-3994.202	-4255.361	261.1585	1.973559	0.613447	0.386553	1.375366
38382	-3991.742	-4252.916	261.1744	2.022924	0.77994	0.22006	1.323499
38388	-3982.671	-4243.906	261.2344	1.937038	0.746651	0.253349	1.344214
38394	-3991.438	-4252.416	260.9776	1.97361	0.700946	0.299054	1.513702
38400	-3990.128	-4251.538	261.4101	2.119853	0.773225	0.226775	1.033611
38406	-3987.48	-4248.799	261.3194	2.169785	0.78	0.22	1.072415
38412	-3989.825	-4251.19	261.365	2.176769	0.715308	0.284692	1.0221
38418	-3996.386	-4257.624	261.2384	2.176769	0.63319	0.36681	1.139922
38424	-3984.842	-4246.185	261.3435	2.162476	0.642014	0.357986	1.056608
38430	-3989.196	-4250.566	261.3696	2.150326	0.69475	0.30525	1.043289
38436	-4005.638	-4267.058	261.4202	2.148201	0.737446	0.262554	0.9956674
38442	-4000.853	-4261.939	261.0861	1.860249	0.645609	0.354391	1.517365
38448	-3988.234	-4249.224	260.9898	1.834033	0.56949	0.43051	1.60748
38454	-3993.492	-4254.51	261.0178	1.842367	0.566888	0.433112	1.580961
38460	-4000.719	-4261.537	260.818	1.840682	0.692659	0.307341	1.725446
38466	-3988.333	-4249.308	260.9752	1.840682	0.749852	0.250148	1.61322
38472	-3987.83	-4248.978	261.1479	1.874156	0.614702	0.385298	1.460348
38478	-4002.441	-4263.417	260.9765	1.860978	0.764376	0.235624	1.59756
38484	-4007.429	-4268.322	260.8927	1.874222	0.776714	0.223286	1.648534
38490	-3996.818	-4257.771	260.9523	1.836772	0.709838	0.290162	1.632563
38496	-4001.491	-4262.4	260.9093	1.794474	0.706329	0.293671	1.693609
38502	-3998.872	-4259.923	261.051	1.882158	0.671584	0.328416	1.527152
38508	-3998.007	-4258.829	260.8221	1.877884	0.688193	0.311807	1.696236
38514	-4010.089	-4270.994	260.9055	1.87441	0.712688	0.287312	1.639182
38520	-3992.37	-4252.871	260.5014	1.756493	0.691782	0.308218	1.999587
38526	-3999.753	-4260.438	260.685	1.817293	0.691782	0.308218	1.834214
38532	-3993.619	-4254.389	260.7701	1.741934	0.691782	0.308218	1.827533
38538	-3990.405	-4251.049	260.6441	1.7765	0.683611	0.316389	1.890024
38544	-3985.121	-4246.32	261.1983	1.859922	0.683611	0.316389	1.432705
38550	-3988.284	-4249.215	260.9306	1.957952	0.747813	0.252187	1.560184
38556	-3988.009	-4249.12	261.1118	1.881535	0.742416	0.257584	1.482125
38562	-3979.358	-4240.431	261.0731	1.962948	0.629617	0.370383	1.449697
38568	-3985.126	-4246.431	261.3045	2.013188	0.703842	0.296158	1.224439
38574	-3990.706	-4251.922	261.2169	2.106352	0.655177	0.344823	1.219775
38580	-4000.758	-4262.047	261.2892	2.033969	0.790758	0.209242	1.219775
38586	-3985.637	-4246.959	261.322	2.05674	0.790758	0.209242	1.17208
38592	-3986.601	-4247.957	261.3561	2.127053	0.779089	0.220911	1.078018
38598	-3987.887	-4249.295	261.4084	2.074802	0.76256	0.23744	1.078018
38604	-3982.113	-4243.496	261.3825	2.090546	0.7545	0.2455	1.087391
38610	-3983.671	-4244.998	261.3268	1.98628	0.648222	0.351778	1.228372
38616	-3976.051	-4237.308	261.2575	2.055492	0.714636	0.285364	1.228372
38622	-3998.975	-4260.148	261.1727	1.878298	0.667308	0.332692	1.438263
38628	-3997.676	-4258.827	261.1512	1.873403	0.662363	0.337637	1.458415
38634	-3994.172	-4255.279	261.1071	1.923915	0.685228	0.314772	1.453562
38640	-3986.12	-4247.24	261.1203	1.923915	0.690679	0.309321	1.443443
38646	-3978.962	-4240.015	261.0534	1.893172	0.822509	0.177491	1.517199
38652	-3989.051	-4249.841	260.7902	1.774016	0.642043	0.357957	1.791436
38658	-3987.341	-4248.236	260.8954	1.831716	0.623293	0.376707	1.676961
38664	-3984.362	-4245.431	261.0688	1.838478	0.738349	0.261651	1.546364
38670	-4000.52	-4261.637	261.1173	1.921856	0.631035	0.368965	1.447331
38676	-3992.362	-4253.421	261.0587	1.980464	0.695203	0.304797	1.447331
38682	-3985.746	-4246.899	261.1528	2.044768	0.706304	0.293696	1.323307
38688	-3997.281	-4258.534	261.2529	2.113539	0.626757	0.373243	1.182769
38694	-4013.13	-4274.373	261.2432	2.002306	0.719396	0.280604	1.284494
38700	-4009.705	-4270.483	260.7778	1.703943	0.668967	0.331033	1.848338
38706	-3992.344	-4253.183	260.8391	1.73319	0.691148	0.308852	1.78586
38712	-4006.846	-4267.526	260.6801	1.758115	0.743231	0.256769	1.878084
38718	-4013.819	-4274.827	261.0082	1.773343	0.75651	0.24349	1.63803
38724	-4005.139	-4265.849	260.7097	1.724811	0.685482	0.314518	1.880549
38730	-3978.97	-4239.895	260.9253	1.698885	0.685482	0.314518	1.74967
38736	-3983.505	-4244.305	260.7997	1.77103	0.708678	0.291322	1.786926
38742	-3989.878	-4251.091	261.2138	1.861017	0.704476	0.295524	1.419934
38748	-3992.835	-4253.956	261.1218	1.813142	0.640755	0.359245	1.525858
38754	-4000.188	-4261.428	261.2395	2.039997	0.637805	0.362195	1.256441
38760	-4002.144	-4263.152	261.0083	2.047374	0.747322	0.252678	1.434716
38766	-3989.283	-4250.317	261.0341	1.955481	0.747322	0.252678	1.484923
38772	-3986.75	-4247.608	260.858	1.96701	0.650664	0.349336	1.606601
38778	-3980.153	-4241.188	261.0351	1.917135	0.715055	0.284945	1.512937
38784	-3989.701	-4250.605	260.9039	2.046526	0.646668	0.353332	1.514279
38790	-4003.721	-4264.914	261.193	1.900404	0.672101	0.327899	1.405573
38796	-4004.841	-4265.956	261.1149	1.978491	0.72889	0.27111	1.405573
38802	-4023.115	-4284.162	261.047	1.963492	0.686574	0.313426	1.469143
38808	-4015.901	-4276.909	261.0083	1.859862	0.686574	0.313426	1.575127
38814	-3997.767	-4258.832	261.0648	1.918443	0.73406	0.26594	1.489702
38820	-3997.368	-4258.509	261.1413	1.935513	0.73406	0.26594	1.418393
38826	-3990.337	-4251.506	261.1698	1.917845	0.636249	0.363751	1.409995
38832	-3980.565	-4241.704	261.1394	1.925742	0.694551	0.305449	1.427438
38838	-3981.525	-4242.782	261.2574	2.061192	0.625792	0.374208	1.223678
38844	-3990.364	-4251.617	261.2527	2.225746	0.642816	0.357184	1.08241
38850	-3994.812	-4256.021	261.2092	1.900824	0.619085	0.380915	1.392652
38856	-3988.872	-4250.069	261.1968	1.913149	0.708774	0.291226	1.392652
38862	-3978.657	-4240.029	261.3712	2.005093	0.759148	0.240852	1.174222
38868	-3984.975	-4246.299	261.3233	2.021144	0.689777	0.310223	1.201662
38874	-3986.618	-4247.946	261.3279	1.958246	0.623287	0.376713	1.250884
38880	-3979.461	-4240.6	261.1386	1.882641	0.574716	0.425284	1.460946
38886	-3986.477	-4247.523	261.0458	1.871121	0.715929	0.284071	1.539251
38892	-3979.055	-4240.245	261.19	1.927413	0.715929	0.284071	1.386825
38898	-3981.972	-4243.106	261.134	1.927413	0.702572	0.297428	1.430246
38904	-3979.506	-4240.686	261.1805	1.872328	0.578323	0.421677	1.436866
38910	-3973.188	-4234.367	261.1787	2.015442	0.619342	0.380658	1.32608
38916	-3981.694	-4243.082	261.3879	1.98788	0.694255	0.305745	1.174602
38922	-3976.217	-4237.385	261.168	2.055421	0.731667	0.268333	1.302471
38928	-3989.523	-4250.946	261.4233	2.027321	0.623448	0.376552	1.108035
38934	-3991.345	-4252.821	261.4765	2.142444	0.623448	0.376552	0.9434411
38940	-3981.735	-4243.125	261.39	2.229031	0.623448	0.376552	0.9434411
38946	-3980.935	-4242.311	261.376	2.158777	0.660406	0.339594	1.028902
38952	-3989.978	-4251.354	261.376	2.158777	0.660406	0.339594	1.028902
38958	-3987.768	-4249.128	261.3602	2.240929	0.626503	0.373497	0.9622373
38964	-3985.65	-4247.101	261.4508	2.150277	0.696948	0.303052	0.9622373
38970	-3978.686	-4240.061	261.375	2.247004	0.706431	0.293569	0.940202
38976	-3982.668	-4243.986	261.3177	2.274262	0.637981	0.362019	0.9717593
38982	-3979.87	-4241.298	261.428	2.248568	0.786555	0.213445	0.8796757
38988	-3984.088	-4245.505	261.4176	2.333458	0.759974	0.240026	0.7863758
38994	-3981.11	-4242.563	261.453	2.270881	0.645088	0.354912	0.8222772
39000	-3985.736	-4247.144	261.4082	2.271312	0.714432	0.285568	0.8761934
39006	-3980.314	-4241.78	261.4658	2.213742	0.792468	0.207532	0.8761934
39012	-3981.295	-4242.716	261.4208	2.142087	0.664765	0.335235	1.00123
39018	-3995.587	-4257.033	261.4465	2.290118	0.657376	0.342624	0.8057545
39024	-3997.145	-4258.252	261.1075	1.943106	0.662574	0.337426	1.438543
39030	-4017.345	-4277.804	260.4592	1.662581	0.573447	0.426553	2.089624
39036	-4025.861	-4286.592	260.731	1.698758	0.721702	0.278298	1.883844
39042	-4008.187	-4268.862	260.6746	1.750655	0.721702	0.278298	1.886905
39048	-3999.997	-4260.672	260.6746	1.750655	0.783106	0.216894	1.886905
39054	-3999.871	-4260.888	261.0177	1.808359	0.799608	0.200392	1.605816
39060	-3984.104	-4245.079	260.9755	1.821533	0.689799	0.310201	1.626865
39066	-3997.09	-4258.064	260.9734	1.823593	0.527659	0.472341	1.626865
39072	-4002.591	-4263.639	261.0483	1.810991	0.63694	0.36306	1.581611
39078	-4000.982	-4261.88	260.8972	1.858494	0.66435	0.33565	1.656545
39084	-3984.208	-4245.162	260.9549	1.794636	0.652722	0.347278	1.661003
39090	-4000.729	-4262.033	261.3047	1.956058	0.713138	0.286862	1.271933
39096	-3995.868	-4257.058	261.1904	1.95827	0.552426	0.447574	1.362278
39102	-3988.755	-4249.925	261.1694	2.010232	0.552426	0.447574	1.337699
39108	-3992.88	-4254.191	261.311	2.018535	0.584473	0.415527	1.214391
39114	-4005.869	-4267.176	261.3072	2.018535	0.739628	0.260372	1.217659
39120	-4007.594	-4268.971	261.3771	2.001051	0.673258	0.326742	1.17256
39126	-3991.364	-4252.617	261.2536	2.001051	0.623983	0.376017	1.276995
39132	-3989.436	-4250.609	261.1727	2.011002	0.676712	0.323288	1.334455
39138	-3995.942	-4257.087	261.1447	2.003118	0.613425	0.386575	1.362945
39144	-3995.721	-4256.86	261.1387	1.918354	0.613425	0.386575	1.433615
39150	-4011.691	-4272.789	261.0983	1.902563	0.598406	0.401594	1.476436
39156	-3997.311	-4258.465	261.154	1.998731	0.687608	0.312392	1.359124
39162	-3985.715	-4246.874	261.1586	2.02114	0.555347	0.444653	1.337655
39168	-3987.336	-4248.664	261.3285	2.061949	0.68091	0.31909	1.161824
39174	-3981.643	-4242.813	261.1707	2.039505	0.647018	0.352982	1.313137
39180	-3984.75	-4245.883	261.133	1.974369	0.647389	0.352611	1.394707
39186	-3975.111	-4236.153	261.0419	1.913352	0.690614	0.309386	1.510673
39192	-3976.947	-4238.188	261.2411	1.913352	0.72283	0.27717	1.357709
39198	-3979.063	-4240.218	261.1546	1.816046	0.724429	0.275571	1.499168
39204	-3972.184	-4233.343	261.1591	2.029419	0.689973	0.310027	1.330638
39210	-3983.682	-4244.921	261.239	2.064309	0.692128	0.307872	1.236571
39216	-3985.678	-4246.866	261.188	1.938489	0.692128	0.307872	1.37979
39222	-3999.952	-4261.116	261.1637	1.995812	0.709862	0.290138	1.353723
39228	-3983.057	-4244.346	261.289	2.035937	0.713581	0.286419	1.218265
39234	-3989.976	-4251.096	261.1202	1.954173	0.627392	0.372608	1.420256
39240	-3983.471	-4244.79	261.3185	1.954173	0.704596	0.295404	1.262102
39246	-4002.372	-4263.588	261.2158	1.966778	0.704596	0.295404	1.335359
39252	-4023.662	-4284.927	261.2649	1.960067	0.742876	0.257124	1.30123
39258	-4005.797	-4267.02	261.2232	1.957258	0.668963	0.331037	1.337065
39264	-3999.004	-4260.326	261.3222	2.178658	0.677558	0.322442	1.061408
39270	-3996.237	-4257.512	261.2752	2.134219	0.7048	0.2952	1.145076
39276	-3996.817	-4258.141	261.3245	2.117313	0.714159	0.285841	1.116031
39282	-3993.591	-4254.752	261.1609	2.052903	0.714159	0.285841	1.310291
39288	-3993.424	-4254.721	261.2968	2.046964	0.577547	0.422453	1.202236
39294	-3993.506	-4254.687	261.181	1.984778	0.771495	0.228505	1.348763
39300	-3986.58	-4247.73	261.1494	1.984778	0.710568	0.289432	1.373708
39306	-3986.477	-4247.574	261.0968	1.944505	0.679352	0.320648	1.445708
39312	-3977.781	-4239.096	261.3152	1.964193	0.679352	0.320648	1.25649
39318	-3971.677	-4232.902	261.2251	1.970073	0.703969	0.296031	1.32524
39324	-3982.049	-4243.384	261.3344	2.101123	0.667827	0.332173	1.121753
39330	-3970.663	-4231.984	261.3215	2.126655	0.708345	0.291655	1.110304
39336	-3980.199	-4241.494	261.2943	2.202876	0.596944	0.403056	1.06486
39342	-3978.924	-4240.032	261.1082	2.044132	0.669223	0.330777	1.359386
39348	-3989.436	-4250.623	261.1871	2.038585	0.760964	0.239036	1.300598
39354	-3989.946	-4251.064	261.1178	1.93506	0.645135	0.354865	1.436823
39360	-3984.013	-4244.937	260.9239	1.884362	0.731849	0.268151	1.618737
39366	-3986.952	-4248.238	261.2863	1.931275	0.731849	0.268151	1.307238
39372	-3977.461	-4238.717	261.2563	1.982953	0.723595	0.276405	1.289537
39378	-3976.161	-4237.242	261.0805	1.999908	0.648937	0.351063	1.41563
39384	-3982.644	-4243.753	261.1091	1.934267	0.679732	0.320268	1.444135
39390	-3979.489	-4240.523	261.0343	1.945566	0.679732	0.320268	1.492288
39396	-3993.889	-4255.184	261.2947	1.981218	0.710307	0.289693	1.259372
39402	-3986.164	-4247.193	261.0287	1.878461	0.689544	0.310456	1.546465
39408	-3990.017	-4251.051	261.0343	1.866929	0.689544	0.310456	1.550812
39414	-3994.927	-4256.029	261.1022	1.866929	0.698283	0.301717	1.500307
39420	-3982.803	-4243.846	261.0434	1.855511	0.662998	0.337002	1.55251
39426	-3971.897	-4232.73	260.8329	1.855511	0.662998	0.337002	1.70445
39432	-3968.705	-4229.72	261.015	1.876859	0.726243	0.273757	1.557696
39438	-3980.539	-4241.656	261.1172	1.889784	0.793565	0.206435	1.471814
39444	-3986.682	-4247.417	260.7349	1.930767	0.636678	0.363322	1.720522
39450	-3979.831	-4240.678	260.8471	1.735573	0.787366	0.212634	1.77866
39456	-3974.359	-4234.977	260.6182	1.790506	0.752259	0.247741	1.898114
39462	-3978.396	-4239.367	260.9708	1.767205	0.752259	0.247741	1.669216
39468	-3972.329	-4233.324	260.9947	1.743296	0.72672	0.27328	1.669216
39474	-3985.082	-4245.87	260.7877	1.83479	0.687615	0.312385	1.750837
39480	-3986.825	-4247.68	260.855	1.905937	0.721545	0.278455	1.65284
39486	-3977.73	-4238.735	261.0051	1.836178	0.63752	0.36248	1.594779
39492	-3978.93	-4240.09	261.1599	1.84183	0.673427	0.326573	1.475757
39498	-3984.398	-4245.544	261.1463	1.898148	0.621899	0.378101	1.443266
39504	-3988.881	-4249.921	261.0398	1.946659	0.665035	0.334965	1.487265
39510	-3998.79	-4259.921	261.1313	1.964367	0.665035	0.334965	1.403785
39516	-3993.714	-4254.963	261.2488	2.047556	0.715975	0.284025	1.242352
39522	-4002.273	-4263.435	261.162	2.043714	0.715975	0.284025	1.316745
39528	-3994.108	-4255.116	261.0081	1.92385	0.769139	0.230861	1.528101
39534	-4001.308	-4262.407	261.0983	1.833631	0.687171	0.312829	1.528101
39540	-3998.012	-4259.158	261.1459	1.9068	0.670726	0.329274	1.436951
39546	-3978.109	-4238.994	260.8849	1.911317	0.670218	0.329782	1.627436
39552	-3974.601	-4235.502	260.9003	1.894334	0.661918	0.338082	1.628588
39558	-3978.256	-4239.256	261.0008	1.836008	0.599043	0.400957	1.598033
39564	-3992.821	-4253.84	261.0198	1.892477	0.636634	0.363366	1.542692
39570	-3991.327	-4252.347	261.0205	1.989882	0.681901	0.318099	1.469223
39576	-4003.53	-4264.759	261.2288	1.946727	0.71991	0.28009	1.340953
39582	-4002.116	-4263.191	261.0751	2.039823	0.688505	0.311495	1.388784
39588	-4009.91	-4271.001	261.0911	2.024272	0.688505	0.311495	1.38843
39594	-3988.647	-4249.953	261.3055	2.071771	0.688505	0.311495	1.17333
39600	-4000.629	-4261.893	261.264	2.066589	0.594394	0.405606	1.213477
39606	-4004.836	-4266.117	261.2804	2.066589	0.669071	0.330929	1.199529
39612	-3995.531	-4256.707	261.1751	1.991271	0.650009	0.349991	1.348235
39618	-3985.348	-4246.619	261.271	2.059285	0.728905	0.271095	1.213776
39624	-4010.564	-4271.794	261.2307	2.048045	0.697031	0.302969	1.257098
39630	-3999.5	-4260.665	261.1648	1.850445	0.721251	0.278749	1.465526
39636	-4004.09	-4264.929	260.8386	1.781424	0.6511	0.3489	1.752566
39642	-4024.772	-4285.419	260.6461	1.793161	0.773483	0.226517	1.877348
39648	-4008.079	-4269.133	261.0539	1.902093	0.634007	0.365993	1.510142
39654	-3988.853	-4249.984	261.1313	1.902093	0.643005	0.356995	1.451748
39660	-3994.705	-4255.938	261.2333	1.913497	0.602146	0.397854	1.363789
39666	-3992.509	-4253.82	261.3109	1.896831	0.690429	0.309571	1.315184
39672	-3993.246	-4254.612	261.366	1.97335	0.632262	0.367738	1.206062
39678	-3996.208	-4257.518	261.31	2.059375	0.729913	0.270087	1.180171
39684	-3998.911	-4259.963	261.0516	1.938137	0.665338	0.334662	1.484856
39690	-3986.081	-4247.24	261.1593	1.883944	0.756105	0.243895	1.444174
39696	-3979.086	-4240.079	260.9937	1.91362	0.714727	0.285273	1.546325
39702	-3991.484	-4252.511	261.0267	1.864562	0.65188	0.34812	1.558166
39708	-3981.588	-4242.626	261.0376	1.853651	0.616173	0.383827	1.558166
39714	-3986.433	-4247.545	261.1129	1.778389	0.692876	0.307124	1.558166
39720	-4007.315	-4268.092	260.7768	1.740674	0.707765	0.292235	1.823739
39726	-4001.381	-4262.324	260.9426	1.799231	0.616167	0.383833	1.666489
39732	-3987.052	-4248.432	261.3806	2.19978	0.651873	0.348127	0.9835622
39738	-3999.972	-4261.385	261.413	2.223411	0.822207	0.177793	0.9246871
39744	-3984.952	-4246.369	261.417	2.2012	0.70399	0.29601	0.9442705
39750	-3997.713	-4259.109	261.3958	2.34433	0.70399	0.29601	0.8011194
39756	-3988.976	-4250.436	261.4598	2.308775	0.700996	0.299004	0.7616293
39762	-3982.589	-4244.041	261.4517	2.308775	0.721765	0.278235	0.7731881
39768	-3980.712	-4242.15	261.4381	2.297814	0.673846	0.326154	0.8066869
39774	-3978.297	-4239.601	261.3036	2.404738	0.673846	0.326154	0.8417449
39780	-3978.815	-4240.163	261.348	2.409073	0.650015	0.349985	0.7779653
39786	-3998.781	-4260.153	261.3718	2.365307	0.668574	0.331426	0.8050832
39792	-3995.597	-4257.007	261.4105	2.335411	0.634546	0.365454	0.7932998
39798	-3984.772	-4246.175	261.403	2.326057	0.679178	0.320822	0.8156259
39804	-3982.513	-4243.947	261.4338	2.345708	0.634155	0.365845	0.7453313
39810	-3981.273	-4242.686	261.4139	2.332162	0.708677	0.291323	0.7931943
39816	-3977.922	-4239.328	261.4059	2.300759	0.624577	0.375423	0.8437825
39822	-3981.755	-4243.163	261.4079	2.221958	0.748188	0.251812	0.9317577
39828	-3982.424	-4243.715	261.2911	2.120027	0.748188	0.251812	1.14354
39834	-3985.465	-4246.876	261.4106	2.2884	0.674105	0.325895	0.8530924
39840	-3986.021	-4247.426	261.4042	2.278822	0.803369	0.196631	0.8721725
39846	-3970.174	-4231.511	261.3375	2.259996	0.671632	0.328368	0.9660001
39852	-3973.979	-4235.36	261.3808	2.170105	0.671632	0.328368	1.013083
39858	-3981.642	-4243.046	261.4036	2.200699	0.656473	0.343527	0.958968
39864	-3984.487	-4245.911	261.4243	2.193481	0.592218	0.407782	0.9447467
39870	-3985.669	-4247.094	261.4255	2.192249	0.650137	0.349863	0.9447467
39876	-3978.453	-4239.9	261.4471	2.261267	0.721016	0.278984	0.8417407
39882	-3977.117	-4238.577	261.4603	2.336341	0.700571	0.299429	0.7182107
39888	-3990.085	-4251.473	261.3879	2.42164	0.65679	0.34321	0.6962567
39894	-3988.592	-4250.031	261.4388	2.373294	0.728806	0.271194	0.6917219
39900	-3998.591	-4259.947	261.3557	2.403778	0.738603	0.261397	0.7746058
39906	-3989.933	-4251.353	261.4198	2.306107	0.637057	0.362943	0.8196616
39912	-3991.786	-4253.244	261.4576	2.207066	0.677544	0.322456	0.8933008
39918	-3991.71	-4253.122	261.412	2.210849	0.615685	0.384315	0.9393208
39924	-3992.506	-4253.854	261.3484	2.195118	0.724771	0.275229	1.020345
39930	-3987.271	-4248.494	261.2233	2.135579	0.698333	0.301667	1.189314
39936	-3979.996	-4241.214	261.2183	2.08814	0.762672	0.237328	1.233894
39942	-3977.541	-4238.883	261.3417	2.094623	0.762672	0.237328	1.120976
39948	-3973.16	-4234.519	261.3596	2.076731	0.646649	0.353351	1.120976
39954	-3973.543	-4234.899	261.3556	2.102707	0.650958	0.349042	1.101001
39960	-3988.472	-4249.692	261.2198	2.136166	0.668976	0.331024	1.191805
39966	-3972.931	-4234.196	261.2649	2.040757	0.656596	0.343404	1.234551
39972	-3984.76	-4246.141	261.3813	2.001881	0.685455	0.314545	1.168183
39978	-3991.506	-4252.807	261.3006	2.032243	0.631117	0.368883	1.211625
39984	-3982.746	-4244.153	261.4072	2.156813	0.713209	0.286791	1.00005
39990	-3991.383	-4252.717	261.3345	2.215457	0.550866	0.449134	1.014009
39996	-3979.363	-4240.66	261.2968	2.160166	0.648208	0.351792	1.102197
40002	-3990.724	-4252.077	261.3521	2.213479	0.651504	0.348496	0.9984659
40008	-3996.742	-4258.142	261.4002	2.169345	0.70534	0.29466	0.9945316
40014	-3994.685	-4256.022	261.3364	2.13035	0.711438	0.288562	1.093279
40020	-3995.392	-4256.595	261.2036	2.037609	0.601813	0.398187	1.28796
40026	-3996.309	-4257.473	261.1637	2.022295	0.580448	0.419552	1.332638
40032	-3996.56	-4257.715	261.155	2.022295	0.592719	0.407281	1.339548
40038	-3994.759	-4256.057	261.298	2.082576	0.764391	0.235609	1.17047
40044	-3991.617	-4252.917	261.3005	2.219386	0.671842	0.328158	1.043304
40050	-3991.943	-4253.272	261.3291	2.205215	0.594655	0.405345	1.029372
40056	-4003.066	-4264.448	261.3818	2.130414	0.775435	0.224565	1.050647
40062	-4000.973	-4262.272	261.2997	2.084168	0.769017	0.230983	1.167561
40068	-3999.195	-4260.495	261.2994	1.974959	0.769017	0.230983	1.260658
40074	-4005.497	-4266.789	261.292	1.990046	0.731051	0.268949	1.254329
40080	-3991.293	-4252.478	261.1845	2.043576	0.704046	0.295954	1.29865
40086	-4001.09	-4262.427	261.3371	2.146252	0.748168	0.251832	1.0779
40092	-4008.398	-4269.293	260.8947	1.732188	0.68852	0.31148	1.747801
40098	-3990.862	-4251.311	260.4481	1.748161	0.656809	0.343191	2.040543
40104	-3996.265	-4257.666	261.4006	2.140936	0.732154	0.267846	1.022272
40110	-3979.725	-4241.145	261.4201	2.23894	0.636549	0.363451	0.8996429
40116	-3979.956	-4241.232	261.2763	2.274698	0.735003	0.264997	1.012967
40122	-3982.151	-4243.54	261.3887	2.274698	0.735003	0.264997	0.8946796
40128	-3974.121	-4235.567	261.4456	2.2777	0.714108	0.285892	0.8230358
40134	-3980.452	-4241.85	261.3982	2.311075	0.654782	0.345218	0.8405219
40140	-3987.088	-4248.429	261.341	2.23034	0.744007	0.255993	0.9926749
40146	-3986.237	-4247.62	261.3833	2.099182	0.64512	0.35488	1.078655
40152	-3976.295	-4237.674	261.3787	2.099182	0.687681	0.312319	1.08298
40158	-3985.028	-4246.407	261.3792	2.110315	0.687681	0.312319	1.072094
40164	-3996.734	-4258.053	261.3191	2.091392	0.638811	0.361189	1.14412
40170	-3998.411	-4259.752	261.3407	2.170453	0.716988	0.283012	1.051605
40176	-3978.761	-4240.129	261.3679	2.159391	0.733635	0.266365	1.036186
40182	-3980.358	-4241.777	261.4199	2.1299	0.709326	0.290674	1.014219
40188	-3977.713	-4239.024	261.3107	2.0292	0.713145	0.286855	1.205538
40194	-3974.641	-4235.938	261.2968	2.043125	0.698798	0.301202	1.205538
40200	-3990.025	-4251.372	261.347	1.992962	0.736877	0.263123	1.205538
40206	-3992.795	-4254.025	261.2305	1.995944	0.645768	0.354232	1.299991
40212	-3985.86	-4247.261	261.4011	2.21505	0.710797	0.289203	0.9464348
40218	-3993.456	-4254.768	261.3112	2.21505	0.696212	0.303788	1.037179
40224	-3981.795	-4243.137	261.3423	2.106006	0.682226	0.317774	1.110133
40230	-3964.149	-4225.452	261.3023	2.032066	0.682226	0.317774	1.210263
40236	-3980.402	-4241.834	261.4323	2.062258	0.697453	0.302547	1.067394
40242	-3983.441	-4244.52	261.0799	1.948675	0.790364	0.209636	1.455382
40248	-3983.397	-4244.76	261.3634	1.956802	0.807589	0.192411	1.222341
40254	-3985.678	-4246.849	261.1716	1.840799	0.615637	0.384363	1.467704
40260	-3975.092	-4236.113	261.0209	1.741483	0.782881	0.217119	1.651804
40266	-3958.996	-4219.314	260.3176	1.71658	0.665935	0.334065	2.146991
40272	-3969.017	-4229.45	260.4332	1.637687	0.700156	0.299844	2.123028
40278	-3967.821	-4228.523	260.7015	1.730304	0.755125	0.244875	1.882436
40284	-3978.463	-4239.144	260.6816	1.688176	0.699819	0.300181	1.924507
40290	-3977.729	-4238.308	260.579	1.7366	0.699819	0.300181	1.960958
40296	-3984.042	-4245.028	260.9858	1.855197	0.750249	0.249751	1.594978
40302	-3981.142	-4242.088	260.9456	1.833944	0.767292	0.232708	1.63946
40308	-3966.791	-4227.6	260.8085	1.872059	0.719283	0.280717	1.710008
40314	-3969.513	-4230.492	260.9796	1.789794	0.719283	0.280717	1.646767
40320	-3986.4	-4247.671	261.2705	1.975002	0.71539	0.28461	1.284505
40326	-3995.327	-4256.548	261.2209	2.031438	0.73126	0.26874	1.27887
40332	-3977.843	-4238.904	261.061	1.896062	0.73126	0.26874	1.50936
40338	-3995.295	-4256.291	260.997	1.960097	0.713277	0.286723	1.50936
40344	-3993.886	-4254.416	260.5302	1.742728	0.634238	0.365762	1.989557
40350	-3989.631	-4250.711	261.0802	1.844297	0.766936	0.233064	1.533598
40356	-3994.621	-4255.561	260.9395	1.823526	0.693619	0.306381	1.651284
40362	-4009.463	-4270.189	260.7267	1.878372	0.653336	0.346664	1.763041
40368	-3987.861	-4248.862	261.0005	1.898649	0.574112	0.425888	1.552386
40374	-3984.909	-4245.883	260.9738	1.90887	0.799162	0.200838	1.564511
40380	-3994.108	-4255.375	261.2667	1.93555	0.766388	0.233612	1.319563
40386	-3978.633	-4239.85	261.217	1.974492	0.703389	0.296611	1.328198
40392	-3986.276	-4247.541	261.2652	1.912763	0.654145	0.345855	1.339041
40398	-3986.121	-4247.281	261.1595	1.986001	0.654145	0.345855	1.364824
40404	-3994.612	-4255.689	261.0769	1.95076	0.654145	0.345855	1.456103
40410	-3997.38	-4258.577	261.1972	2.02816	0.654145	0.345855	1.300895
40416	-3985.573	-4246.815	261.242	2.060287	0.682736	0.317264	1.237447
40422	-3987.164	-4248.553	261.3886	2.247358	0.649074	0.350926	0.9251797
40428	-3997.351	-4258.627	261.2756	2.179879	0.649074	0.350926	1.1036
40434	-3978.077	-4239.475	261.3972	2.194466	0.661456	0.338544	0.9720675
40440	-3978.863	-4240.295	261.4312	2.194466	0.581396	0.418604	0.9362672
40446	-3987.729	-4249.134	261.4053	2.169929	0.654826	0.345174	0.9888078
40452	-3977.492	-4238.898	261.4058	2.162165	0.776433	0.223567	0.9961211
40458	-3986.27	-4247.695	261.4254	2.142597	0.776433	0.223567	0.9961211
40464	-3970.714	-4232.097	261.3827	2.185251	0.713117	0.286883	0.9961211
40470	-3972.961	-4234.414	261.4525	2.208034	0.713117	0.286883	0.8979413
40476	-3968.457	-4229.923	261.4667	2.226828	0.749127	0.250873	0.8596886
40482	-3978.851	-4240.267	261.4158	2.232103	0.677823	0.322177	0.912115
40488	-3975.151	-4236.621	261.4696	2.151554	0.60106	0.39894	0.9411072
40494	-3973.556	-4234.957	261.4016	2.151554	0.605767	0.394233	1.010906
40500	-3996.772	-4258.081	261.3094	2.010182	0.605767	0.394233	1.222858
40506	-3986.938	-4248.28	261.3419	2.007583	0.715624	0.284376	1.197345
40512	-3995.398	-4256.569	261.1715	1.846375	0.684807	0.315193	1.463528
40518	-3995.97	-4257.127	261.1575	1.803175	0.662296	0.337704	1.506681
40524	-4003.484	-4264.624	261.1403	1.842598	0.757102	0.242898	1.489948
40530	-3986.4	-4247.455	261.0553	1.898793	0.674744	0.325256	1.511599
40536	-3975.136	-4236.046	260.9104	1.845565	0.674744	0.325256	1.656397
40542	-3982.488	-4243.215	260.7272	1.732929	0.615953	0.384047	1.863076
40548	-3998.7	-4259.617	260.9168	1.809984	0.619456	0.380544	1.677195
40554	-4009.254	-4270.224	260.9698	1.863807	0.619456	0.380544	1.600369
40560	-3996.952	-4257.902	260.9501	1.847092	0.72228	0.27772	1.626771
40566	-3984.235	-4245.352	261.1167	1.922426	0.733391	0.266609	1.447374
40572	-3991.974	-4253.086	261.1126	1.876092	0.733391	0.266609	1.485634
40578	-3991.205	-4252.27	261.0655	1.876092	0.672813	0.327187	1.520891
40584	-3984.791	-4245.404	260.6128	1.759918	0.643411	0.356589	1.922507
40590	-3990.802	-4251.71	260.908	1.812138	0.645457	0.354543	1.681931
40596	-3974.458	-4235.418	260.9603	1.823668	0.800896	0.199104	1.636273
40602	-3974.961	-4236.155	261.1947	1.849856	0.69808	0.30192	1.443211
40608	-3992.097	-4253.199	261.1012	1.983285	0.69808	0.30192	1.412457
40614	-3987.762	-4248.963	261.2014	1.915485	0.624322	0.375678	1.387238
40620	-3984.822	-4246.078	261.2564	2.019996	0.619306	0.380694	1.259003
40626	-3995.966	-4257.343	261.3768	2.052546	0.665268	0.334732	1.127257
40632	-3990.878	-4251.879	261.0017	1.822304	0.643793	0.356207	1.607295
40638	-3984.611	-4245.499	260.8884	1.880343	0.749718	0.250282	1.64719
40644	-3972.841	-4233.843	261.0022	1.936548	0.744559	0.255441	1.523022
40650	-3967.623	-4228.633	261.0103	1.934553	0.73803	0.26197	1.518506
40656	-3980.921	-4242.007	261.0853	1.926604	0.683958	0.316042	1.468059
40662	-3979.931	-4241.051	261.1201	1.926332	0.684338	0.315662	1.44176
40668	-3988.626	-4249.544	260.9179	1.894784	0.709442	0.290558	1.615552
40674	-3990.404	-4251.425	261.021	1.954755	0.684623	0.315377	1.495338
40680	-3997.591	-4258.846	261.2543	1.953139	0.734721	0.265279	1.315403
40686	-3993.207	-4254.252	261.0457	1.910245	0.731239	0.268761	1.510206
40692	-3993.53	-4254.569	261.0395	1.95202	0.62291	0.37709	1.483464
40698	-3997.531	-4258.889	261.3589	1.969585	0.62291	0.37709	1.215311
40704	-3987.127	-4248.461	261.3342	2.113218	0.663471	0.336529	1.110962
40710	-3986.332	-4247.657	261.3247	2.118373	0.740845	0.259155	1.114885
40716	-3973.78	-4235.059	261.2794	1.950101	0.672464	0.327536	1.297539
40722	-3973.918	-4235.172	261.254	2.038887	0.690944	0.309056	1.245315
40728	-3978.377	-4239.679	261.3014	2.038887	0.692165	0.307835	1.20521
40734	-3983.502	-4244.584	261.0815	1.972805	0.684963	0.315037	1.435716
40740	-3995.369	-4256.483	261.1135	1.916442	0.610231	0.389769	1.454334
40746	-3986.685	-4247.793	261.1076	2.007121	0.782894	0.217106	1.388963
40752	-3994.94	-4256.072	261.1324	1.919573	0.624664	0.375336	1.437515
40758	-3995.101	-4256.163	261.0621	1.934061	0.639331	0.360669	1.479955
40764	-3975.101	-4236.06	260.9595	1.877061	0.650942	0.349058	1.598228
40770	-3995.109	-4256.38	261.2709	2.056527	0.770221	0.229779	1.216183
40776	-3984.064	-4245.421	261.3566	1.983892	0.753258	0.246742	1.205092
40782	-3989.953	-4250.919	260.9659	1.928298	0.668488	0.331512	1.55598
40788	-3982.494	-4243.72	261.226	2.019892	0.710484	0.289516	1.28412
40794	-3978.93	-4240.031	261.1015	2.027494	0.791083	0.208917	1.377762
40800	-3991.739	-4252.952	261.2134	2.027494	0.702436	0.297564	1.288204
40806	-3979.814	-4241.109	261.2949	2.118476	0.808744	0.191256	1.141547
40812	-3970	-4231.243	261.2432	2.053761	0.718853	0.281147	1.241896
40818	-3963.417	-4224.723	261.3067	2.07432	0.706683	0.293317	1.170081
40824	-3987.743	-4249.093	261.3496	2.031447	0.671879	0.328121	1.170081
40830	-3994.108	-4255.452	261.3443	2.086948	0.74834	0.25166	1.125591
40836	-3990.451	-4251.86	261.4084	2.166251	0.62	0.38	0.9893527
40842	-3983.601	-4244.931	261.3306	2.12657	0.74224	0.25776	1.102057
40848	-3981.568	-4242.98	261.4118	2.038521	0.654376	0.345624	1.108299
40854	-3985.775	-4247.062	261.2871	2.084883	0.627072	0.372928	1.177929
40860	-3970.052	-4231.434	261.3819	2.074571	0.627072	0.372928	1.10266
40866	-3980.302	-4241.704	261.4021	2.243411	0.649075	0.350925	0.9147302
40872	-3982.603	-4244.026	261.4229	2.250841	0.656375	0.343625	0.88287
40878	-3984.842	-4246.303	261.4618	2.212014	0.781698	0.218302	0.88287
40884	-3982.828	-4244.235	261.407	2.256175	0.675832	0.324168	0.8950214
40890	-3999.164	-4260.572	261.4079	2.237141	0.718389	0.281611	0.9152884
40896	-3994.979	-4256.382	261.4031	2.115627	0.615212	0.384788	1.044376
40902	-3985.888	-4247.183	261.2952	2.188439	0.615212	0.384788	1.077544
40908	-3980.715	-4242.032	261.3171	2.038308	0.73818	0.26182	1.192296
40914	-3996.945	-4258.323	261.3772	2.084246	0.73818	0.26182	1.0981
40920	-4001.883	-4262.958	261.0742	1.983176	0.614754	0.385246	1.433349
40926	-3996.345	-4257.557	261.212	2.066822	0.791144	0.208856	1.256992
40932	-4004.477	-4265.905	261.4278	2.149667	0.684604	0.315396	0.986522
40938	-3986.566	-4247.989	261.4234	2.078067	0.684604	0.315396	1.060877
40944	-4014.765	-4276.121	261.3561	2.156809	0.719479	0.280521	1.050007
40950	-3994.76	-4256.109	261.3491	2.181393	0.686754	0.313246	1.03302
40956	-3984.715	-4246.05	261.3353	2.200309	0.698931	0.301069	1.028127
40962	-3971.084	-4232.465	261.3802	2.193909	0.698931	0.301069	0.9899262
40968	-3986.156	-4247.496	261.3409	2.056568	0.661686	0.338314	1.155663
40974	-3985.787	-4247.086	261.2995	2.131739	0.821021	0.178979	1.125608
40980	-3981.702	-4243.034	261.3317	2.081729	0.773312	0.226688	1.14153
40986	-3993.531	-4254.918	261.3874	2.075407	0.773312	0.226688	1.096869
40992	-3986.083	-4247.498	261.4156	2.056015	0.7058	0.2942	1.08873
40998	-3977.142	-4238.502	261.36	2.111656	0.7058	0.2942	1.08873
41004	-3982.493	-4243.776	261.2833	2.057987	0.55727	0.44273	1.204346
41010	-3985.576	-4246.953	261.3772	2.085338	0.725445	0.274555	1.097117
41016	-3987.337	-4248.763	261.4264	2.108096	0.754906	0.245094	1.029187
41022	-3971.318	-4232.681	261.3626	2.116281	0.700918	0.299082	1.081986
41028	-3987.704	-4249.019	261.3148	2.150408	0.728932	0.271068	1.094646
41034	-3975.129	-4236.448	261.3196	2.075146	0.728932	0.271068	1.158052
41040	-3982.756	-4244.069	261.3122	2.05771	0.725997	0.274003	1.179707
41046	-3978.053	-4239.425	261.3714	1.997921	0.685017	0.314983	1.180212
41052	-3979.386	-4240.787	261.4017	2.091463	0.578719	0.421281	1.068628
41058	-3986.979	-4248.222	261.2437	2.033791	0.811892	0.188108	1.25812
41064	-3976.291	-4237.675	261.3837	2.142586	0.679717	0.320283	1.037127
41070	-3984.642	-4245.969	261.3262	2.230867	0.704832	0.295168	1.006989
41076	-3978.028	-4239.325	261.297	2.106789	0.60279	0.39721	1.150013
41082	-3985.708	-4247.014	261.306	1.985716	0.60279	0.39721	1.246265
41088	-3994.156	-4255.475	261.3192	2.021647	0.698097	0.301903	1.204784
41094	-3988.95	-4250.344	261.394	2.124127	0.698097	0.301903	1.045004
41100	-3996.597	-4258.031	261.4337	2.124127	0.76912	0.23088	1.006203
41106	-3975.651	-4236.949	261.2979	2.162211	0.602087	0.397913	1.099347
41112	-3980.912	-4242.372	261.4599	2.17148	0.635025	0.364975	0.9301776
41118	-3985.862	-4247.134	261.2714	2.081403	0.761876	0.238124	1.194514
41124	-3982.885	-4244.155	261.2692	2.076284	0.669759	0.330241	1.200754
41130	-3986.631	-4248.009	261.3789	2.080785	0.731341	0.268659	1.099712
41136	-3984.551	-4245.954	261.4025	2.242874	0.61692	0.38308	0.914822
41142	-3980.771	-4242.138	261.3669	2.242874	0.693464	0.306536	0.953231
41148	-3986.981	-4248.397	261.4156	2.112058	0.693464	0.306536	1.035813
41154	-3978.849	-4240.213	261.364	2.053682	0.693464	0.306536	1.137739
41160	-3979.806	-4241.154	261.3473	2.158245	0.756871	0.243129	1.057027
41166	-3993.731	-4254.887	261.1562	2.132983	0.792452	0.207548	1.248404
41172	-3984.478	-4245.778	261.3004	2.195524	0.6876	0.3124	1.06603
41178	-3990.755	-4252.178	261.4229	2.137929	0.712434	0.287566	1.003223
41184	-3974.267	-4235.686	261.4195	2.137929	0.651191	0.348809	1.006599
41190	-3989.951	-4251.224	261.2736	2.135664	0.662524	0.337476	1.145198
41196	-3997.555	-4258.949	261.3941	2.137584	0.690581	0.309419	1.031866
41202	-3979.604	-4241.021	261.4169	2.132251	0.752194	0.247806	1.014874
41208	-3995.917	-4257.304	261.3865	2.124366	0.664016	0.335984	1.051888
41214	-4007.56	-4268.864	261.3039	2.046103	0.736781	0.263219	1.19689
41220	-4015.054	-4276.375	261.3218	2.046103	0.619963	0.380037	1.181493
41226	-3988.021	-4249.31	261.289	2.02552	0.664694	0.335306	1.227104
41232	-3984.202	-4245.106	260.9036	2.015756	0.618912	0.381088	1.537437
41238	-3984.081	-4245.339	261.2576	1.958451	0.618912	0.381088	1.308397
41244	-3984.081	-4245.282	261.2012	2.031235	0.769157	0.230843	1.295105
41250	-3994.812	-4255.912	261.1006	2.029807	0.676739	0.323261	1.376685
41256	-3990.261	-4251.424	261.1634	2.030835	0.749061	0.250939	1.326055
41262	-3981.693	-4242.932	261.2387	2.098101	0.611199	0.388801	1.208254
41268	-3996.691	-4257.86	261.1692	2.026385	0.612185	0.387815	1.324913
41274	-3999.704	-4260.939	261.235	1.960645	0.668645	0.331355	1.324913
41280	-4004.556	-4265.801	261.2449	1.933204	0.748022	0.251978	1.33889
41286	-3990.555	-4251.852	261.297	1.881172	0.769668	0.230332	1.33889
41292	-3983.897	-4245.123	261.2266	1.951586	0.638042	0.361958	1.33889
41298	-3989.823	-4251.018	261.1953	1.925442	0.656857	0.343143	1.384262
41304	-3989.663	-4250.711	261.048	1.899765	0.762328	0.237672	1.516313
41310	-3988.421	-4249.484	261.0624	1.911717	0.724011	0.275989	1.496595
41316	-4000.061	-4261.313	261.2523	1.971186	0.724011	0.275989	1.302427
41322	-3993.283	-4254.555	261.2715	1.971186	0.610345	0.389655	1.286799
41328	-3975.668	-4236.939	261.2715	1.971186	0.653402	0.346598	1.286799
41334	-3975.702	-4236.86	261.1571	1.971186	0.751765	0.248235	1.378359
41340	-3974.009	-4235.309	261.2995	2.083693	0.723881	0.276119	1.168138
41346	-3979.086	-4240.492	261.4067	2.02712	0.637994	0.362006	1.123263
41352	-3981.133	-4242.573	261.4403	2.061802	0.689136	0.310864	1.060258
41358	-3985.949	-4247.368	261.4195	2.169908	0.705031	0.294969	0.9743975
41364	-3994.016	-4255.302	261.286	2.160489	0.675341	0.324659	1.111822
41370	-3998.403	-4259.592	261.1886	1.959815	0.751783	0.248217	1.36251
41376	-3997.355	-4258.632	261.277	2.042403	0.624175	0.375825	1.222991
41382	-4013.744	-4275.116	261.3721	2.030733	0.704625	0.295375	1.150897
41388	-4013.505	-4274.83	261.3251	2.057445	0.704625	0.295375	1.168765
41394	-4000.124	-4261.167	261.0431	1.937984	0.799438	0.200562	1.491313
41400	-3998.654	-4259.871	261.2165	2.030664	0.682718	0.317282	1.283132
41406	-3991.291	-4252.38	261.0887	1.97997	0.575787	0.424213	1.424719
41412	-3993.226	-4254.403	261.1772	1.97997	0.73568	0.26432	1.3556
41418	-3983.401	-4244.608	261.207	1.988196	0.631152	0.368848	1.325232
41424	-3994.518	-4255.675	261.1565	2.067087	0.675036	0.324964	1.302315
41430	-3994.906	-4256.112	261.2063	2.137273	0.648141	0.351859	1.202452
41436	-3994.345	-4255.529	261.1839	2.159683	0.670607	0.329393	1.202452
41442	-3993.027	-4254.354	261.3272	2.159683	0.666654	0.333346	1.074532
41448	-4001.056	-4262.466	261.4105	2.131157	0.640444	0.359556	1.022221
41454	-3988.892	-4250.271	261.3789	2.162678	0.706321	0.293679	1.022221
41460	-3982.415	-4243.839	261.4233	2.11832	0.736455	0.263545	1.022221
41466	-3986.43	-4247.832	261.4014	2.132992	0.736455	0.263545	1.029232
41472	-3988.948	-4250.149	261.2016	1.97991	0.675263	0.324737	1.336168
41478	-3991.964	-4253.263	261.2992	1.932884	0.688948	0.311052	1.29543
41484	-3986.996	-4247.972	260.9766	1.924311	0.722882	0.277118	1.551078
41490	-3982.612	-4243.732	261.1194	1.855858	0.658414	0.341586	1.495708
41496	-3989.705	-4250.906	261.201	1.934087	0.770347	0.229653	1.372975
41502	-3984.197	-4245.325	261.128	1.945505	0.659213	0.340787	1.420961
41508	-3972.271	-4233.409	261.1386	1.96908	0.711664	0.288336	1.39446
41514	-3972.3	-4233.443	261.1434	2.004603	0.711664	0.288336	1.362835
41520	-3979.834	-4241.043	261.209	1.992725	0.71816	0.28184	1.319986
41526	-3990.614	-4251.853	261.2395	2.025519	0.717802	0.282198	1.268425
41532	-3994.679	-4255.957	261.2777	1.904508	0.722241	0.277759	1.335662
41538	-3993.065	-4254.219	261.1545	1.938006	0.721133	0.278867	1.406235
41544	-3984.408	-4245.601	261.1927	1.899806	0.672789	0.327211	1.406235
41550	-3995.179	-4256.223	261.0439	1.881722	0.681757	0.318243	1.532784
41556	-3994.122	-4255.345	261.2232	1.932807	0.723364	0.276636	1.356499
41562	-3981.989	-4242.902	260.9132	1.879237	0.651045	0.348955	1.630151
41568	-3982.658	-4243.614	260.9558	1.847999	0.651045	0.348955	1.621998
41574	-3979.672	-4240.569	260.8969	1.87055	0.78059	0.21941	1.648112
41580	-3986.369	-4247.325	260.9554	1.825079	0.758055	0.241945	1.638812
41586	-3971.788	-4232.666	260.8775	1.794817	0.615421	0.384579	1.715808
41592	-3980.108	-4241.06	260.9513	1.892881	0.729657	0.270343	1.592639
41598	-3986.396	-4247.463	261.0667	1.907049	0.738063	0.261937	1.496834
41604	-3988.819	-4249.788	260.969	1.770374	0.624106	0.375894	1.668257
41610	-3978.324	-4239.577	261.2536	1.952263	0.725564	0.274436	1.316665
41616	-3987.715	-4249.015	261.3003	1.905556	0.659303	0.340697	1.316665
41622	-3998.255	-4259.481	261.2268	1.908738	0.667187	0.332813	1.372636
41628	-4002.43	-4263.74	261.3103	2.038266	0.630563	0.369437	1.198137
41634	-3982.927	-4244.203	261.2762	2.163187	0.611555	0.388445	1.118196
41640	-3985.669	-4246.968	261.2996	2.144288	0.773687	0.226313	1.114157
41646	-3984.857	-4246.177	261.3197	2.072833	0.57164	0.42836	1.159998
41652	-3981.087	-4242.336	261.2489	2.007212	0.691016	0.308984	1.275731
41658	-3991.882	-4253.266	261.3839	2.127868	0.710059	0.289941	1.051062
41664	-3990.897	-4252.256	261.3589	2.152865	0.714913	0.285087	1.051062
41670	-3989.423	-4250.763	261.3398	2.149889	0.714913	0.285087	1.071913
41676	-3988.215	-4249.616	261.4006	2.162844	0.774639	0.225361	1.000691
41682	-3991.356	-4252.437	261.0814	1.953282	0.660422	0.339578	1.450772
41688	-4008.864	-4269.936	261.0718	2.011919	0.660422	0.339578	1.413062
41694	-3994.76	-4255.698	260.9389	1.926856	0.77333	0.22667	1.576861
41700	-4005.575	-4266.564	260.9896	1.900858	0.707966	0.292034	1.558731
41706	-3998.035	-4258.979	260.9435	1.88335	0.691661	0.308339	1.605238
41712	-3990.45	-4251.397	260.9474	1.879468	0.733245	0.266755	1.605238
41718	-3997.541	-4258.628	261.0877	2.011598	0.766828	0.233172	1.400991
41724	-4002.793	-4264.171	261.3789	2.0708	0.613064	0.386936	1.108823
41730	-4009.462	-4270.04	260.5778	1.808452	0.639985	0.360015	1.913358
41736	-3986.866	-4247.856	260.9897	1.890234	0.67967	0.32033	1.566489
41742	-3995.748	-4256.893	261.1458	1.900942	0.626905	0.373095	1.441492
41748	-3995.406	-4256.478	261.0723	1.973959	0.705318	0.294682	1.44193
41754	-3986.132	-4247.366	261.2348	1.995975	0.700035	0.299965	1.296503
41760	-3982.27	-4243.504	261.2348	1.995975	0.687573	0.312427	1.296503
41766	-3981.128	-4242.241	261.1131	1.979883	0.726606	0.273394	1.405913
41772	-3979.346	-4240.499	261.1529	1.956098	0.611157	0.388843	1.393458
41778	-3987.959	-4249.144	261.1851	1.958401	0.728237	0.271763	1.366387
41784	-3983.617	-4244.757	261.1396	1.962937	0.728237	0.271763	1.398481
41790	-3985.668	-4246.845	261.177	2.063545	0.675329	0.324671	1.28853
41796	-3992.865	-4253.976	261.1114	2.063545	0.616797	0.383203	1.341461
41802	-3981.66	-4242.846	261.1862	1.988707	0.797617	0.202383	1.341461
41808	-3999.41	-4260.577	261.1664	2.008516	0.730995	0.269005	1.341461
41814	-4008.996	-4270.105	261.1094	1.983693	0.66049	0.33951	1.405835
41820	-4005.543	-4266.416	260.8735	1.990974	0.580485	0.419515	1.577853
41826	-4004.377	-4265.029	260.6526	1.841955	0.570319	0.429681	1.839541
41832	-4002.164	-4263.095	260.931	1.835374	0.644618	0.355382	1.648943
41838	-3993.135	-4254.106	260.9713	1.86351	0.656645	0.343355	1.599457
41844	-3990.825	-4251.867	261.0419	1.908455	0.750784	0.249216	1.5144
41850	-3999.004	-4260.134	261.1297	1.982546	0.595101	0.404899	1.390926
41856	-4005.333	-4266.519	261.1858	1.933854	0.595101	0.404899	1.385121
41862	-4000.151	-4261.169	261.0188	1.943754	0.673774	0.326226	1.505271
41868	-4000.814	-4261.72	260.9065	1.894744	0.673774	0.326226	1.623825
41874	-4008.635	-4269.242	260.6071	1.870921	0.587527	0.412473	1.850868
41880	-3995.713	-4256.714	261.0003	1.905314	0.582267	0.417733	1.547577
41886	-3986.33	-4247.367	261.0364	1.869188	0.793167	0.206833	1.547577
41892	-3986.379	-4247.408	261.0287	1.876914	0.769085	0.230915	1.547577
41898	-3990.17	-4251.338	261.1675	1.889078	0.732973	0.267027	1.433948
41904	-3998.135	-4259.24	261.1049	2.033207	0.650382	0.349618	1.370638
41910	-3999.232	-4260.35	261.1177	2.02039	0.642172	0.357828	1.370638
41916	-3989.827	-4251.015	261.188	2.012823	0.605056	0.394944	1.320737
41922	-3989.238	-4250.201	260.9623	2.012823	0.700552	0.299448	1.495852
41928	-4000.214	-4261.359	261.1455	1.927409	0.703387	0.296613	1.421413
41934	-3997.365	-4258.376	261.011	1.911651	0.586801	0.413199	1.534973
41940	-3993.803	-4254.873	261.0707	1.983996	0.649375	0.350625	1.435436
41946	-4021.494	-4282.513	261.0188	1.970944	0.722557	0.277443	1.484813
41952	-3999.234	-4260.515	261.2813	2.148467	0.715053	0.284947	1.12687
41958	-4000.257	-4261.644	261.3877	2.200146	0.715053	0.284947	0.9759793
41964	-4000.48	-4261.902	261.422	2.171078	0.69706	0.30294	0.9706113
41970	-4004.823	-4266.224	261.4004	2.002308	0.641474	0.358526	1.15099
41976	-4011.723	-4272.941	261.2183	1.973007	0.676791	0.323209	1.328404
41982	-3997.065	-4258.262	261.1969	1.973007	0.676791	0.323209	1.345456
41988	-3990.739	-4252.006	261.267	1.994364	0.679239	0.320761	1.2714
41994	-3994.648	-4255.847	261.1995	1.969044	0.665498	0.334502	1.346518
42000	-3991.904	-4253.172	261.2676	1.977575	0.655641	0.344359	1.284732
42006	-4000.314	-4261.446	261.1316	1.947805	0.694521	0.305479	1.416376
42012	-4000.617	-4261.808	261.1909	1.903105	0.694521	0.305479	1.40507
42018	-3990.336	-4251.602	261.266	1.878979	0.666552	0.333448	1.365217
42024	-3989.441	-4250.488	261.0468	1.893114	0.574087	0.425913	1.522148
42030	-3981.097	-4242.086	260.9894	1.867478	0.698536	0.301464	1.58336
42036	-3997.759	-4258.736	260.9765	1.863316	0.751441	0.248559	1.595846
42042	-3991.711	-4252.946	261.2349	1.981777	0.711232	0.288768	1.307905
42048	-3997.38	-4258.488	261.1079	1.97685	0.695947	0.304053	1.412268
42054	-4011.498	-4272.639	261.1408	1.986632	0.638483	0.361517	1.378979
42060	-4004.291	-4265.52	261.229	1.990403	0.645298	0.354702	1.305683
42066	-3993.991	-4255.227	261.2354	1.986264	0.640582	0.359418	1.303856
42072	-4009.842	-4270.77	260.9286	1.777088	0.681509	0.318491	1.692209
42078	-3995.217	-4256.448	261.2307	1.957155	0.666606	0.333394	1.331094
42084	-3995.973	-4257.229	261.2564	1.931546	0.63021	0.36979	1.331094
42090	-3997.086	-4257.924	260.8382	1.796017	0.730316	0.269684	1.742633
42096	-4003.821	-4264.917	261.0959	1.885308	0.599371	0.400629	1.491273
42102	-3991.937	-4253.011	261.0735	1.907639	0.643575	0.356425	1.491273
42108	-4009.693	-4270.715	261.0223	1.979694	0.657344	0.342656	1.475575
42114	-3986.046	-4246.851	260.8045	1.830291	0.578961	0.421039	1.742235
42120	-3988.908	-4249.91	261.0017	1.901954	0.751482	0.248518	1.54904
42126	-3993.905	-4254.842	260.9372	1.991527	0.661991	0.338009	1.530447
42132	-3986.503	-4247.605	261.1024	1.911447	0.689598	0.310402	1.466574
42138	-3993.443	-4254.57	261.1264	1.885479	0.605266	0.394734	1.468071
42144	-3982.587	-4243.86	261.2731	1.934608	0.66454	0.33546	1.315201
42150	-3991.573	-4252.815	261.2425	2.160486	0.752416	0.247584	1.150753
42156	-3984.093	-4245.406	261.3126	2.090437	0.702932	0.297068	1.150753
42162	-3973.039	-4234.441	261.4025	2.087328	0.702932	0.297068	1.071843
42168	-3968.591	-4229.884	261.2923	2.096991	0.702932	0.297068	1.162849
42174	-3979.285	-4240.551	261.2655	2.096991	0.758173	0.241827	1.186187
42180	-3985.663	-4246.881	261.2182	1.909769	0.747084	0.252916	1.378575
42186	-3980.425	-4241.565	261.1402	1.957576	0.654441	0.345559	1.402142
42192	-3990.473	-4251.572	261.0987	2.130032	0.688798	0.311202	1.298171
42198	-3982.592	-4243.799	261.2066	1.95759	0.727829	0.272171	1.350013
42204	-3984.073	-4245.062	260.9885	1.875334	0.710046	0.289954	1.578339
42210	-3975.164	-4236.501	261.3374	2.054462	0.75226	0.24774	1.160585
42216	-3987.525	-4248.789	261.2638	2.04312	0.744279	0.255721	1.233492
42222	-3985.07	-4246.405	261.3348	1.972118	0.744279	0.255721	1.233492
42228	-4003.286	-4264.441	261.1551	1.975288	0.667195	0.332805	1.376727
42234	-3985.089	-4246.237	261.1481	2.047723	0.573549	0.426451	1.324726
42240	-3988.048	-4249.28	261.2317	2.040714	0.738987	0.261013	1.26233
42246	-3988.673	-4249.83	261.1574	2.040694	0.713313	0.286687	1.322956
42252	-3983.198	-4244.351	261.1528	2.028512	0.642707	0.357293	1.336332
42258	-3984.315	-4245.604	261.2893	2.028512	0.642707	0.357293	1.224346
42264	-3977.118	-4238.407	261.2896	2.165519	0.593335	0.406665	1.103959
42270	-3970.352	-4231.655	261.3035	2.149728	0.632681	0.367319	1.105671
42276	-3989.424	-4250.824	261.4004	2.171568	0.616314	0.383686	0.9920601
42282	-3988.345	-4249.711	261.366	2.272387	0.718723	0.281277	0.9224846
42288	-3982.625	-4243.977	261.3514	2.294323	0.718723	0.281277	0.914528
42294	-3971.735	-4233.113	261.3773	2.221807	0.643852	0.356148	0.9643406
42300	-3973.712	-4235.057	261.3451	2.242841	0.696322	0.303678	0.9758503
42306	-3980.294	-4241.662	261.3688	2.23236	0.655001	0.344999	0.9621819
42312	-3991.399	-4252.774	261.3752	2.178652	0.683567	0.316433	1.010234
42318	-3983.719	-4245.066	261.3472	2.082597	0.599179	0.400821	1.12689
42324	-3983.8	-4245.12	261.3204	2.105144	0.730695	0.269305	1.13068
42330	-3987.078	-4248.349	261.2718	2.011271	0.730695	0.269305	1.253432
42336	-3999.96	-4261.215	261.2551	1.938981	0.602057	0.397943	1.326177
42342	-3989.54	-4250.834	261.2942	2.048384	0.679515	0.320485	1.203308
42348	-3986.807	-4248.224	261.4169	2.087868	0.700314	0.299686	1.057693
42354	-3988.444	-4249.754	261.3106	2.158159	0.727805	0.272195	1.091371
42360	-3990.598	-4252.005	261.407	2.205429	0.694983	0.305017	0.9503714
42366	-3994.063	-4255.448	261.3851	2.32001	0.645108	0.354892	0.8456948
42372	-3988.931	-4250.312	261.3807	2.323546	0.618281	0.381719	0.84678
42378	-3986.658	-4248.017	261.3592	2.396712	0.650589	0.349411	0.7796066
42384	-4008.71	-4270.017	261.307	2.549988	0.611945	0.388055	0.5883272
42390	-3997.383	-4258.706	261.3229	2.241398	0.745707	0.254293	0.9997718
42396	-4006.935	-4268.276	261.3413	2.178551	0.647888	0.352112	1.043345
42402	-3985.992	-4247.263	261.2713	1.962528	0.656531	0.343469	1.294017
42408	-3995.051	-4256.097	261.046	1.910347	0.656531	0.343469	1.509872
42414	-4000.624	-4261.747	261.1234	2.029018	0.75557	0.24443	1.359293
42420	-3990.273	-4251.499	261.2262	2.029018	0.685382	0.314618	1.276513
42426	-3979.502	-4240.747	261.2451	2.100665	0.596953	0.403047	1.200534
42432	-3978.67	-4240.07	261.3997	2.093807	0.785148	0.214852	1.06834
42438	-3977.183	-4238.536	261.3534	2.166666	0.804042	0.195958	1.043153
42444	-3979.117	-4240.48	261.3627	2.22765	0.804042	0.195958	0.9733761
42450	-3987.87	-4249.205	261.3352	2.211186	0.662008	0.337992	1.017567
42456	-3979.313	-4240.688	261.3748	2.123051	0.715185	0.284815	1.064262
42462	-3979.123	-4240.362	261.2397	2.147258	0.715185	0.284815	1.16484
42468	-3991.928	-4253.219	261.2902	2.006155	0.709835	0.290165	1.242358
42474	-3988.836	-4250.04	261.204	2.10744	0.598511	0.401489	1.229725
42480	-3973.471	-4234.756	261.2854	2.026063	0.734813	0.265187	1.229725
42486	-3984.076	-4245.34	261.2634	2.088616	0.557677	0.442323	1.195207
42492	-3994.247	-4255.495	261.2482	2.052241	0.735298	0.264702	1.238967
42498	-3976.759	-4237.936	261.177	2.02458	0.622275	0.377725	1.320138
42504	-3988.169	-4249.349	261.1794	2.018233	0.730374	0.269626	1.323326
42510	-3979.827	-4241.116	261.2885	2.005421	0.730374	0.269626	1.244435
42516	-3981.735	-4242.968	261.2334	1.961855	0.730374	0.269626	1.325201
42522	-3980.674	-4241.747	261.0735	1.873078	0.574809	0.425191	1.517156
42528	-3968.927	-4229.944	261.0169	1.933692	0.705191	0.294809	1.514188
42534	-3981.592	-4242.65	261.0575	2.009935	0.664455	0.335545	1.425639
42540	-3988.433	-4249.499	261.0661	2.001339	0.674412	0.325588	1.425639
42546	-3994.853	-4256.011	261.1585	1.963004	0.63708	0.36292	1.383672
42552	-3991.044	-4252.243	261.1993	1.922194	0.65715	0.34285	1.383672
42558	-3987.174	-4248.327	261.1532	1.92494	0.652702	0.347298	1.417359
42564	-3986.068	-4247.48	261.4116	2.183107	0.676813	0.323187	0.9689005
42570	-3993.213	-4254.515	261.3027	2.183107	0.662008	0.337992	1.075519
42576	-3991.885	-4253.27	261.385	2.102074	0.722904	0.277096	1.074407
42582	-3968.718	-4230.141	261.4235	2.125661	0.700149	0.299851	1.014853
42588	-3982.318	-4243.743	261.4249	2.050916	0.602853	0.397147	1.0849
42594	-3970.101	-4231.54	261.4385	2.037296	0.714776	0.285224	1.0849
42600	-3977.648	-4238.956	261.3079	2.053882	0.784538	0.215462	1.18679
42606	-3992.332	-4253.55	261.2183	2.107599	0.660257	0.339743	1.217502
42612	-3986.228	-4247.511	261.2825	2.043386	0.630282	0.369718	1.217502
42618	-3981.867	-4243.234	261.3674	2.098669	0.751752	0.248248	1.093865
42624	-3991.745	-4252.875	261.1299	2.010213	0.695806	0.304194	1.369056
42630	-3992.919	-4254.076	261.1578	2.016174	0.726971	0.273029	1.342229
42636	-3992.077	-4253.169	261.0912	1.988635	0.726971	0.273029	1.416056
42642	-3999.36	-4260.54	261.1797	1.937616	0.609454	0.390546	1.38696
42648	-3981.849	-4243.038	261.189	1.956487	0.701206	0.298794	1.364825
42654	-3985.445	-4246.466	261.0204	1.886706	0.654772	0.345228	1.546479
42660	-3992.077	-4253.222	261.1452	1.998384	0.74549	0.25451	1.366317
42666	-3992.124	-4253.39	261.2656	1.979448	0.757989	0.242011	1.284807
42672	-3981.1	-4242.451	261.3511	2.092126	0.626244	0.373756	1.114744
42678	-3982.479	-4243.761	261.2817	2.036095	0.693112	0.306888	1.224317
42684	-3981.9	-4243.243	261.343	2.074604	0.681093	0.318907	1.137772
42690	-3992.355	-4253.761	261.4063	2.036259	0.592488	0.407512	1.115313
42696	-3986.918	-4248.177	261.2593	2.006172	0.50217	0.49783	1.268087
42702	-3977.08	-4238.404	261.3244	2.063526	0.706018	0.293982	1.164041
42708	-3982.365	-4243.674	261.3088	2.063526	0.775	0.225	1.177625
42714	-3986.843	-4248.199	261.3561	1.960196	0.7959	0.2041	1.225621
42720	-3983.359	-4244.6	261.2408	1.956765	0.685638	0.314362	1.323372
42726	-3982.847	-4244.228	261.3809	1.984119	0.672704	0.327296	1.183942
42732	-3992.152	-4253.459	261.3069	1.97392	0.688175	0.311825	1.255296
42738	-3994.678	-4256.072	261.3947	2.035898	0.741211	0.258789	1.126189
42744	-4001.46	-4262.836	261.3764	2.054165	0.765979	0.234021	1.126189
42750	-3997.577	-4258.964	261.3874	2.043172	0.622213	0.377787	1.126189
42756	-3985.836	-4247.093	261.257	2.016958	0.663293	0.336707	1.261041
42762	-3989.615	-4251.022	261.4071	2.168526	0.650182	0.349818	0.9883548
42768	-3975.638	-4237.005	261.3676	2.183745	0.679062	0.320938	1.012635
42774	-3973.454	-4234.808	261.3541	2.211552	0.707303	0.292697	0.9983995
42780	-3978.085	-4239.399	261.3133	2.070596	0.733479	0.266521	1.167555
42786	-3984.24	-4245.628	261.3875	2.044415	0.713038	0.286962	1.124952
42792	-3982.426	-4243.767	261.3414	2.076325	0.713038	0.286962	1.137694
42798	-3987.328	-4248.516	261.1883	2.0388	0.713038	0.286962	1.299444
42804	-4016.594	-4277.899	261.3055	2.034717	0.703557	0.296443	1.205277
42810	-3993.788	-4255.097	261.3096	2.060258	0.721543	0.278457	1.179769
42816	-3988.892	-4250.168	261.2766	2.034329	0.719039	0.280961	1.23018
42822	-3988.706	-4250.001	261.2956	2.001714	0.668906	0.331094	1.241583
42828	-3982.373	-4243.757	261.3844	2.058037	0.668906	0.331094	1.115465
42834	-3974.22	-4235.65	261.4296	2.162795	0.70675	0.29325	0.9712402
42840	-3972.577	-4233.974	261.3976	2.194859	0.603334	0.396666	0.9712402
42846	-3964.553	-4225.984	261.4305	2.161967	0.67725	0.32275	0.9712402
42852	-3968.946	-4230.303	261.3567	2.279357	0.67725	0.32275	0.9250686
42858	-3986.699	-4247.863	261.1644	2.077926	0.786728	0.213272	1.287074
42864	-3974.75	-4235.902	261.1519	2.032775	0.597955	0.402045	1.333685
42870	-3989.643	-4250.84	261.1963	2.020489	0.654443	0.345557	1.307814
42876	-3999.611	-4260.779	261.1685	2.04827	0.705155	0.294845	1.307814
42882	-3996.482	-4257.771	261.2886	2.137154	0.709915	0.290085	1.130486
42888	-4001.292	-4262.553	261.261	2.164793	0.807679	0.192321	1.130486
42894	-4012.899	-4274.175	261.2763	2.02031	0.730297	0.269703	1.242174
42900	-3997.074	-4258.332	261.2579	2.111135	0.649806	0.350194	1.180492
42906	-3990.671	-4251.939	261.2686	2.090799	0.679602	0.320398	1.188857
42912	-3987.449	-4248.882	261.4327	1.978139	0.688961	0.311039	1.143829
42918	-3997.359	-4258.667	261.308	1.984206	0.707604	0.292396	1.245843
42924	-3999.38	-4260.469	261.0888	1.983724	0.594364	0.405636	1.421698
42930	-4009.027	-4270.163	261.1362	1.936317	0.695956	0.304044	1.421698
42936	-4006.376	-4267.602	261.2261	1.908439	0.66447	0.33553	1.373432
42942	-3995.913	-4257.058	261.1449	1.997871	0.722057	0.277943	1.366937
42948	-3978.227	-4239.619	261.3918	2.036573	0.663025	0.336975	1.128103
42954	-3987.698	-4249.097	261.3988	2.081164	0.663025	0.336975	1.081055
42960	-3993.925	-4255.158	261.2333	2.089013	0.676154	0.323846	1.220507
42966	-3989.398	-4250.739	261.341	2.019002	0.683185	0.316815	1.188335
42972	-3974.646	-4236.068	261.4225	2.116074	0.681274	0.318726	1.025183
42978	-3978.686	-4240.079	261.3927	2.077026	0.640018	0.359982	1.090534
42984	-3989.151	-4250.524	261.3728	2.09693	0.754017	0.245983	1.090534
42990	-3990.201	-4251.438	261.2368	2.09693	0.602669	0.397331	1.210821
42996	-3986.192	-4247.466	261.2738	2.052169	0.657304	0.342696	1.2174
43002	-3980.17	-4241.44	261.2701	2.07298	0.625534	0.374466	1.202853
43008	-3975.598	-4236.867	261.2684	2.059462	0.616833	0.383167	1.215795
43014	-3973.944	-4235.19	261.2464	2.103774	0.782855	0.217145	1.196734
43020	-3975.759	-4237.063	261.3039	2.076409	0.705449	0.294551	1.170675
43026	-3989.936	-4251.24	261.3042	2.115624	0.734745	0.265255	1.135801
43032	-3979.078	-4240.243	261.1651	2.130027	0.79822	0.20178	1.243431
43038	-3987.782	-4249.06	261.2783	2.033322	0.615877	0.384123	1.229584
43044	-3990.645	-4251.936	261.2903	2.072033	0.636379	0.363621	1.186278
43050	-3996.528	-4257.905	261.3774	2.174049	0.639569	0.360431	1.01258
43056	-3985.939	-4247.289	261.3505	2.130554	0.750964	0.249036	1.079994
43062	-3975.467	-4236.75	261.2825	2.029803	0.750964	0.249036	1.228964
43068	-3977.894	-4239.179	261.2852	2.160637	0.795695	0.204305	1.112384
43074	-3975.792	-4237.125	261.3324	2.206872	0.703196	0.296804	1.024498
43080	-3972.523	-4233.889	261.3659	2.242551	0.703196	0.296804	0.9545522
43086	-3976.711	-4238.116	261.405	2.146204	0.671252	0.328748	1.01276
43092	-3995.025	-4256.368	261.3425	2.140889	0.715067	0.284933	1.077814
43098	-4000.033	-4261.454	261.4214	2.155547	0.689759	0.310241	0.9870394
43104	-3983.677	-4245.147	261.4697	2.270924	0.645498	0.354502	0.8003938
43110	-3996.021	-4257.473	261.4516	2.21822	0.661614	0.338386	0.8874273
43116	-3999.879	-4261.237	261.3585	2.37653	0.661614	0.338386	0.807834
43122	-3992.011	-4253.405	261.3939	2.260495	0.658632	0.341368	0.9049092
43128	-3990.297	-4251.637	261.3402	2.26591	0.629519	0.370481	0.9570481
43134	-3994.995	-4256.35	261.3547	2.232474	0.753484	0.246516	0.9766101
43140	-3991.142	-4252.578	261.4359	2.172081	0.758676	0.241324	0.9550399
43146	-3987.636	-4249.016	261.3801	2.227858	0.610239	0.389761	0.9550399
43152	-3980.781	-4242.19	261.4086	2.189633	0.672253	0.327747	0.9652358
43158	-3990.754	-4252.155	261.4007	2.267181	0.668033	0.331967	0.8895766
43164	-3993.857	-4255.211	261.3535	2.298408	0.794318	0.205682	0.9076348
43170	-3993.113	-4254.437	261.3235	2.267001	0.60902	0.39098	0.9732593
43176	-3998.451	-4259.828	261.3776	2.267001	0.604682	0.395318	0.9157061
43182	-3990.449	-4251.719	261.2693	2.313182	0.745153	0.254847	0.9814696
43188	-3970.138	-4231.538	261.4006	2.290789	0.632665	0.367335	0.8622745
43194	-3980.403	-4241.798	261.3951	2.296209	0.687637	0.312363	0.8622745
43200	-3985.903	-4247.282	261.3787	2.296209	0.687637	0.312363	0.8815119
43206	-3999.016	-4260.365	261.3497	2.305139	0.800152	0.199848	0.9043484
43212	-3978.381	-4239.761	261.3804	2.201359	0.651653	0.348347	0.9821488
43218	-3978.08	-4239.451	261.3714	2.270266	0.651653	0.348347	0.9189042
43224	-4003.333	-4264.686	261.3528	2.232298	0.796332	0.203668	0.9787732
43230	-3992.055	-4253.476	261.421	2.257681	0.757732	0.242268	0.8771666
43236	-3993.363	-4254.797	261.434	2.313098	0.620967	0.379033	0.7917768
43242	-3999.608	-4261.022	261.414	2.3562	0.740211	0.259789	0.7592589
43248	-3991.807	-4253.188	261.3807	2.402567	0.68325	0.31675	0.7396165
43254	-3998.916	-4260.362	261.4459	2.302661	0.68325	0.31675	0.7897723
43260	-4004.654	-4266.148	261.4942	2.24339	0.660629	0.339371	0.8044692
43266	-3988.556	-4249.955	261.3985	2.308996	0.725396	0.274604	0.8428063
43272	-3996.73	-4258.079	261.3493	2.329465	0.725396	0.274604	0.8770347
43278	-3985.848	-4247.239	261.391	2.25579	0.655317	0.344683	0.9132751
43284	-3991.359	-4252.807	261.4484	2.25579	0.738423	0.261577	0.8467796
43290	-3999.154	-4260.498	261.3449	2.241746	0.684191	0.315809	0.9772264
43296	-3995.609	-4257.001	261.3921	2.339667	0.684191	0.315809	0.8120585
