Iteration	Posterior	Likelihood	Prior	rate_log_sd	root_freqs[1]	root_freqs[2]	tree_length
0	-3977.435	-4238.731	261.2969	2.125942	0.641318	0.358682	1.133147
6	-3992.124	-4253.503	261.3793	2.104189	0.676395	0.323605	1.077739
12	-3986.913	-4248.312	261.399	2.104189	0.698063	0.301937	1.059198
18	-3989.226	-4250.523	261.2973	2.10114	0.67369	0.32631	1.154811
24	-3999.529	-4260.729	261.2005	2.014308	0.582978	0.417022	1.309429
30	-3988.445	-4249.681	261.236	2.118564	0.801039	0.198961	1.193004
36	-3982.399	-4243.697	261.2972	2.031274	0.697442	0.302558	1.215318
42	-4010.751	-4272.085	261.3342	1.996876	0.747044	0.252956	1.21313
48	-4005.329	-4266.624	261.2949	2.058514	0.664472	0.335528	1.194001
54	-3988.707	-4250.09	261.3828	1.971931	0.645401	0.354599	1.192885
60	-3995.719	-4256.84	261.1212	2.01424	0.749545	0.250455	1.372756
66	-3992.317	-4253.54	261.2226	2.006903	0.708662	0.291338	1.29751
72	-4004.632	-4265.964	261.3328	2.087551	0.764837	0.235163	1.13533
78	-4001.864	-4263.254	261.3903	2.100141	0.718132	0.281868	1.0712
84	-3994.552	-4255.949	261.397	2.179289	0.722779	0.277221	0.987705
90	-3992.306	-4253.688	261.3817	2.19458	0.725537	0.274463	0.987705
96	-3995.622	-4256.97	261.3483	2.118026	0.7273	0.2727	1.093595
102	-3997.061	-4258.405	261.344	2.088352	0.737388	0.262612	1.12459
108	-3997.378	-4258.622	261.2448	2.157504	0.737388	0.262612	1.151401
114	-3995.392	-4256.696	261.3039	2.234089	0.607568	0.392432	1.025753
120	-3995.676	-4257.033	261.3567	2.178799	0.68609	0.31391	1.028191
126	-3998.748	-4260.14	261.3927	2.169634	0.642234	0.357766	1.00176
132	-4017.238	-4277.76	260.5221	1.756176	0.855261	0.144739	1.985957
138	-4016.141	-4276.595	260.4542	1.754541	0.564396	0.435604	2.032223
144	-3998.312	-4259.66	261.3476	2.084314	0.681879	0.318121	1.124969
150	-3989.264	-4250.593	261.3297	2.084314	0.608771	0.391229	1.140996
156	-3977.058	-4238.358	261.2992	2.007524	0.644326	0.355674	1.233711
162	-3992.392	-4253.749	261.3566	2.242714	0.743947	0.256053	0.9640713
168	-3985.436	-4246.814	261.3789	2.189419	0.778475	0.221525	0.9958118
174	-3978.297	-4239.657	261.3594	2.074272	0.632202	0.367798	1.123367
180	-3976.72	-4238.034	261.3143	2.117438	0.609818	0.390182	1.125081
186	-3986.456	-4247.944	261.4885	2.196454	0.581441	0.418559	0.8698183
192	-4013.904	-4275.086	261.1815	1.958937	0.663392	0.336608	1.368829
198	-4004.795	-4266.024	261.2294	1.993731	0.717627	0.282373	1.302677
204	-4002.636	-4264.002	261.3663	2.02158	0.624681	0.375319	1.16406
210	-3980.832	-4242.17	261.3378	2.084057	0.576282	0.423718	1.134023
216	-3980.853	-4242.271	261.4177	2.146301	0.572723	0.427277	1.000114
222	-3982.272	-4243.624	261.3516	2.191858	0.767546	0.232454	1.020439
228	-3987.006	-4248.367	261.3609	2.182587	0.767546	0.232454	1.020439
234	-3986.255	-4247.54	261.2854	2.182587	0.684653	0.315347	1.092118
240	-3978.322	-4239.626	261.3042	2.163801	0.602761	0.397239	1.092118
246	-3991.917	-4253.267	261.3501	2.190645	0.735658	0.264342	1.023075
252	-3981.956	-4243.307	261.3501	2.190645	0.67211	0.32789	1.023083
258	-3981.569	-4242.919	261.3501	2.190645	0.759514	0.240486	1.023083
264	-3984.8	-4246.117	261.3169	2.224863	0.669747	0.330253	1.022039
270	-3975.367	-4236.796	261.4293	2.174284	0.625196	0.374804	0.9596698
276	-3977.574	-4238.891	261.3172	2.153222	0.652725	0.347275	1.089815
282	-3985.464	-4246.866	261.4023	2.164032	0.725036	0.274964	0.9978036
288	-3982.676	-4244.003	261.3273	2.112919	0.714472	0.285528	1.11744
294	-3978.911	-4240.132	261.221	2.134295	0.713506	0.286494	1.192398
300	-3982.755	-4244.134	261.379	2.144668	0.737024	0.262976	1.039702
306	-3995.263	-4256.689	261.4255	2.127882	0.774487	0.225513	1.010693
312	-3998.079	-4259.091	261.0126	1.914936	0.725435	0.274565	1.531349
318	-4003.548	-4264.427	260.8788	1.899646	0.645703	0.354297	1.640269
324	-3984.345	-4245.319	260.9739	1.935529	0.711878	0.288122	1.5448
330	-3997.404	-4258.373	260.9694	1.916848	0.723422	0.276578	1.561895
336	-4004.285	-4265.389	261.1045	1.915705	0.718455	0.281545	1.461737
342	-4006.656	-4268.02	261.3639	2.079096	0.646367	0.353633	1.114952
348	-3997.355	-4258.821	261.4659	2.062368	0.586033	0.413967	1.035206
354	-3985.422	-4246.774	261.3517	2.046991	0.715903	0.284097	1.154587
360	-3985.437	-4246.74	261.3029	2.115029	0.715903	0.284097	1.137536
366	-3985.065	-4246.328	261.263	1.964198	0.679714	0.320286	1.299365
372	-3987.42	-4248.614	261.1938	1.963902	0.663413	0.336587	1.355162
378	-3989.895	-4251.13	261.2352	1.890997	0.686334	0.313666	1.380001
384	-4001.688	-4263.013	261.3257	1.911631	0.55221	0.44779	1.291132
390	-3995.929	-4257.042	261.1135	1.941168	0.578977	0.421023	1.435452
396	-3997.325	-4258.585	261.2604	1.883707	0.607343	0.392657	1.365887
402	-4004.975	-4266.07	261.0956	2.000879	0.589685	0.410315	1.403151
408	-3996.941	-4257.993	261.0518	2.070939	0.601032	0.398968	1.382692
414	-3994.224	-4255.303	261.0797	1.984462	0.66459	0.33541	1.428148
420	-3993.149	-4254.394	261.2442	1.99372	0.62565	0.37435	1.290694
426	-3993.573	-4254.906	261.3338	2.015605	0.62565	0.37435	1.197453
432	-3986.965	-4248.27	261.3047	2.210424	0.637866	0.362134	1.047825
438	-3983.464	-4244.821	261.3567	2.016042	0.731457	0.268543	1.177292
444	-3985.734	-4246.979	261.2447	1.9945	0.713865	0.286135	1.289609
450	-3996.686	-4257.899	261.2122	2.027036	0.685303	0.314697	1.289609
456	-4000.504	-4261.859	261.3546	2.032656	0.56661	0.43339	1.164653
462	-3985.751	-4246.65	260.8987	1.848368	0.56661	0.43339	1.662722
468	-3987.2	-4248.241	261.0412	1.815807	0.664895	0.335105	1.583265
474	-3991.406	-4252.337	260.9308	1.773384	0.679065	0.320935	1.693319
480	-3984.614	-4245.666	261.0521	1.820691	0.706991	0.293009	1.571721
486	-3984.792	-4245.766	260.9746	1.841445	0.743963	0.256037	1.613074
492	-3988.504	-4249.451	260.947	1.841445	0.709336	0.290664	1.633019
498	-3993.122	-4253.969	260.8461	1.880787	0.723737	0.276263	1.677159
504	-3986.702	-4247.925	261.2223	2.029967	0.667642	0.332358	1.278946
510	-3982.377	-4243.512	261.1354	2.003508	0.680623	0.319377	1.36998
516	-3987.651	-4249.021	261.3707	2.094426	0.719465	0.280535	1.094746
522	-3984.344	-4245.662	261.318	2.158429	0.622351	0.377649	1.084315
528	-3988.288	-4249.662	261.3743	2.165171	0.732202	0.267798	1.024314
534	-3990.399	-4251.77	261.3708	2.204457	0.714733	0.285267	0.9887734
540	-3993.18	-4254.518	261.3381	2.258912	0.648016	0.351984	0.9665444
546	-3998.236	-4259.554	261.3178	2.297427	0.689019	0.310981	0.9474723
552	-3988.15	-4249.562	261.4115	2.361369	0.73355	0.26645	0.755288
558	-3996.916	-4258.322	261.4062	2.350141	0.619579	0.380421	0.7789779
564	-4004.079	-4265.467	261.3886	2.365544	0.524985	0.475015	0.7820978
570	-4002.102	-4263.235	261.1327	1.984303	0.612307	0.387693	1.387177
576	-3989.888	-4251.114	261.2266	1.903617	0.671138	0.328862	1.376852
582	-3993.205	-4254.538	261.3335	2.399853	0.668139	0.331861	0.8100638
588	-3992.991	-4254.42	261.4289	2.332644	0.63581	0.36419	0.7716684
594	-3992.636	-4253.967	261.3315	2.291983	0.612742	0.387258	0.9386327
600	-3995.77	-4257.12	261.3508	2.264571	0.709723	0.290277	0.9472673
606	-4010.509	-4271.818	261.3087	2.247316	0.666855	0.333145	1.008012
612	-4004.069	-4265.491	261.4227	2.283571	0.728626	0.271374	0.8442969
618	-3992.511	-4253.88	261.3695	2.253922	0.689859	0.310141	0.9387293
624	-3988.577	-4249.986	261.4088	2.190808	0.66158	0.33842	0.9637968
630	-3986.162	-4247.558	261.3958	2.112622	0.683473	0.316527	1.054201
636	-4015.74	-4277.102	261.3618	2.140297	0.755048	0.244952	1.060208
642	-4015.648	-4276.797	261.1489	1.98963	0.675335	0.324665	1.370264
648	-4018.714	-4279.842	261.1279	1.917344	0.675335	0.324665	1.442697
654	-3996.435	-4257.337	260.9028	1.929045	0.723964	0.276036	1.601653
660	-3992.231	-4253.138	260.907	1.802702	0.645251	0.354749	1.689382
666	-3981.538	-4242.514	260.9756	1.872455	0.645251	0.354749	1.58986
672	-3991.488	-4252.614	261.1264	1.925589	0.743518	0.256482	1.437525
678	-4003.763	-4264.819	261.0555	1.872114	0.656839	0.343161	1.531302
684	-3993.251	-4254.316	261.0648	1.944231	0.630178	0.369822	1.470271
690	-4001.109	-4262.432	261.3226	1.846004	0.630178	0.369822	1.346478
696	-4003.492	-4264.694	261.2013	1.948418	0.704819	0.295181	1.361429
702	-4000.531	-4261.699	261.1681	1.981655	0.67402	0.32598	1.361429
708	-3991.859	-4253.002	261.1434	1.941724	0.692366	0.307634	1.411969
714	-3990.442	-4251.518	261.0764	1.886524	0.707212	0.292788	1.504958
720	-4006.577	-4267.653	261.0764	1.886524	0.687671	0.312329	1.504958
726	-3983.963	-4245.105	261.1421	2.021066	0.647335	0.352665	1.350807
732	-3995.485	-4256.623	261.1371	2.026048	0.7277	0.2723	1.350807
738	-3983.067	-4244.407	261.3404	2.073466	0.582155	0.417845	1.141121
744	-3990.564	-4251.861	261.2964	2.117504	0.773522	0.226478	1.141121
750	-3985.952	-4247.386	261.4344	2.058974	0.72558	0.27442	1.068455
756	-3987.385	-4248.815	261.4305	2.126272	0.668207	0.331793	1.007283
762	-3996.903	-4258.305	261.4027	2.154106	0.619611	0.380389	1.007283
768	-4001.982	-4263.356	261.3743	2.09299	0.755599	0.244401	1.092782
774	-3988.012	-4249.371	261.3593	2.100977	0.726085	0.273915	1.099171
780	-3987.358	-4248.811	261.4525	2.100977	0.725947	0.274053	1.010589
786	-3970.443	-4231.735	261.2922	2.121209	0.751091	0.248909	1.141502
792	-3979.794	-4241.156	261.3619	2.121209	0.751091	0.248909	1.078104
798	-3978.154	-4239.344	261.1899	2.210739	0.631651	0.368349	1.15285
804	-3987.318	-4248.547	261.2286	2.001013	0.635693	0.364307	1.297465
810	-3984.97	-4246.174	261.2036	2.080274	0.706132	0.293868	1.252774
816	-3986.773	-4248.08	261.3068	2.031362	0.718598	0.281402	1.207029
822	-3982.565	-4243.825	261.2595	2.074043	0.718598	0.281402	1.21101
828	-3989.239	-4250.569	261.3301	2.001254	0.718598	0.281402	1.212856
834	-3987.743	-4248.988	261.2451	1.939526	0.629363	0.370637	1.333691
840	-3991.683	-4252.974	261.2911	1.975864	0.665583	0.334417	1.26681
846	-3979.984	-4241.304	261.3202	1.94673	0.697388	0.302612	1.26681
852	-3988.62	-4249.967	261.3467	2.010875	0.693803	0.306197	1.190435
858	-4002.347	-4263.476	261.1297	2.017338	0.613609	0.386391	1.36361
864	-3993.2	-4254.462	261.2619	1.97788	0.67585	0.32415	1.289183
870	-3994.83	-4256.058	261.2279	1.960806	0.665031	0.334969	1.330463
876	-4010.194	-4271.485	261.2912	1.960806	0.703316	0.296684	1.279101
882	-3991.956	-4253.048	261.0923	1.893981	0.629916	0.370084	1.487449
888	-3977.226	-4238.171	260.9445	1.765365	0.810137	0.189863	1.689272
894	-3982.77	-4243.579	260.8089	1.755922	0.708682	0.291318	1.790997
900	-4007.687	-4268.257	260.5703	1.793725	0.751679	0.248321	1.928342
906	-3989.146	-4250.01	260.8642	1.816123	0.67238	0.32762	1.710192
912	-3992.594	-4253.483	260.8892	1.798949	0.63362	0.36638	1.704646
918	-3981.105	-4241.769	260.6636	1.823667	0.738885	0.261115	1.844499
924	-3967.095	-4228.021	260.9251	1.774674	0.624343	0.375657	1.696404
930	-3986.701	-4247.376	260.6749	1.82533	0.626489	0.373511	1.835648
936	-3974.902	-4235.759	260.8566	1.834767	0.776294	0.223706	1.702384
942	-3974.953	-4235.482	260.5288	1.738673	0.72581	0.27419	1.993164
948	-3984.132	-4244.821	260.6897	1.738673	0.671917	0.328083	1.884781
954	-4000.082	-4260.76	260.6778	1.721733	0.595172	0.404828	1.904364
960	-3986.332	-4247.103	260.7716	1.641316	0.703193	0.296807	1.895265
966	-4002.573	-4263.514	260.9416	1.885862	0.723117	0.276883	1.604827
972	-3991.689	-4252.696	261.0065	1.892931	0.747919	0.252081	1.552145
978	-4007.484	-4268.458	260.9744	1.925634	0.704484	0.295516	1.551721
984	-4003.483	-4264.484	261.0001	1.852841	0.691457	0.308543	1.586253
990	-3996.789	-4257.925	261.1356	1.86767	0.664291	0.335709	1.474641
996	-3995.042	-4256.122	261.08	1.871079	0.625383	0.374617	1.513818
1002	-3989.84	-4250.841	261.0012	1.859704	0.754733	0.245267	1.58044
1008	-3984.147	-4245.13	260.9837	1.867408	0.827165	0.172835	1.58764
1014	-3991.539	-4252.52	260.981	1.870061	0.715766	0.284234	1.58764
1020	-3984.416	-4245.28	260.8646	1.831926	0.665367	0.334633	1.698754
1026	-3996.486	-4257.287	260.8016	1.940508	0.63536	0.36464	1.666272
1032	-4005.284	-4266.643	261.3589	2.157613	0.669567	0.330433	1.046565
1038	-3988.779	-4250.194	261.4154	2.101065	0.602187	0.397813	1.046565
1044	-3979.154	-4240.469	261.3145	2.140157	0.574318	0.425682	1.1043
1050	-4001.567	-4262.339	260.7722	1.771351	0.626521	0.373479	1.805754
1056	-4004.608	-4265.163	260.5553	1.832517	0.755612	0.244388	1.91227
1062	-3993.972	-4255.134	261.1615	2.15591	0.730214	0.269786	1.224661
1068	-3982.74	-4243.937	261.1973	2.15591	0.696541	0.303459	1.194199
1074	-3980.049	-4241.334	261.2849	2.123946	0.791815	0.208185	1.145556
1080	-3999.068	-4260.418	261.3506	2.036933	0.674151	0.325849	1.164366
1086	-4008.766	-4270.059	261.2928	2.03538	0.579363	0.420637	1.215529
1092	-3985.703	-4246.607	260.9035	1.845618	0.69714	0.30286	1.661312
1098	-3993.176	-4254.19	261.0135	1.886883	0.767226	0.232774	1.551438
1104	-3995.532	-4256.467	260.9348	1.916059	0.647774	0.352226	1.587773
1110	-3978.848	-4239.825	260.9773	1.916059	0.709311	0.290689	1.55659
1116	-3982.055	-4242.939	260.8832	1.835709	0.623279	0.376721	1.682823
1122	-3989.703	-4250.83	261.1267	1.952622	0.601195	0.398805	1.416442
1128	-3991.781	-4252.908	261.1267	1.952622	0.679694	0.320306	1.416442
1134	-3981.865	-4242.979	261.1137	1.96562	0.699948	0.300052	1.416442
1140	-3989.483	-4250.732	261.2491	1.976092	0.646592	0.353408	1.300991
1146	-3982.542	-4243.725	261.1834	1.978388	0.699581	0.300419	1.351923
1152	-3991.053	-4252.219	261.1662	1.899808	0.804994	0.195006	1.426734
1158	-3984.166	-4245.306	261.1399	1.968846	0.743839	0.256161	1.393642
1164	-4000.046	-4261.289	261.2433	1.98791	0.716381	0.283619	1.296092
1170	-3992.228	-4253.554	261.3256	2.053074	0.672064	0.327936	1.172106
1176	-3997.415	-4258.54	261.125	2.136465	0.667142	0.332858	1.271381
1182	-3994.241	-4255.505	261.2636	2.069002	0.656648	0.343352	1.211833
1188	-3988.752	-4249.795	261.0432	2.094728	0.656648	0.343352	1.370792
1194	-3995.302	-4256.602	261.3002	2.096641	0.66388	0.33612	1.156158
1200	-3991.911	-4253.211	261.3002	2.096641	0.598168	0.401832	1.156158
1206	-4000.985	-4262.255	261.2692	2.175286	0.626294	0.373706	1.113593
1212	-3994.862	-4255.893	261.0308	1.935163	0.650852	0.349148	1.502673
1218	-3985.2	-4246.283	261.0823	1.97815	0.664688	0.335312	1.431027
1224	-3970.065	-4231.214	261.1482	1.964915	0.715224	0.284776	1.390191
1230	-3987.888	-4248.809	260.9217	1.863553	0.730233	0.269767	1.63534
1236	-3997.892	-4258.763	260.8706	1.91463	0.710729	0.289271	1.63534
1242	-3993.043	-4254.019	260.976	1.89551	0.661797	0.338203	1.572694
1248	-3982.026	-4242.622	260.5965	1.755188	0.742321	0.257679	1.936674
1254	-3989.547	-4250.216	260.6685	1.771495	0.692266	0.307734	1.876825
1260	-3988.305	-4249.448	261.1439	1.919267	0.640723	0.359277	1.428945
1266	-4005.186	-4266.511	261.3246	1.879147	0.76368	0.23632	1.318355
1272	-3988.41	-4249.551	261.141	1.891717	0.677787	0.322213	1.452243
1278	-3992.318	-4253.404	261.0867	1.891717	0.644527	0.355473	1.493332
1284	-3985.393	-4246.644	261.2511	1.954719	0.662515	0.337485	1.316728
1290	-3985.6	-4246.921	261.3207	1.961285	0.648542	0.351458	1.254372
1296	-3993.928	-4255.097	261.1696	1.894116	0.615999	0.384001	1.428494
1302	-3995.696	-4257.045	261.3493	2.066774	0.628684	0.371316	1.139126
1308	-3995.387	-4256.739	261.3523	2.201897	0.627734	0.372266	1.009834
1314	-3988.237	-4249.68	261.4424	2.186926	0.704215	0.295785	0.932406
1320	-3997.128	-4258.589	261.461	2.261948	0.755345	0.244655	0.8233874
1326	-4004.851	-4266.202	261.3515	2.347053	0.565074	0.434926	0.8536259
1332	-3989.66	-4251.065	261.4044	2.294141	0.739694	0.260306	0.8536259
1338	-3987.547	-4248.885	261.3377	2.147945	0.699939	0.300061	1.075681
1344	-4004.737	-4266.167	261.4305	2.042494	0.753345	0.246655	1.08747
1350	-3996.758	-4258.047	261.2889	2.051228	0.625891	0.374109	1.205338
1356	-3996.177	-4257.559	261.3825	2.082302	0.764268	0.235732	1.09505
1362	-3996.43	-4257.758	261.328	2.064363	0.680132	0.319868	1.160158
1368	-3992.536	-4253.89	261.354	2.038313	0.680132	0.319868	1.160158
1374	-4005.891	-4266.567	260.6757	1.764339	0.635239	0.364761	1.876815
1380	-4015.968	-4277.322	261.3541	2.069459	0.654478	0.345522	1.132465
1386	-3994.451	-4255.717	261.266	2.170825	0.727049	0.272951	1.120513
1392	-3980.628	-4241.857	261.2289	2.122156	0.659257	0.340743	1.195986
1398	-3982.522	-4243.855	261.3333	2.122156	0.772031	0.227969	1.103567
1404	-3996.163	-4257.397	261.2341	2.224626	0.772031	0.227969	1.100646
1410	-3989.34	-4250.574	261.2341	2.224626	0.770644	0.229356	1.100646
1416	-3983.035	-4244.453	261.4172	2.32148	0.770644	0.229356	0.8030547
1422	-3976.178	-4237.574	261.3958	2.333255	0.659996	0.340004	0.8155431
1428	-3983.397	-4244.787	261.3905	2.263959	0.776898	0.223102	0.9048379
1434	-3995.519	-4256.852	261.3331	2.203806	0.693129	0.306871	1.026803
1440	-3991.433	-4252.809	261.3756	2.134611	0.668444	0.331556	1.052556
1446	-3973.979	-4235.354	261.3756	2.134611	0.66419	0.33581	1.052556
1452	-3976.326	-4237.715	261.3896	2.128699	0.579657	0.420343	1.0448
1458	-3969.415	-4230.762	261.3471	2.103481	0.723746	0.276254	1.108045
1464	-3977.443	-4238.767	261.3244	2.118901	0.715029	0.284971	1.114701
1470	-3974.557	-4236.032	261.4748	2.212755	0.706743	0.293257	0.8668154
1476	-3985.377	-4246.797	261.4194	2.212755	0.659926	0.340074	0.9293352
1482	-4001.165	-4262.304	261.1389	1.983337	0.691025	0.308975	1.383068
1488	-3999.753	-4260.881	261.1284	1.905059	0.635619	0.364381	1.451692
1494	-3990.892	-4251.96	261.0673	2.046084	0.749372	0.250628	1.390036
1500	-4012.127	-4273.57	261.4427	2.268732	0.689451	0.310549	0.8379012
1506	-4000.718	-4262.189	261.4716	2.225947	0.741186	0.258814	0.8548388
1512	-3987.899	-4249.269	261.3703	2.225947	0.770838	0.229162	0.9673285
1518	-3982.357	-4243.801	261.4434	2.257286	0.749098	0.250902	0.8510237
1524	-3982.928	-4244.406	261.4776	2.240829	0.659593	0.340407	0.8291173
1530	-3978.95	-4240.295	261.3455	2.205029	0.674588	0.325412	1.01348
1536	-3982.919	-4244.149	261.2296	2.137079	0.674588	0.325412	1.182557
1542	-3985.397	-4246.77	261.3735	2.253622	0.696969	0.303031	0.9347459
1548	-3977.514	-4238.793	261.279	2.309856	0.701191	0.298809	0.9749283
1554	-3974.608	-4235.959	261.351	2.215419	0.653639	0.346361	0.9976288
1560	-3976.847	-4238.183	261.336	2.230441	0.766522	0.233478	0.9976288
1566	-3981.347	-4242.48	261.1337	2.148345	0.675135	0.324865	1.254294
1572	-3981.57	-4242.856	261.2867	2.148345	0.649572	0.350428	1.122178
1578	-3986.703	-4248.054	261.3509	2.22924	0.69752	0.30248	0.9838117
1584	-4000.829	-4262.137	261.3083	2.129583	0.678095	0.321905	1.119612
1590	-3981.666	-4242.891	261.2257	2.052898	0.688243	0.311757	1.257155
1596	-3988.469	-4249.642	261.1732	2.028933	0.724865	0.275135	1.319634
1602	-3985.652	-4246.909	261.2573	1.970756	0.651726	0.348274	1.298733
1608	-3989.508	-4250.744	261.2353	2.07168	0.754973	0.245027	1.233465
1614	-3985.939	-4247.182	261.2427	2.043379	0.754973	0.245027	1.250972
1620	-3974.472	-4235.855	261.383	2.135786	0.754973	0.245027	1.044353
1626	-3971.086	-4232.46	261.3739	2.129222	0.673084	0.326916	1.059291
1632	-3987.112	-4248.489	261.3776	2.069408	0.811857	0.188143	1.111294
1638	-4003.373	-4264.797	261.4246	2.131782	0.64798	0.35202	1.007652
1644	-3986.885	-4248.343	261.458	2.156883	0.64798	0.35202	0.9477907
1650	-3991.454	-4252.854	261.4007	2.147851	0.787092	0.212908	1.015393
1656	-3990.604	-4251.943	261.3389	2.151928	0.649069	0.350931	1.070899
1662	-3989.052	-4250.494	261.4426	2.284308	0.63127	0.36873	0.8183818
1668	-3987.794	-4249.263	261.4688	2.307696	0.624772	0.375228	0.7498167
1674	-3985.258	-4246.685	261.4266	2.258423	0.607017	0.392983	0.86972
1680	-3975.538	-4236.925	261.3865	2.298547	0.642603	0.357397	0.86972
1686	-4000.686	-4262.073	261.3873	2.298547	0.666303	0.333697	0.8688092
1692	-3996.472	-4257.735	261.263	2.304088	0.706777	0.293223	0.997032
1698	-3982.616	-4243.976	261.3603	2.191178	0.736816	0.263184	1.012583
1704	-3978.353	-4239.636	261.2824	2.191178	0.598754	0.401246	1.086922
1710	-3989.82	-4250.691	260.8711	1.802333	0.697855	0.302145	1.715067
1716	-3995.194	-4256.079	260.8848	1.8925	0.678345	0.321655	1.641037
1722	-3996.863	-4257.84	260.9767	1.800607	0.707154	0.292846	1.641037
1728	-4008.952	-4269.872	260.9201	1.816971	0.707154	0.292846	1.669891
1734	-4009.77	-4271.118	261.3479	2.056338	0.65539	0.34461	1.149641
1740	-4001.153	-4262.308	261.1551	1.844603	0.707154	0.292846	1.477332
1746	-3987.403	-4248.743	261.3393	1.908306	0.541821	0.458179	1.282718
1752	-3981.638	-4242.953	261.3154	1.910791	0.664744	0.335256	1.300189
1758	-3994.923	-4256.154	261.2305	1.995759	0.703718	0.296282	1.300189
1764	-3991.654	-4253.018	261.3636	2.03268	0.703718	0.296282	1.156725
1770	-3995.22	-4256.65	261.4297	2.146388	0.724444	0.275556	0.9879426
1776	-3990.86	-4252.286	261.4262	2.149899	0.711815	0.288185	0.9879426
1782	-3987.639	-4249.04	261.4009	2.175414	0.671523	0.328477	0.9876527
1788	-3992.315	-4253.716	261.4009	2.135814	0.671523	0.328477	1.027005
1794	-3988.714	-4249.993	261.279	2.129695	0.681953	0.318047	1.145722
1800	-3999.037	-4260.427	261.3897	2.111732	0.641102	0.358898	1.060836
1806	-3997.773	-4259.093	261.3191	2.111732	0.608329	0.391671	1.125948
1812	-4003.28	-4264.679	261.3992	2.03166	0.608329	0.391671	1.125948
1818	-3989.498	-4250.869	261.3707	2.03166	0.627826	0.372174	1.151314
1824	-3999.947	-4261.127	261.1802	2.199473	0.667571	0.332429	1.171283
1830	-4002.048	-4263.229	261.1802	2.199473	0.578382	0.421618	1.171283
1836	-3984.945	-4246.223	261.2785	2.09187	0.578382	0.421618	1.179336
1842	-3998.499	-4259.847	261.3473	2.130304	0.777253	0.222747	1.083206
1848	-3984.871	-4246.097	261.2255	2.130304	0.674211	0.325789	1.191912
1854	-3974.29	-4235.594	261.3038	2.011994	0.643651	0.356349	1.226012
1860	-3991.077	-4252.311	261.2337	2.082123	0.764248	0.235752	1.226012
1866	-3983.809	-4245.025	261.2165	2.046101	0.647966	0.352034	1.270457
1872	-3992.718	-4253.89	261.172	1.969837	0.647966	0.352034	1.36768
1878	-3983.218	-4244.426	261.2079	2.052165	0.592234	0.407766	1.272498
1884	-3996.311	-4257.52	261.2097	2.063703	0.706787	0.293213	1.26146
1890	-3989.301	-4250.633	261.3326	2.096781	0.74601	0.25399	1.127207
1896	-3981.024	-4242.378	261.3546	2.078911	0.708675	0.291325	1.123569
1902	-4002.091	-4263.498	261.4066	2.301024	0.716253	0.283747	0.8425804
1908	-3992.296	-4253.71	261.4141	2.29355	0.6757	0.3243	0.8425804
1914	-3984.084	-4245.513	261.4292	2.236307	0.690125	0.309875	0.892311
1920	-3982.115	-4243.531	261.4159	2.214583	0.651287	0.348713	0.9311158
1926	-3989.376	-4250.795	261.4191	2.255977	0.76611	0.23389	0.8813402
1932	-3995.605	-4257.028	261.4229	2.201035	0.742772	0.257228	0.9381393
1938	-3982.552	-4243.854	261.302	2.263619	0.617458	0.382542	0.9984395
1944	-3987.011	-4248.322	261.3109	2.17587	0.735585	0.264415	1.074638
1950	-3980.597	-4241.871	261.274	2.077687	0.637666	0.362334	1.195477
1956	-3984.01	-4245.317	261.3071	2.087566	0.600593	0.399407	1.1581
1962	-3983.832	-4245.171	261.3394	2.087566	0.701015	0.298985	1.129449
1968	-3989.036	-4250.371	261.3352	2.100969	0.795079	0.204921	1.121106
1974	-4012.507	-4273.803	261.2959	2.140258	0.687593	0.312407	1.121106
1980	-3997.161	-4258.531	261.3698	2.144831	0.646357	0.353643	1.048366
1986	-3988.425	-4249.797	261.3721	2.142475	0.749757	0.250243	1.048366
1992	-3996.169	-4257.552	261.3828	2.208269	0.735618	0.264382	0.9726591
1998	-3984.55	-4245.92	261.3701	2.155251	0.718959	0.281041	1.038027
2004	-3981.064	-4242.473	261.4095	2.123577	0.712715	0.287285	1.030586
2010	-3979.704	-4241.054	261.3491	2.151975	0.742097	0.257903	1.061242
2016	-3978.292	-4239.609	261.3176	2.151975	0.6874	0.3126	1.0906
2022	-3971.439	-4232.777	261.3382	2.098893	0.679506	0.320494	1.120269
2028	-3977.234	-4238.586	261.3519	2.23758	0.75269	0.24731	0.97425
2034	-3983.886	-4245.245	261.3584	2.225604	0.732919	0.267081	0.9798311
2040	-3979.798	-4241.168	261.3696	2.195475	0.713688	0.286312	0.9989838
2046	-4002.007	-4263.265	261.2573	2.260551	0.723723	0.276277	1.04524
2052	-3986.617	-4247.808	261.1909	2.664386	0.693537	0.306463	0.5936841
2058	-4005.395	-4266.678	261.2828	2.569296	0.632486	0.367514	0.6035909
2064	-3977.225	-4238.524	261.2991	2.20946	0.663546	0.336454	1.054069
2070	-3983.462	-4244.739	261.2768	2.569855	0.706527	0.293473	0.6184763
2076	-3981.4	-4242.689	261.2889	2.569855	0.673256	0.326744	0.5821541
2082	-3987.058	-4248.333	261.2751	2.579327	0.685431	0.314569	0.596566
2088	-3982.135	-4243.391	261.2559	2.591926	0.636393	0.363607	0.6153114
2094	-3998.393	-4259.668	261.2754	2.591926	0.656573	0.343427	0.5435142
2100	-3987.683	-4248.956	261.273	2.594352	0.705595	0.294405	0.5435142
2106	-3981.458	-4242.719	261.2602	2.594352	0.654837	0.345163	0.5961802
2112	-3987.228	-4248.602	261.3736	2.269804	0.697163	0.302837	0.9170511
2118	-3992.984	-4254.383	261.3989	2.244524	0.697163	0.302837	0.9170511
2124	-3991.208	-4252.495	261.2865	2.554908	0.568803	0.431197	0.6316737
2130	-3983.375	-4244.603	261.228	2.176044	0.651758	0.348242	1.149841
2136	-3986.811	-4248.074	261.2634	2.140672	0.697186	0.302814	1.149841
2142	-3982.19	-4243.519	261.3289	2.117315	0.664437	0.335563	1.112066
2148	-3985.91	-4247.16	261.2496	2.127313	0.610106	0.389894	1.173611
2154	-3985.044	-4246.464	261.4198	2.143884	0.611168	0.388832	1.00043
2160	-3973.045	-4234.391	261.346	2.153499	0.690508	0.309492	1.062693
2166	-3988.818	-4250.194	261.3765	2.188832	0.690508	0.309492	0.9987878
2172	-3978.015	-4239.362	261.3468	2.233386	0.690508	0.309492	0.9838145
2178	-3975.553	-4236.844	261.2909	2.132432	0.690508	0.309492	1.132684
2184	-3967.501	-4228.88	261.3788	2.098658	0.766223	0.233777	1.083359
2190	-3988.148	-4249.481	261.3332	2.144286	0.749508	0.250492	1.083359
2196	-3999.462	-4260.643	261.1813	2.123322	0.69586	0.30414	1.235454
2202	-4004.497	-4265.779	261.2829	2.171933	0.697795	0.302205	1.104201
2208	-3991.086	-4252.511	261.4243	2.136884	0.697795	0.302205	1.002945
2214	-3989.058	-4250.424	261.3655	2.164302	0.723442	0.276558	1.033765
2220	-3988.572	-4249.914	261.3421	2.164302	0.703415	0.296585	1.056157
2226	-3993.749	-4255.194	261.445	2.238384	0.762683	0.237317	0.8716686
2232	-3985.867	-4247.27	261.4032	2.212656	0.716943	0.283057	0.9467668
2238	-3982.7	-4244.171	261.4707	2.096636	0.636944	0.363056	0.9967121
2244	-3992.324	-4253.69	261.3657	2.001964	0.69924	0.30076	1.181701
2250	-3998.439	-4259.698	261.2588	2.001964	0.680904	0.319096	1.271917
2256	-4000.175	-4261.374	261.1997	2.01157	0.671265	0.328735	1.312266
2262	-3982.828	-4244.11	261.2821	2.001991	0.723931	0.276069	1.252578
2268	-3992.468	-4253.886	261.4184	2.095467	0.684226	0.315774	1.049093
2274	-4002.322	-4263.705	261.3826	2.147449	0.725008	0.274992	1.033454
2280	-3995.846	-4257.233	261.387	2.255174	0.684614	0.315386	0.918388
2286	-4000.727	-4262.187	261.4604	2.255174	0.69361	0.30639	0.8327535
2292	-4005.24	-4265.564	260.3242	1.630114	0.66154	0.33846	2.198872
2298	-4002.661	-4263.018	260.3566	1.651043	0.658481	0.341519	2.164246
2304	-3998.689	-4259.38	260.6908	1.766808	0.647318	0.352682	1.864849
2310	-3999.127	-4259.598	260.4708	1.674295	0.647318	0.352682	2.074286
2316	-3980.198	-4240.998	260.7993	1.723427	0.647318	0.352682	1.820132
2322	-3985.373	-4245.958	260.5841	1.735792	0.704271	0.295729	1.958084
2328	-3992.144	-4252.706	260.5621	1.645126	0.724396	0.275604	2.033269
2334	-3984.849	-4245.397	260.5478	1.65939	0.761045	0.238955	2.033269
2340	-3988.31	-4249.035	260.7246	1.713404	0.733589	0.266411	1.87822
2346	-3987.679	-4248.759	261.0801	1.82582	0.689513	0.310487	1.547388
2352	-3997.72	-4258.724	261.0037	1.859232	0.668126	0.331874	1.578951
2358	-3984.542	-4245.395	260.8525	1.78765	0.689024	0.310976	1.738484
2364	-3977.922	-4238.863	260.9418	1.783343	0.655008	0.344992	1.678422
2370	-3990.679	-4251.636	260.9571	1.802524	0.699169	0.300831	1.653766
2376	-3985.454	-4246.622	261.1686	1.911412	0.715426	0.284574	1.415957
2382	-3994.541	-4255.704	261.1632	2.019608	0.714974	0.285026	1.335151
2388	-3994.412	-4255.711	261.2987	2.101172	0.680796	0.319204	1.153474
2394	-3980.535	-4241.87	261.3357	2.064246	0.749426	0.250574	1.153474
2400	-3975.79	-4237.233	261.4428	2.174228	0.70922	0.29078	0.9454949
2406	-3987.034	-4248.386	261.3515	2.233123	0.733905	0.266095	0.9792786
2412	-3984.069	-4245.505	261.4352	2.177164	0.64937	0.35063	0.9505047
2418	-3974.686	-4236.057	261.3707	2.244395	0.771638	0.228362	0.9475592
2424	-3974.989	-4236.323	261.334	2.300574	0.728268	0.271732	0.9266504
2430	-3986.428	-4247.791	261.3633	2.294405	0.775047	0.224953	0.9010961
2436	-3984.865	-4246.296	261.4313	2.270468	0.729261	0.270739	0.8497169
2442	-3974.114	-4235.495	261.3815	2.222347	0.675259	0.324741	0.9593623
2448	-3980.609	-4242.007	261.3982	2.355128	0.675259	0.324741	0.7831684
2454	-3981.318	-4242.738	261.4199	2.333473	0.821106	0.178894	0.7831684
2460	-3984.203	-4245.592	261.3894	2.333473	0.75434	0.24566	0.8235548
2466	-3983.136	-4244.527	261.391	2.343575	0.651617	0.348383	0.8083596
2472	-3978.571	-4239.979	261.4074	2.344328	0.750245	0.249755	0.7854616
2478	-3978.263	-4239.583	261.32	2.225978	0.617063	0.382937	1.017903
2484	-3985.818	-4247.26	261.4416	2.140419	0.78292	0.21708	0.9819017
2490	-3994.492	-4255.779	261.2878	2.079519	0.630539	0.369461	1.181999
2496	-3981.305	-4242.609	261.3045	2.079519	0.630539	0.369461	1.167447
2502	-3985.853	-4247.163	261.31	2.077197	0.666565	0.333435	1.164661
2508	-3993.096	-4254.418	261.3221	2.066964	0.795889	0.204111	1.163061
2514	-3990.363	-4251.347	260.9833	1.988966	0.729818	0.270182	1.498003
2520	-3997.04	-4258.079	261.0392	1.933064	0.744227	0.255773	1.498003
2526	-3994	-4255.039	261.0392	1.933064	0.615392	0.384608	1.498003
2532	-3987.415	-4248.614	261.1984	1.906395	0.735199	0.264801	1.396743
2538	-3990.546	-4251.838	261.2918	2.057437	0.673875	0.326125	1.197542
2544	-3998.362	-4259.725	261.3626	2.023509	0.782206	0.217794	1.165638
2550	-3988.277	-4249.565	261.288	2.132493	0.678886	0.321114	1.135195
2556	-3991.336	-4252.721	261.3845	2.102638	0.740377	0.259623	1.074276
2562	-4011.813	-4272.491	260.6779	1.770327	0.753447	0.246553	1.871214
2568	-4002.978	-4263.654	260.6758	1.757717	0.673361	0.326639	1.881227
2574	-4005.478	-4266.181	260.7031	1.696674	0.733736	0.266264	1.904184
2580	-3999.755	-4260.482	260.7268	1.789958	0.740505	0.259495	1.824234
2586	-3987.542	-4248.268	260.7257	1.722285	0.734394	0.265606	1.871376
2592	-4004.323	-4264.649	260.3253	1.680205	0.734394	0.265606	2.165652
2598	-3991.088	-4251.418	260.3299	1.650969	0.701726	0.298274	2.181678
2604	-3987.393	-4247.611	260.2171	1.763708	0.701726	0.298274	2.181678
2610	-3997.578	-4258.917	261.3386	2.184154	0.752993	0.247007	1.040519
2616	-4008.307	-4269.679	261.3719	2.045005	0.693829	0.306171	1.138449
2622	-3992.241	-4253.589	261.3473	2.149723	0.707775	0.292225	1.065078
2628	-3983.767	-4245.114	261.3473	2.149723	0.623169	0.376831	1.065078
2634	-3975.348	-4236.628	261.2797	2.149723	0.705265	0.294735	1.127186
2640	-3984.26	-4245.498	261.2379	2.077016	0.608835	0.391165	1.226793
2646	-3982.338	-4243.768	261.4299	2.000823	0.748048	0.251952	1.126038
2652	-4006.99	-4267.831	260.8411	1.697609	0.603751	0.396249	1.809132
2658	-4004.443	-4265.599	261.1558	1.862609	0.656234	0.343766	1.463115
2664	-3983.531	-4244.686	261.1552	2.048911	0.626519	0.373481	1.318087
2670	-3987.51	-4248.764	261.2537	2.03749	0.663152	0.336848	1.246704
2676	-4012.994	-4274.123	261.1292	2.104385	0.690846	0.309154	1.294195
2682	-3991.434	-4252.639	261.2047	1.9693	0.784596	0.215404	1.342215
2688	-3996.714	-4257.951	261.2368	1.937142	0.708984	0.291016	1.342215
2694	-3984.747	-4245.949	261.2024	1.959003	0.625716	0.374284	1.352192
2700	-3988.621	-4249.896	261.2755	1.99729	0.686859	0.313141	1.262007
2706	-3978.301	-4239.626	261.3257	2.041341	0.664411	0.335589	1.182239
2712	-3985.711	-4246.927	261.2166	2.057692	0.664411	0.335589	1.260753
2718	-3979.943	-4241.079	261.1361	1.990736	0.732714	0.267286	1.379502
2724	-3986.326	-4247.582	261.2555	2.081382	0.754007	0.245993	1.208134
2730	-3989.294	-4250.495	261.2014	1.989825	0.61643	0.38357	1.328455
2736	-3983.438	-4244.617	261.1797	2.043202	0.781289	0.218711	1.302864
2742	-3977.639	-4238.893	261.2543	1.991703	0.714801	0.285199	1.284043
2748	-3981.801	-4243.006	261.2051	2.074227	0.790454	0.209546	1.256609
2754	-3976.705	-4238.094	261.3896	2.117402	0.662379	0.337621	1.055632
2760	-3968.643	-4229.947	261.3044	1.922235	0.608278	0.391722	1.299873
2766	-3985.082	-4246.203	261.121	1.922235	0.676345	0.323655	1.44424
2772	-3985.16	-4246.296	261.1365	1.921867	0.685134	0.314866	1.432617
2778	-3985.473	-4246.424	260.9513	1.966452	0.73538	0.26462	1.538602
2784	-4009.333	-4270.318	260.9848	1.991651	0.659076	0.340924	1.49479
2790	-4000.627	-4262.078	261.4516	2.097414	0.708326	0.291674	1.014933
2796	-3993.302	-4254.711	261.4084	2.168955	0.758086	0.241914	0.9866042
2802	-3985.794	-4247.24	261.4466	2.156435	0.678674	0.321326	0.9602592
2808	-3990.688	-4252.028	261.3399	2.124153	0.633144	0.366856	1.095771
2814	-3987.283	-4248.442	261.1593	2.008368	0.633144	0.366856	1.347236
2820	-3986.668	-4247.756	261.0873	1.95383	0.745878	0.254122	1.445835
2826	-3990.783	-4251.794	261.0118	1.842144	0.670733	0.329267	1.585566
2832	-3995.692	-4256.787	261.0958	1.790564	0.711359	0.288641	1.561797
2838	-3996.059	-4257.141	261.0826	1.803724	0.640575	0.359425	1.561797
2844	-3989.232	-4250.21	260.977	1.803724	0.665215	0.334785	1.638572
2850	-3995.229	-4256.274	261.0458	1.794463	0.578872	0.421128	1.595536
2856	-3986.212	-4247.192	260.9791	1.730819	0.618551	0.381449	1.6892
2862	-3984.803	-4245.729	260.9253	1.7846	0.720305	0.279695	1.6892
2868	-3990.517	-4251.374	260.8568	1.7856	0.629235	0.370765	1.736859
2874	-3984.208	-4245.074	260.8665	1.824174	0.554926	0.445074	1.702885
2880	-3991.231	-4252.117	260.8864	1.804262	0.735597	0.264403	1.702885
2886	-3999.923	-4260.85	260.9269	1.832532	0.761582	0.238418	1.653879
2892	-3995.631	-4256.28	260.6488	1.694962	0.757545	0.242455	1.941997
2898	-3992.647	-4253.465	260.8183	1.7526	0.64142	0.35858	1.786798
2904	-3986.476	-4247.295	260.8185	1.751407	0.723286	0.276714	1.787518
2910	-3997.764	-4258.856	261.0921	1.833716	0.596113	0.403887	1.532649
2916	-4006.58	-4267.63	261.0509	1.899398	0.747601	0.252399	1.514435
2922	-4004.271	-4265.14	260.8694	1.808209	0.759987	0.240013	1.712073
2928	-3991.178	-4252.036	260.8582	1.785563	0.743746	0.256254	1.735962
2934	-3982.778	-4243.803	261.025	1.821135	0.696675	0.303325	1.591237
2940	-3987.096	-4248.266	261.1704	1.997333	0.760595	0.239405	1.347168
2946	-3997.592	-4258.89	261.2984	2.003971	0.765255	0.234745	1.237363
2952	-3977.964	-4239.299	261.3353	2.070902	0.642324	0.357676	1.147914
2958	-3988.297	-4249.567	261.2703	2.043905	0.567192	0.432808	1.227386
2964	-3977.863	-4239.05	261.1877	2.043905	0.679817	0.320183	1.295792
2970	-3973.639	-4235.054	261.4153	2.136515	0.692648	0.307352	1.012169
2976	-3972.673	-4234.079	261.4054	2.114017	0.702865	0.297135	1.043789
2982	-3977.807	-4239.222	261.4149	2.114017	0.652268	0.347732	1.034549
2988	-3969.167	-4230.514	261.3469	2.094642	0.64482	0.35518	1.116253
2994	-3980.345	-4241.698	261.3528	2.171145	0.66869	0.33131	1.039375
3000	-3979.624	-4241.05	261.4263	2.156364	0.66869	0.33131	0.9812275
3006	-3986.11	-4247.466	261.3558	2.16839	0.6883	0.3117	1.039125
3012	-3980.904	-4242.267	261.3637	2.158828	0.682706	0.317294	1.04074
3018	-3978.352	-4239.757	261.4054	2.117113	0.674538	0.325462	1.04074
3024	-3987.932	-4249.319	261.387	2.1355	0.674538	0.325462	1.04074
3030	-3985.644	-4247.019	261.3753	2.1355	0.675636	0.324364	1.052024
3036	-3993.086	-4254.401	261.315	2.17495	0.659607	0.340393	1.071679
3042	-3986.72	-4248.032	261.3119	2.101876	0.642744	0.357256	1.141155
3048	-3983.609	-4244.908	261.2992	2.114649	0.676338	0.323662	1.141155
3054	-3983.306	-4244.658	261.3516	2.166412	0.676338	0.323662	1.045076
3060	-4010.732	-4272.168	261.4362	2.244231	0.738246	0.261754	0.8751693
3066	-3994.177	-4255.578	261.4008	2.297733	0.716955	0.283045	0.8536922
3072	-3991.537	-4252.865	261.3274	2.300262	0.734929	0.265071	0.9341292
3078	-3982.391	-4243.793	261.4017	2.207535	0.55425	0.44575	0.9537794
3084	-3976.107	-4237.568	261.4615	2.147661	0.685285	0.314715	0.9537794
3090	-3985.939	-4247.342	261.4028	2.18975	0.617385	0.382615	0.9710994
3096	-3990.462	-4251.876	261.4138	2.178796	0.675089	0.324911	0.9710994
3102	-3986.99	-4248.338	261.3478	2.180778	0.677825	0.322175	1.034939
3108	-3982.299	-4243.626	261.3271	2.218032	0.677825	0.322175	1.018817
3114	-3979.442	-4240.855	261.4129	2.23699	0.622408	0.377592	0.9098312
3120	-3976.979	-4238.432	261.4529	2.181317	0.645036	0.354964	0.9270604
3126	-3985.595	-4247.007	261.4122	2.168526	0.582235	0.417765	0.9831986
3132	-3981.236	-4242.609	261.373	2.168526	0.746311	0.253689	1.022308
3138	-3996.262	-4257.655	261.393	2.154107	0.735781	0.264219	1.016854
3144	-3996.129	-4257.62	261.4909	2.132019	0.687701	0.312299	0.9392916
3150	-3995.487	-4256.983	261.4962	2.163241	0.788754	0.211246	0.8991931
3156	-3998.618	-4259.981	261.3629	2.184975	0.681298	0.318702	1.016058
3162	-3989.705	-4251.105	261.3996	2.174675	0.681298	0.318702	0.9898046
3168	-4002.964	-4264.494	261.5296	2.196605	0.620487	0.379513	0.8193371
3174	-4016.954	-4278.287	261.3334	2.4739	0.620487	0.379513	0.7001291
3180	-3999.759	-4261.111	261.3515	2.465359	0.620668	0.379332	0.682854
3186	-3996.81	-4258.241	261.4312	2.40708	0.597587	0.402413	0.6389251
3192	-3981.701	-4242.999	261.2981	2.036776	0.715664	0.284336	1.209857
3198	-3980.404	-4241.762	261.358	2.099353	0.742209	0.257791	1.10188
3204	-3976.945	-4238.277	261.3316	2.233984	0.697556	0.302444	0.9985421
3210	-4030.156	-4291.368	261.2128	2.042132	0.695825	0.304175	1.27673
3216	-4017.603	-4278.785	261.1817	1.89103	0.695825	0.304175	1.421588
3222	-4005.493	-4266.824	261.331	2.183819	0.657098	0.342902	1.04811
3228	-3982.452	-4243.871	261.4192	2.236691	0.635741	0.364259	0.9031632
3234	-3993.162	-4254.577	261.4146	2.241265	0.66991	0.33009	0.9031632
3240	-3975.977	-4237.374	261.3965	2.20976	0.704192	0.295808	0.9568526
3246	-3982.653	-4243.989	261.3355	2.263572	0.719911	0.280089	0.9643939
3252	-3984.697	-4246.101	261.4044	2.205367	0.719911	0.280089	0.9531937
3258	-3990.24	-4251.623	261.3833	2.222815	0.666394	0.333606	0.957027
3264	-3974.959	-4236.2	261.2404	2.145413	0.666394	0.333606	1.165898
3270	-3976.447	-4237.773	261.3266	2.056718	0.703295	0.296705	1.168068
3276	-3982.803	-4244.154	261.3504	2.056718	0.703295	0.296705	1.147152
3282	-4004.396	-4265.679	261.2834	2.119185	0.645087	0.354913	1.151105
3288	-3998.796	-4260.16	261.3644	2.098677	0.670842	0.329158	1.096642
3294	-4001.874	-4263.234	261.3606	2.113687	0.571018	0.428982	1.086306
3300	-3997.863	-4259.035	261.172	1.894476	0.579143	0.420857	1.426399
3306	-4001.61	-4262.559	260.9492	1.899098	0.579143	0.420857	1.589681
3312	-3984.917	-4246.231	261.3147	1.968967	0.7453	0.2547	1.253008
3318	-3991.256	-4252.59	261.3337	2.020283	0.739637	0.260363	1.193523
3324	-3987.256	-4248.59	261.3337	2.020283	0.739637	0.260363	1.193523
3330	-3975.756	-4237.056	261.2999	2.020283	0.696196	0.303804	1.222312
3336	-3975.34	-4236.575	261.2353	2.020283	0.700993	0.299007	1.276194
3342	-3981.462	-4242.638	261.1757	1.977991	0.682213	0.317787	1.358318
3348	-3974.526	-4235.683	261.1573	1.977991	0.682213	0.317787	1.372856
3354	-3987.588	-4248.848	261.2599	1.977991	0.682213	0.317787	1.290673
3360	-3988.394	-4249.712	261.3187	2.069505	0.67472	0.32528	1.163793
3366	-3996.369	-4257.565	261.1969	1.994197	0.682446	0.317554	1.328571
3372	-3994.802	-4256.011	261.2088	1.915248	0.721304	0.278696	1.381688
3378	-4011.139	-4272.074	260.9344	1.831554	0.634445	0.365555	1.649206
3384	-3996.773	-4257.995	261.2221	1.883934	0.729383	0.270617	1.395731
3390	-4004.757	-4266.025	261.2675	2.042261	0.696589	0.303411	1.231159
3396	-3984.514	-4245.85	261.3362	1.951952	0.660482	0.339518	1.249194
3402	-3980.085	-4241.305	261.2198	1.912119	0.713041	0.286959	1.37548
3408	-3981.614	-4242.72	261.106	1.834806	0.633896	0.366104	1.521498
3414	-3973.912	-4234.979	261.0669	1.868341	0.633896	0.366104	1.525625
3420	-3991.077	-4252.503	261.4261	2.100733	0.753774	0.246226	1.036603
3426	-3984.366	-4245.744	261.378	2.148813	0.688921	0.311079	1.036603
3432	-3997.223	-4258.528	261.3057	2.116172	0.679276	0.320724	1.13397
3438	-4004.951	-4266.257	261.3062	2.100641	0.679276	0.320724	1.147364
3444	-3992.269	-4253.058	260.7894	1.807802	0.727909	0.272091	1.76853
3450	-3989.093	-4250.117	261.024	1.811347	0.706838	0.293162	1.599111
3456	-3998.947	-4260.01	261.0625	1.829122	0.706838	0.293162	1.557909
3462	-3988.711	-4249.697	260.9865	1.90514	0.745453	0.254547	1.557909
3468	-3995.611	-4256.566	260.9548	1.936834	0.690236	0.309764	1.557909
3474	-4018.141	-4279.017	260.8759	1.864692	0.615461	0.384539	1.667393
3480	-3992.209	-4253.067	260.8579	1.882638	0.771581	0.228419	1.667393
3486	-3994.192	-4254.975	260.7824	1.95813	0.638398	0.361602	1.667393
3492	-4007.131	-4267.592	260.461	1.67403	0.690737	0.309263	2.080935
3498	-3999.353	-4259.815	260.4614	1.67403	0.690737	0.309263	2.080644
3504	-4000.882	-4261.616	260.7338	1.825665	0.724821	0.275179	1.794761
3510	-3990.94	-4251.862	260.922	1.746916	0.700744	0.299256	1.718225
3516	-3989.056	-4250.241	261.185	1.902576	0.684106	0.315894	1.410084
3522	-3992.234	-4253.592	261.3578	2.022638	0.743136	0.256864	1.170563
3528	-3987.065	-4248.374	261.3093	2.071176	0.732123	0.267877	1.170563
3534	-4000.239	-4261.74	261.5005	2.071176	0.685163	0.314837	0.9923468
3540	-4007.538	-4269.009	261.4705	2.098395	0.638126	0.361874	0.9951718
3546	-3997.564	-4259.03	261.4655	2.107276	0.639106	0.360894	0.9912271
3552	-3990.766	-4252.142	261.3759	2.003088	0.631366	0.368634	1.17186
3558	-3990.994	-4252.46	261.4658	2.08566	0.715456	0.284544	1.012568
3564	-4000.434	-4261.854	261.4199	2.164551	0.740825	0.259175	0.9793743
3570	-4002.54	-4263.962	261.4221	2.223331	0.679005	0.320995	0.9148199
3576	-3986.645	-4248.086	261.4414	2.223331	0.712393	0.287607	0.8932221
3582	-3988.129	-4249.597	261.4678	2.23891	0.684006	0.315994	0.8437545
3588	-3985.888	-4247.305	261.4169	2.261321	0.650137	0.349863	0.877779
3594	-3978.22	-4239.654	261.4348	2.261321	0.702197	0.297803	0.8565382
3600	-3972.835	-4234.25	261.4143	2.265649	0.641973	0.358027	0.8756999
3606	-3974.415	-4235.788	261.3735	2.305328	0.748979	0.251021	0.8770176
3612	-3973.913	-4235.22	261.3072	2.305495	0.72383	0.27617	0.9501564
3618	-3987.202	-4248.537	261.3352	2.259012	0.648054	0.351946	0.9694416
3624	-3978.56	-4240.011	261.4511	2.165259	0.689043	0.310957	0.9462312
3630	-3991.965	-4253.436	261.4711	2.267999	0.70374	0.29626	0.8024347
3636	-4005.028	-4266.417	261.3892	2.328031	0.70374	0.29626	0.8306894
3642	-3996.002	-4257.415	261.4133	2.302197	0.685895	0.314105	0.8328909
3648	-3992.661	-4254.074	261.4127	2.302725	0.590497	0.409503	0.8328909
3654	-3984.741	-4246.22	261.4789	2.202087	0.606299	0.393701	0.8744643
3660	-3988.92	-4250.316	261.3965	2.230413	0.606299	0.393701	0.9349279
3666	-3996.211	-4257.662	261.4514	2.176203	0.606299	0.393701	0.9342638
3672	-3979.267	-4240.68	261.413	2.184105	0.716529	0.283471	0.9663647
3678	-3984.15	-4245.532	261.3819	2.168192	0.648417	0.351583	1.013907
3684	-3981.044	-4242.436	261.3926	2.227597	0.720914	0.279086	0.9421667
3690	-3988.546	-4249.967	261.4206	2.157191	0.65086	0.34914	0.9861807
3696	-3992.377	-4253.829	261.4523	2.175598	0.626234	0.373766	0.933895
3702	-3992.763	-4254.194	261.4314	2.196478	0.778788	0.221212	0.933895
3708	-3996.135	-4257.491	261.3554	2.272487	0.711755	0.288245	0.933895
3714	-4003.56	-4264.952	261.3918	2.340507	0.65077	0.34923	0.8113906
3720	-3994.602	-4255.972	261.3697	2.457052	0.729686	0.270314	0.6636809
3726	-3988.501	-4249.84	261.3392	2.462055	0.696655	0.303345	0.7104992
3732	-4000.91	-4262.339	261.4287	2.229335	0.639989	0.360011	0.9007463
3738	-3996.988	-4258.391	261.4037	2.274284	0.725759	0.274241	0.878046
3744	-3988.703	-4250.08	261.3771	2.300877	0.71619	0.28381	0.878046
3750	-4000.884	-4262.276	261.3918	2.261517	0.760728	0.239272	0.9060126
3756	-3997.977	-4259.443	261.4666	2.186789	0.762425	0.237575	0.9060126
3762	-3996.088	-4257.524	261.4362	2.14626	0.780975	0.219025	0.9814461
3768	-3991.618	-4253.072	261.4537	2.183276	0.709156	0.290844	0.9240777
3774	-3988.474	-4249.928	261.4537	2.183276	0.690515	0.309485	0.9240777
3780	-4004.133	-4265.569	261.4359	2.183276	0.709948	0.290052	0.9432031
3786	-3992.524	-4253.942	261.4182	2.062115	0.668528	0.331472	1.080693
3792	-3984.681	-4245.743	261.0624	2.012926	0.70903	0.29097	1.419548
3798	-3989.358	-4250.618	261.2598	2.053549	0.661305	0.338695	1.228099
3804	-3992.293	-4253.453	261.1591	2.103152	0.661305	0.338695	1.270682
3810	-4003.759	-4265.222	261.4633	2.224294	0.613863	0.386137	0.8667755
3816	-3988.029	-4249.428	261.3988	2.237774	0.712526	0.287474	0.9244874
3822	-3988.911	-4250.322	261.4107	2.164642	0.696196	0.303804	0.9886426
3828	-3981.244	-4242.709	261.4649	2.296489	0.773662	0.226338	0.7719291
3834	-3988.13	-4249.524	261.394	2.137858	0.742922	0.257078	1.031718
3840	-3988.599	-4249.942	261.3435	2.188411	0.731196	0.268804	1.031718
3846	-3977.974	-4239.337	261.3636	2.168319	0.602431	0.397569	1.031718
3852	-3981.398	-4242.753	261.3555	2.183205	0.683447	0.316553	1.025111
3858	-3987.713	-4249.119	261.4059	2.129466	0.752877	0.247123	1.028306
3864	-3983.365	-4244.692	261.3266	2.173211	0.625246	0.374754	1.062452
3870	-3983.052	-4244.335	261.2824	2.181375	0.625246	0.374754	1.09597
3876	-3982.373	-4243.589	261.2162	2.159126	0.625246	0.374754	1.175011
3882	-3971.308	-4232.514	261.2062	2.121919	0.728958	0.271042	1.215593
3888	-4000.325	-4261.492	261.167	2.162576	0.718984	0.281016	1.214356
3894	-3996.893	-4258.206	261.3134	2.162576	0.706252	0.293748	1.084701
3900	-3995.312	-4256.545	261.2334	2.242577	0.670471	0.329529	1.084701
3906	-3995.834	-4257.013	261.179	2.183363	0.64689	0.35311	1.186291
3912	-3996.829	-4257.927	261.0987	1.907091	0.712101	0.287899	1.472667
3918	-3998.988	-4259.924	260.9363	1.825873	0.693507	0.306493	1.651956
3924	-3995.475	-4256.856	261.3814	2.145607	0.599624	0.400376	1.036413
3930	-4002.887	-4264.266	261.3787	2.145607	0.647743	0.352257	1.039056
3936	-4005.207	-4266.586	261.3782	2.145607	0.545397	0.454603	1.039544
3942	-3999.529	-4260.15	260.6213	1.676291	0.708724	0.291276	1.973027
3948	-3987.911	-4248.541	260.6296	1.791112	0.704564	0.295436	1.889939
3954	-3989.648	-4249.92	260.2713	1.606833	0.654585	0.345415	2.248014
3960	-4009.63	-4269.544	259.914	1.667528	0.614498	0.385502	2.43655
3966	-3992.741	-4252.635	259.894	1.622342	0.568972	0.431028	2.47748
3972	-4001.705	-4261.642	259.9368	1.5996	0.703972	0.296028	2.464947
3978	-3993.935	-4253.767	259.833	1.562664	0.703972	0.296028	2.552828
3984	-3991.45	-4251.508	260.0574	1.65625	0.729317	0.270683	2.353084
3990	-3996.646	-4257.156	260.5107	1.653	0.643314	0.356686	2.062066
3996	-4011.32	-4271.516	260.1954	1.598043	0.622496	0.377504	2.302265
4002	-4005.686	-4266.581	260.8947	1.770735	0.731432	0.268568	1.720716
4008	-3986.082	-4247.125	261.0432	1.899645	0.663156	0.336844	1.519932
4014	-3993.366	-4254.553	261.1871	1.973707	0.785821	0.214179	1.352678
4020	-3986.49	-4247.69	261.2002	1.973707	0.636907	0.363093	1.342249
4026	-3997.367	-4258.564	261.1969	1.915388	0.747622	0.252378	1.390874
4032	-3987.11	-4248.402	261.2913	1.929613	0.563452	0.436548	1.304504
4038	-3979.934	-4241.214	261.2798	1.964578	0.696824	0.303176	1.28541
4044	-3987.035	-4248.257	261.2223	1.983844	0.696824	0.303176	1.316463
4050	-4000.815	-4261.893	261.0772	1.950854	0.689545	0.310455	1.455759
4056	-4000.978	-4262.071	261.0935	1.934648	0.683351	0.316649	1.455759
4062	-3989.549	-4250.592	261.0437	1.951774	0.675108	0.324892	1.480526
4068	-4001.026	-4261.957	260.931	1.863475	0.630457	0.369543	1.628718
4074	-3998.686	-4259.278	260.5923	1.676758	0.731506	0.268494	1.992125
4080	-4007.598	-4268.008	260.4102	1.617667	0.784757	0.215243	2.15108
4086	-4001.186	-4261.789	260.6028	1.668842	0.637871	0.362129	1.9904
4092	-3990.714	-4251.12	260.4059	1.619274	0.618631	0.381369	2.152862
4098	-3988.688	-4249.336	260.6481	1.761027	0.618631	0.381369	1.897869
4104	-3986.921	-4247.53	260.609	1.800075	0.742301	0.257699	1.897869
4110	-3992.421	-4253.22	260.7993	1.776515	0.709199	0.290801	1.783402
4116	-3985.674	-4246.493	260.8181	1.732223	0.725116	0.274884	1.801104
4122	-3983.054	-4243.773	260.7191	1.950061	0.701003	0.298997	1.718083
4128	-3985.546	-4246.428	260.8813	1.751294	0.745132	0.254868	1.743789
4134	-3984.036	-4244.624	260.5876	1.776995	0.745132	0.254868	1.927958
4140	-3980.589	-4241.222	260.6324	1.678361	0.661597	0.338403	1.964219
4146	-3989.701	-4250.423	260.7221	1.678361	0.704315	0.295685	1.90375
4152	-3988.163	-4248.845	260.6821	1.731644	0.727829	0.272171	1.894709
4158	-3985.544	-4246.319	260.7754	1.821439	0.626986	0.373014	1.768776
4164	-4015.113	-4276.388	261.2753	2.263209	0.759204	0.240796	1.025298
4170	-3997.296	-4258.677	261.3811	2.24938	0.605404	0.394596	0.9311445
4176	-3995.712	-4257.082	261.3705	2.143706	0.605404	0.394596	1.048775
4182	-3991.799	-4253.142	261.3429	2.092611	0.711162	0.288838	1.121711
4188	-3992.942	-4254.019	261.0771	2.003881	0.662198	0.337802	1.41522
4194	-3986.207	-4247.491	261.2839	2.186324	0.694148	0.305852	1.090042
4200	-3993.846	-4255.087	261.2408	2.129856	0.731281	0.268719	1.179045
4206	-3989.407	-4250.712	261.3053	2.129856	0.737234	0.262766	1.122019
4212	-3986.037	-4247.428	261.391	2.176613	0.737234	0.262766	0.9964727
4218	-3989.473	-4250.882	261.4088	2.158821	0.711816	0.288184	0.9964727
4224	-3989.679	-4251.025	261.3463	2.16406	0.711816	0.288184	1.05239
4230	-3995.307	-4256.56	261.2531	2.049536	0.689752	0.310248	1.237083
4236	-3984.653	-4245.919	261.2661	2.036537	0.674748	0.325252	1.237083
4242	-3986.065	-4247.256	261.191	2.036537	0.728521	0.271479	1.299135
4248	-4000.2	-4261.536	261.3353	1.985554	0.751061	0.248939	1.221801
4254	-3995.515	-4256.701	261.1854	1.953255	0.549397	0.450603	1.370178
4260	-3994.735	-4255.826	261.0909	1.931244	0.71969	0.28031	1.460286
4266	-3985.944	-4247.189	261.2449	2.007355	0.760512	0.239488	1.278918
4272	-3995.03	-4256.153	261.1233	1.974629	0.647495	0.352505	1.402066
4278	-3993.365	-4254.676	261.3118	1.958067	0.647495	0.352505	1.264429
4284	-3976.856	-4237.93	261.0736	1.949013	0.632555	0.367445	1.459898
4290	-3981.836	-4243.031	261.1953	1.862712	0.764994	0.235006	1.432914
4296	-3992.967	-4253.982	261.0148	1.828672	0.757522	0.242478	1.593156
4302	-4003.455	-4264.326	260.8706	1.808761	0.613985	0.386015	1.710837
4308	-3998.446	-4259.044	260.5977	1.697266	0.59517	0.40483	1.97478
4314	-3986.579	-4247.304	260.7248	1.721659	0.593846	0.406154	1.872436
4320	-3986.677	-4247.428	260.751	1.755652	0.639209	0.360791	1.831232
4326	-4002.099	-4262.637	260.5378	1.760388	0.650225	0.349775	1.972606
4332	-3984.864	-4245.314	260.4501	1.672896	0.677335	0.322665	2.088858
4338	-3980.3	-4240.794	260.4937	1.677251	0.629078	0.370922	2.057278
4344	-3991.655	-4251.937	260.2822	1.81389	0.766384	0.233616	2.106531
4350	-3993.064	-4253.484	260.4191	1.676995	0.723412	0.276588	2.106531
4356	-3993.9	-4253.994	260.0942	1.657597	0.740619	0.259381	2.328815
4362	-3978.294	-4238.977	260.6828	1.770851	0.628777	0.371223	1.86755
4368	-3989.026	-4249.63	260.6046	1.773895	0.627424	0.372576	1.918618
4374	-3993.001	-4253.817	260.8163	1.792847	0.627424	0.372576	1.760209
4380	-3981.221	-4242.383	261.162	1.943752	0.617416	0.382584	1.395945
4386	-3992.869	-4253.822	260.9529	1.864146	0.617416	0.382584	1.612368
4392	-3979.105	-4240.137	261.0314	1.883779	0.711669	0.288331	1.54053
4398	-3984.857	-4245.942	261.0849	1.939999	0.795716	0.204284	1.458158
4404	-3996.945	-4258.087	261.1426	1.984448	0.626812	0.373188	1.379345
4410	-3989.764	-4251.077	261.3127	2.019863	0.723007	0.276993	1.211832
4416	-3986.457	-4247.766	261.309	2.023572	0.736529	0.263471	1.211832
4422	-3989.113	-4250.253	261.1405	1.977208	0.729043	0.270957	1.386653
4428	-3987.869	-4249.047	261.1776	1.938097	0.709499	0.290501	1.388184
4434	-4002.26	-4263.271	261.0107	1.812621	0.667268	0.332732	1.60784
4440	-3995.003	-4255.998	260.9953	1.850396	0.667268	0.332732	1.591518
4446	-3989.018	-4250.376	261.3579	2.000635	0.735731	0.264269	1.189561
4452	-3996.235	-4257.289	261.0549	1.95946	0.711887	0.288113	1.466233
4458	-3987.853	-4249.122	261.2692	1.982705	0.619306	0.380694	1.279232
4464	-3992.817	-4254.167	261.3503	2.04261	0.706064	0.293936	1.159678
4470	-4013.195	-4274.551	261.3556	2.222682	0.606964	0.393036	0.9856891
4476	-3998.976	-4260.338	261.3618	2.134819	0.629957	0.370043	1.065447
4482	-3999.485	-4260.779	261.2943	2.116896	0.718316	0.281684	1.143479
4488	-4001.457	-4262.858	261.4013	2.111976	0.718316	0.281684	1.049622
4494	-3988.683	-4250.104	261.4214	2.123297	0.718316	0.281684	1.019165
4500	-3993.411	-4254.858	261.4467	2.117565	0.59976	0.40024	0.999793
4506	-4001.814	-4263.245	261.4316	1.964168	0.646	0.354	1.1571
4512	-4009.577	-4270.824	261.2467	2.041791	0.758308	0.241692	1.248985
4518	-3996.403	-4257.571	261.1687	2.035338	0.750147	0.249853	1.318113
4524	-3988.184	-4249.575	261.3909	2.093967	0.637971	0.362029	1.076446
4530	-3982.615	-4243.986	261.3706	2.148006	0.769567	0.230433	1.044486
4536	-3985.122	-4246.487	261.3642	2.10244	0.769567	0.230433	1.093318
4542	-3982.175	-4243.613	261.4376	2.130755	0.688946	0.311054	0.9956823
4548	-3974.955	-4236.401	261.4457	2.138861	0.680232	0.319768	0.9793513
4554	-3978.109	-4239.533	261.4232	2.221915	0.655713	0.344287	0.915137
4560	-3987.656	-4249.088	261.4326	2.225382	0.734324	0.265676	0.9008615
4566	-4001.46	-4262.8	261.3403	2.17824	0.75794	0.24206	1.044545
4572	-3999.911	-4261.208	261.2974	2.17824	0.660745	0.339255	1.084984
4578	-3990.443	-4251.879	261.4365	2.044297	0.613011	0.386989	1.080268
4584	-3996.453	-4257.867	261.4138	2.0779	0.658799	0.341201	1.070072
4590	-4001.992	-4263.405	261.4128	2.169679	0.764467	0.235533	0.9813946
4596	-4005.945	-4267.398	261.4532	2.129327	0.699757	0.300243	0.9813946
4602	-3995.614	-4256.967	261.3528	2.244687	0.700963	0.299037	0.9659779
4608	-3984.685	-4246.041	261.356	2.262405	0.769462	0.230538	0.9440235
4614	-3979.607	-4240.967	261.3596	2.360904	0.691975	0.308025	0.8266004
4620	-3990.241	-4251.638	261.3976	2.35452	0.685744	0.314256	0.7848468
4626	-3991.711	-4253.105	261.394	2.321117	0.727057	0.272943	0.8332929
4632	-4003.976	-4265.398	261.4217	2.361933	0.688438	0.311562	0.739072
4638	-4008.401	-4269.733	261.3321	2.480164	0.622491	0.377509	0.6913373
4644	-3997.919	-4259.186	261.2679	2.589387	0.622491	0.377509	0.5873856
4650	-4001.153	-4262.454	261.3009	2.551107	0.689373	0.310627	0.6037621
4656	-4000.17	-4261.513	261.3427	2.493371	0.736192	0.263808	0.6438822
4662	-3997.382	-4258.754	261.3719	2.449749	0.749022	0.250978	0.6738129
4668	-3995.831	-4257.206	261.3748	2.446825	0.629543	0.370457	0.6738129
4674	-3994.134	-4255.568	261.434	2.376834	0.699581	0.300419	0.6940043
4680	-4002.308	-4263.756	261.4475	2.35765	0.787614	0.212386	0.7039219
4686	-4003.018	-4264.449	261.431	2.362458	0.695294	0.304706	0.7235027
4692	-3987.005	-4248.429	261.4234	2.362458	0.74046	0.25954	0.735578
4698	-3990.771	-4252.152	261.3811	2.138673	0.732753	0.267247	1.043375
4704	-4000.701	-4261.984	261.2832	2.123005	0.655134	0.344866	1.147926
4710	-3993.85	-4255.31	261.4602	2.0905	0.693045	0.306955	1.013296
4716	-3972.934	-4234.275	261.341	2.060087	0.636032	0.363968	1.152448
4722	-3992.56	-4253.895	261.3357	2.065393	0.63271	0.36729	1.152448
4728	-3985.278	-4246.527	261.2498	2.065393	0.747982	0.252018	1.226559
4734	-3990.598	-4251.927	261.3287	2.116595	0.602743	0.397257	1.112835
4740	-3990.197	-4251.52	261.3229	2.042781	0.573588	0.426412	1.183396
4746	-3989.984	-4251.115	261.1312	2.043543	0.668112	0.331888	1.341599
4752	-3984.293	-4245.493	261.2	1.974737	0.576491	0.423509	1.341599
4758	-3988.806	-4249.983	261.177	2.0566	0.741349	0.258651	1.294208
4764	-4004.857	-4265.51	260.6534	1.842042	0.680797	0.319203	1.83891
4770	-3992.37	-4253.357	260.9864	1.859584	0.719084	0.280916	1.591357
4776	-3992.415	-4253.417	261.0019	1.821459	0.750845	0.249155	1.607824
4782	-4000.954	-4262.128	261.1744	1.986325	0.748921	0.251079	1.352743
4788	-3996.613	-4257.797	261.1835	1.977271	0.711335	0.288665	1.352743
4794	-3995.384	-4256.791	261.407	2.038405	0.626071	0.373929	1.112788
4800	-3993.179	-4254.415	261.2354	1.993754	0.752239	0.247761	1.297798
4806	-3998.626	-4259.848	261.2218	2.054363	0.823901	0.176099	1.259237
4812	-3994.89	-4256.174	261.2841	2.046185	0.805794	0.194206	1.213809
4818	-4003.654	-4264.898	261.244	1.9535	0.775878	0.224122	1.323379
4824	-3999.952	-4261.214	261.2625	1.9535	0.707218	0.292782	1.308447
4830	-3986.806	-4248.068	261.2625	1.9535	0.707218	0.292782	1.308447
4836	-3978.668	-4239.97	261.3014	1.913182	0.662811	0.337189	1.309643
4842	-3984.596	-4245.65	261.0542	1.934381	0.630345	0.369655	1.485675
4848	-3986.454	-4247.526	261.0729	1.915737	0.630345	0.369655	1.485675
4854	-3984.624	-4245.871	261.247	1.915737	0.631359	0.368641	1.351159
4860	-3988.015	-4249.498	261.4827	2.039299	0.828535	0.171465	1.041248
4866	-3978.86	-4240.218	261.3573	2.039299	0.62127	0.37873	1.15644
4872	-3972.135	-4233.482	261.347	1.991628	0.676457	0.323543	1.206651
4878	-3978.419	-4239.728	261.3088	1.991628	0.698755	0.301245	1.23895
4884	-3995.134	-4256.427	261.2927	1.894747	0.660647	0.339353	1.331459
4890	-3985.487	-4246.612	261.1254	1.777208	0.684224	0.315776	1.549838
4896	-3989.121	-4250.134	261.0138	1.888722	0.664292	0.335708	1.549838
4902	-3977.383	-4238.64	261.2565	1.89164	0.664292	0.335708	1.362683
4908	-3983.806	-4244.843	261.0367	1.896905	0.690136	0.309864	1.526814
4914	-3989.75	-4250.842	261.0925	1.841142	0.690136	0.309864	1.526814
4920	-3991.522	-4252.631	261.1087	1.82492	0.690136	0.309864	1.526814
4926	-4000.925	-4261.938	261.0123	1.848249	0.789876	0.210124	1.580678
4932	-3992.097	-4253.162	261.0653	1.801996	0.690741	0.309259	1.575792
4938	-3996.047	-4257.266	261.2196	1.903987	0.70934	0.29066	1.38199
4944	-3999.706	-4259.576	259.8704	1.519689	0.638752	0.361248	2.556289
4950	-3994.379	-4254.517	260.1378	1.545151	0.655453	0.344547	2.372526
4956	-3982.767	-4242.832	260.0653	1.605137	0.654932	0.345068	2.380465
4962	-4010.037	-4271.244	261.2071	1.865453	0.77462	0.22538	1.421707
4968	-4001.916	-4263.076	261.1601	1.838008	0.65447	0.34553	1.478513
4974	-3986.487	-4247.515	261.028	1.857689	0.708515	0.291485	1.562269
4980	-3981.289	-4242.396	261.1068	1.778844	0.785806	0.214194	1.562269
4986	-3974.22	-4235.194	260.9738	1.856817	0.646335	0.353665	1.602527
4992	-3985.943	-4247.022	261.0795	1.828581	0.646335	0.353665	1.545731
4998	-3999.223	-4260.029	260.8055	1.72419	0.700741	0.299259	1.815317
5004	-3986.525	-4247.535	261.0103	1.928778	0.733646	0.266354	1.522748
5010	-3978.178	-4239.311	261.1325	1.906209	0.661146	0.338854	1.447649
5016	-3989.406	-4250.505	261.0982	1.940495	0.679542	0.320458	1.447649
5022	-3994.336	-4255.71	261.3742	2.156412	0.761502	0.238498	1.032945
5028	-3995.941	-4257.254	261.3129	2.062981	0.714214	0.285786	1.174544
5034	-3990.154	-4251.426	261.2723	2.076365	0.616533	0.383467	1.198045
5040	-3998.687	-4260.046	261.3592	2.064484	0.629507	0.370493	1.132314
5046	-3998.133	-4259.397	261.264	2.101227	0.619211	0.380789	1.183782
5052	-3992.874	-4254.201	261.3268	2.087837	0.703492	0.296508	1.140415
5058	-4004.117	-4265.42	261.3035	2.111144	0.739079	0.260921	1.140415
5064	-3986.337	-4247.413	261.0759	1.975128	0.739079	0.260921	1.438218
5070	-3992.214	-4253.358	261.1442	1.975128	0.653481	0.346519	1.385371
5076	-3985.636	-4247.016	261.3793	2.083991	0.626233	0.373767	1.096465
5082	-3980.225	-4241.64	261.4145	2.113588	0.727367	0.272633	1.035417
5088	-3987.61	-4249.04	261.4304	2.177152	0.66437	0.33563	0.9555217
5094	-3985.742	-4247.164	261.4214	2.299141	0.773733	0.226267	0.8264416
5100	-3977.45	-4238.843	261.3932	2.222144	0.625767	0.374233	0.9473054
5106	-3987.899	-4249.339	261.4396	2.174675	0.80315	0.19685	0.9483993
5112	-3994.731	-4256.033	261.3019	2.103599	0.798141	0.201859	1.148509
5118	-3986.39	-4247.756	261.3656	2.052407	0.724966	0.275034	1.137442
5124	-3994.267	-4255.649	261.3813	2.066723	0.677015	0.322985	1.110424
5130	-3986.116	-4247.582	261.4668	2.062053	0.677015	0.322985	1.034647
5136	-3979.595	-4241.015	261.4201	2.049864	0.701246	0.298754	1.090285
5142	-3977.813	-4239.108	261.2947	2.107648	0.691613	0.308387	1.151296
5148	-4010.032	-4271.312	261.2801	1.944239	0.725906	0.274094	1.30172
5154	-3989.513	-4250.692	261.1787	1.930484	0.593778	0.406222	1.393272
5160	-4003.347	-4264.276	260.9292	1.955418	0.71291	0.28709	1.563089
5166	-3998.03	-4259.072	261.0424	1.894374	0.719007	0.280993	1.52447
5172	-4001.853	-4263.097	261.2435	1.960758	0.71599	0.28401	1.317983
5178	-4012.793	-4273.677	260.8838	1.917072	0.703672	0.296328	1.62407
5184	-3999.793	-4260.705	260.9123	1.848544	0.701834	0.298166	1.652866
5190	-3986.104	-4247.193	261.0892	1.83379	0.701834	0.298166	1.534693
5196	-3998.993	-4259.879	260.8855	1.875737	0.682974	0.317026	1.652614
5202	-3990.483	-4251.578	261.0947	1.875737	0.691513	0.308487	1.49937
5208	-3997.284	-4258.348	261.0645	1.875737	0.70971	0.29029	1.521887
5214	-4013.202	-4274.445	261.2432	2.016268	0.607442	0.392558	1.272977
5220	-4001.041	-4262.177	261.1364	2.003159	0.749821	0.250179	1.369506
5226	-3991.319	-4252.392	261.0727	1.910745	0.756793	0.243207	1.489527
5232	-3992.938	-4253.838	260.9001	1.882181	0.795661	0.204339	1.637503
5238	-3985.086	-4246.167	261.081	1.892502	0.661073	0.338927	1.497057
5244	-3995.615	-4256.693	261.0781	1.889888	0.757485	0.242515	1.501167
5250	-3980.342	-4241.354	261.0118	1.838216	0.668976	0.331024	1.588376
5256	-3976.57	-4237.784	261.2132	1.919753	0.668976	0.331024	1.37466
5262	-3984.218	-4245.452	261.234	2.029218	0.648754	0.351246	1.269898
5268	-3999.117	-4260.246	261.1287	2.04369	0.641323	0.358677	1.343477
5274	-3995.564	-4256.814	261.2504	2.116025	0.641323	0.358677	1.182726
5280	-4009.378	-4270.202	260.8241	1.859653	0.736833	0.263167	1.707732
5286	-4002.249	-4262.997	260.7477	1.807493	0.727998	0.272002	1.797736
5292	-4003.258	-4263.6	260.3415	1.779869	0.67868	0.32132	2.08993
5298	-3981.922	-4242.975	261.0528	1.844842	0.636389	0.363611	1.55347
5304	-3979.792	-4240.833	261.0414	1.839176	0.750367	0.249633	1.566025
5310	-4005.576	-4266.876	261.2996	2.052327	0.712831	0.287169	1.195228
5316	-4007.461	-4268.791	261.3307	1.98974	0.696558	0.303442	1.222118
5322	-3998.42	-4259.271	260.851	1.756546	0.778626	0.221374	1.761285
5328	-3980.29	-4240.949	260.6585	1.696385	0.724742	0.275258	1.934531
5334	-3993.555	-4254.324	260.769	1.74398	0.686483	0.313517	1.826869
5340	-4009.879	-4270.624	260.7454	1.822696	0.710313	0.289687	1.78877
5346	-3986.755	-4247.853	261.0981	1.864648	0.710313	0.289687	1.505085
5352	-3997.176	-4258.213	261.0369	1.951824	0.652813	0.347187	1.485561
5358	-4001.684	-4262.669	260.9856	1.987855	0.675265	0.324735	1.497098
5364	-3978.097	-4239.581	261.4842	2.052625	0.760744	0.239256	1.026953
5370	-3983.624	-4244.943	261.3193	2.067445	0.703534	0.296466	1.165021
5376	-3985.848	-4247.175	261.3271	1.989833	0.63798	0.36202	1.225072
5382	-3988.744	-4250.074	261.3292	1.986793	0.6977	0.3023	1.22587
5388	-3995.655	-4256.915	261.2599	1.867198	0.696604	0.303396	1.379239
5394	-3999.5	-4260.723	261.2231	1.859097	0.651495	0.348505	1.414227
5400	-3986.998	-4248.022	261.0236	1.817168	0.71978	0.28022	1.595112
5406	-3996.093	-4257.074	260.9804	1.856655	0.654536	0.345464	1.597842
5412	-4004.273	-4265.182	260.9089	1.875365	0.654536	0.345464	1.636087
5418	-4016.787	-4277.463	260.6757	1.842115	0.651752	0.348248	1.823511
5424	-3991.93	-4253.353	261.4239	2.162477	0.564058	0.435942	0.9774766
5430	-3997.798	-4259.202	261.4037	2.164063	0.692949	0.307051	0.9962712
5436	-3998.744	-4260.162	261.4177	2.280379	0.725996	0.274004	0.8541922
5442	-3994.907	-4256.225	261.318	2.29864	0.623233	0.376767	0.945967
5448	-3985.147	-4246.538	261.3913	2.269651	0.759624	0.240376	0.8974414
5454	-3981.495	-4242.881	261.3862	2.165984	0.705568	0.294432	1.011848
5460	-3986.323	-4247.68	261.3568	2.184288	0.705568	0.294432	1.022781
5466	-3980.313	-4241.623	261.3098	2.165151	0.732747	0.267253	1.085696
5472	-3989.333	-4250.758	261.4252	2.059122	0.747379	0.252621	1.076986
5478	-3980.438	-4241.662	261.2244	1.911287	0.63272	0.36728	1.372512
5484	-3993.23	-4254.38	261.1501	1.911006	0.664716	0.335284	1.430538
5490	-3987.352	-4248.569	261.2167	1.966678	0.661212	0.338788	1.334679
5496	-3996.888	-4257.865	260.9769	1.919391	0.661212	0.338788	1.554441
5502	-3972.567	-4233.576	261.0092	1.939942	0.612118	0.387882	1.515296
5508	-3980.387	-4241.474	261.0867	1.937472	0.750289	0.249711	1.458753
5514	-3979.178	-4240.365	261.1863	2.049089	0.690043	0.309957	1.29276
5520	-3984.8	-4246.101	261.3014	1.933925	0.690043	0.309957	1.29276
5526	-3989.101	-4250.42	261.3186	2.219295	0.690043	0.309957	1.025843
5532	-3988.86	-4250.267	261.4072	2.172764	0.652333	0.347667	0.9839905
5538	-3986.626	-4248.028	261.4021	2.063592	0.645768	0.354232	1.094201
5544	-3996.483	-4257.388	260.9051	2.049895	0.618493	0.381507	1.51093
5550	-4001.95	-4262.978	261.0282	2.124442	0.789705	0.210295	1.35917
5556	-4014.887	-4276.164	261.277	2.068216	0.719119	0.280881	1.201018
5562	-4004.651	-4265.735	261.084	1.962986	0.706714	0.293286	1.441312
5568	-3987.521	-4248.532	261.0112	1.957256	0.727095	0.272905	1.500802
5574	-3988.115	-4249.418	261.3038	2.198516	0.78157	0.21843	1.060065
5580	-3992.922	-4254.306	261.3835	2.198516	0.725435	0.274565	0.9819157
5586	-3997.598	-4258.972	261.3745	2.282623	0.644094	0.355906	0.9017997
5592	-3987.026	-4248.353	261.327	2.257967	0.556009	0.443991	0.9789012
5598	-3989.258	-4250.62	261.3618	2.149171	0.556009	0.443991	1.051847
5604	-3994.648	-4255.982	261.3335	2.177411	0.631259	0.368741	1.051847
5610	-4000.918	-4262.183	261.2653	2.139205	0.582852	0.417148	1.149429
5616	-3997.16	-4258.507	261.3475	2.112212	0.711451	0.288549	1.09967
5622	-4012.147	-4273.428	261.2808	2.126412	0.64949	0.35051	1.14701
5628	-4001.952	-4263.29	261.3378	2.188352	0.615745	0.384255	1.037265
5634	-3977.333	-4238.735	261.4018	2.1544	0.695098	0.304902	1.007864
5640	-3987.967	-4249.361	261.3944	2.283877	0.655901	0.344099	0.8776386
5646	-3975.189	-4236.569	261.3803	2.286394	0.655901	0.344099	0.8910288
5652	-3967.855	-4229.249	261.3939	2.314736	0.749353	0.250647	0.8413312
5658	-3970.57	-4231.978	261.4081	2.250712	0.677146	0.322854	0.8999141
5664	-3964.943	-4226.29	261.3469	2.296399	0.721949	0.278051	0.9171106
5670	-3973.866	-4235.239	261.3727	2.270654	0.734871	0.265129	0.9171106
5676	-3978.408	-4239.777	261.3683	2.270654	0.778562	0.221438	0.9218785
5682	-3968.547	-4229.979	261.432	2.340296	0.609289	0.390711	0.7561613
5688	-3965.931	-4227.291	261.3606	2.406326	0.694783	0.305217	0.7639841
5694	-3976.445	-4237.784	261.339	2.427926	0.668015	0.331985	0.7639841
5700	-3985.882	-4247.198	261.3165	2.478357	0.668015	0.331985	0.7211968
5706	-3985.286	-4246.592	261.3067	2.488203	0.715948	0.284052	0.7211968
5712	-3984.568	-4245.915	261.3469	2.475139	0.735338	0.264662	0.6731656
5718	-3982.416	-4243.754	261.3388	2.475139	0.563286	0.436714	0.6883864
5724	-3995.683	-4257.049	261.3661	2.394809	0.705276	0.294724	0.7725282
5730	-3995.207	-4256.629	261.422	2.249048	0.724754	0.275246	0.886034
5736	-3982.319	-4243.651	261.3324	2.339398	0.664109	0.335891	0.8851192
5742	-3988.516	-4249.896	261.3801	2.244109	0.593285	0.406715	0.9378396
5748	-3999.647	-4260.95	261.303	2.185986	0.744455	0.255545	1.07261
5754	-4005.039	-4266.369	261.33	2.158917	0.733897	0.266103	1.07261
5760	-3991.298	-4252.65	261.3528	2.101937	0.751379	0.248621	1.104234
5766	-3988.234	-4249.424	261.1906	2.11561	0.771296	0.228704	1.234133
5772	-3976.153	-4237.366	261.2126	1.992359	0.708555	0.291445	1.317382
5778	-3981.156	-4242.382	261.2257	1.979299	0.673838	0.326162	1.317382
5784	-3987.857	-4249.086	261.229	1.979299	0.72861	0.27139	1.31468
5790	-3975.336	-4236.498	261.1618	2.004578	0.72861	0.27139	1.34827
5796	-3966.628	-4227.874	261.246	2.07416	0.690861	0.309139	1.222362
5802	-3982.505	-4243.8	261.2954	2.091608	0.805042	0.194958	1.16486
5808	-3983.766	-4245.071	261.3056	2.089052	0.799748	0.200252	1.158154
5814	-3980.026	-4241.309	261.2829	2.087473	0.582346	0.417654	1.179352
5820	-3989.842	-4251.208	261.3658	2.087473	0.739422	0.260578	1.105607
5826	-3991.574	-4252.872	261.2973	2.057635	0.70788	0.29212	1.19271
5832	-3991.643	-4252.957	261.314	2.099424	0.680039	0.319961	1.141486
5838	-3994.938	-4256.21	261.2718	2.086027	0.684509	0.315491	1.190194
5844	-4001.59	-4262.978	261.3885	2.036923	0.688419	0.311581	1.130787
5850	-3981.077	-4242.379	261.3018	2.123666	0.695676	0.304324	1.130787
5856	-3994.103	-4255.475	261.3712	1.980739	0.678784	0.321216	1.195227
5862	-3986.093	-4247.179	261.0859	1.98854	0.656712	0.343288	1.420201
5868	-3986.248	-4247.414	261.1664	1.939534	0.595033	0.404967	1.395823
5874	-3973.537	-4234.555	261.0176	1.925423	0.622473	0.377527	1.51981
5880	-3968.658	-4229.799	261.1406	2.009512	0.693307	0.306693	1.361175
5886	-3970.761	-4231.95	261.1893	1.960824	0.674295	0.325705	1.361175
5892	-3973.624	-4234.923	261.2994	1.950028	0.573976	0.426024	1.28128
5898	-3977.715	-4238.913	261.1982	1.97017	0.685593	0.314407	1.346663
5904	-3979.383	-4240.567	261.1844	2.037609	0.685593	0.314407	1.30362
5910	-3989.484	-4250.825	261.3402	2.122771	0.746089	0.253911	1.096767
5916	-3994.408	-4255.754	261.3456	2.122771	0.593478	0.406522	1.091738
5922	-3989.852	-4251.221	261.3691	2.099296	0.654838	0.345162	1.091738
5928	-3998.818	-4260.171	261.3524	2.197451	0.669054	0.330946	1.014146
5934	-3987.615	-4248.95	261.3349	2.23722	0.683032	0.316968	0.9919417
5940	-3973.772	-4235.157	261.3841	2.156038	0.64592	0.35408	1.023665
5946	-3981.486	-4242.829	261.3434	2.177012	0.608648	0.391352	1.042781
5952	-3975.09	-4236.459	261.3695	2.177012	0.760441	0.239559	1.017409
5958	-3987.476	-4248.758	261.2824	2.08553	0.63431	0.36569	1.181409
5964	-3991.746	-4253.123	261.3764	2.13586	0.627745	0.372255	1.050634
5970	-3991.66	-4253.05	261.3902	2.194428	0.603581	0.396419	0.9792306
5976	-3987.29	-4248.643	261.3522	2.254402	0.77278	0.22722	0.9564674
5982	-3977.217	-4238.603	261.3856	2.065941	0.773578	0.226422	1.107176
5988	-3974.005	-4235.287	261.282	2.073526	0.684645	0.315355	1.192173
5994	-3979.284	-4240.731	261.4476	2.075935	0.576488	0.423512	1.03979
6000	-3991.184	-4252.512	261.3277	2.011073	0.628451	0.371549	1.206534
6006	-3981.225	-4242.363	261.1383	1.992796	0.783855	0.216145	1.376164
6012	-4004.511	-4264.682	260.1709	1.61593	0.625029	0.374971	2.3065
6018	-3998.91	-4259.435	260.5253	1.6749	0.625029	0.374971	2.037903
6024	-3992.135	-4253.134	260.9991	1.972208	0.626672	0.373328	1.498719
6030	-3982.638	-4243.919	261.2817	2.089927	0.660335	0.339665	1.178247
6036	-3988.132	-4249.527	261.3948	2.114802	0.660335	0.339665	1.053141
6042	-3971.539	-4232.882	261.3425	2.12962	0.649678	0.350322	1.088321
6048	-3969.201	-4230.57	261.3693	2.170019	0.665321	0.334679	1.024492
6054	-3978.774	-4240.196	261.4226	2.177598	0.665321	0.334679	0.963205
6060	-3975.816	-4237.183	261.3674	2.219254	0.665321	0.334679	0.9771843
6066	-3982.532	-4243.892	261.3599	2.179118	0.67185	0.32815	1.024745
6072	-3970.229	-4231.635	261.4065	2.170288	0.717403	0.282597	0.9872404
6078	-3976.143	-4237.516	261.373	2.322486	0.693674	0.306326	0.8573848
6084	-3976.422	-4237.798	261.3763	2.20949	0.764161	0.235839	0.9781057
6090	-3984.927	-4246.341	261.4148	2.112199	0.698157	0.301843	1.036459
6096	-3974.645	-4236.103	261.4584	2.260948	0.678144	0.321856	0.8280409
6102	-3993.044	-4254.421	261.3769	2.313046	0.715615	0.284385	0.8640055
6108	-3982.803	-4244.21	261.4071	2.299522	0.583626	0.416374	0.8437994
6114	-3979.3	-4240.677	261.3766	2.326439	0.664869	0.335131	0.8481842
6120	-3981.679	-4243.059	261.3799	2.306177	0.732503	0.267497	0.8684933
6126	-3979.08	-4240.447	261.3677	2.290595	0.652864	0.347136	0.9005231
6132	-3978.663	-4240.054	261.3913	2.268095	0.712967	0.287033	0.89926
6138	-3989.241	-4250.671	261.4305	2.228888	0.647723	0.352277	0.89926
6144	-3981.112	-4242.508	261.3959	2.228888	0.647723	0.352277	0.9372262
6150	-3986.969	-4248.366	261.3962	2.146005	0.662973	0.337027	1.021629
6156	-3985.844	-4247.212	261.3675	2.146005	0.634372	0.365628	1.049369
6162	-3983.383	-4244.684	261.3008	2.305623	0.713002	0.286998	0.9567197
6168	-3973.517	-4234.8	261.283	2.317298	0.681904	0.318096	0.9630884
6174	-3976.426	-4237.715	261.2887	2.280742	0.691441	0.308559	0.9946524
6180	-3984.516	-4245.865	261.349	2.293472	0.691441	0.308559	0.9180357
6186	-3974.752	-4236.162	261.41	2.241537	0.792741	0.207259	0.9080039
6192	-3967.843	-4229.209	261.3655	2.234674	0.697442	0.302558	0.9632608
6198	-3984.972	-4246.303	261.3312	2.234674	0.645545	0.354455	0.9982234
6204	-3993.933	-4255.244	261.3109	2.234674	0.636627	0.363373	1.01838
6210	-3994.085	-4255.38	261.2949	2.250662	0.692809	0.307191	1.01838
6216	-3986.774	-4248.114	261.3401	2.266865	0.661987	0.338013	0.9561699
6222	-3999.045	-4260.381	261.3362	2.271602	0.773985	0.226015	0.9553048
6228	-3980.226	-4241.59	261.3637	2.255566	0.66929	0.33071	0.9431124
6234	-3980.557	-4241.973	261.4155	2.209754	0.699339	0.300661	0.9367737
6240	-3987.719	-4249.176	261.457	2.170094	0.650719	0.349281	0.93472
6246	-3982.732	-4244.11	261.3775	2.137559	0.725707	0.274293	1.047956
6252	-3985.881	-4247.22	261.3389	2.167941	0.665551	0.334449	1.055712
6258	-3973.951	-4235.255	261.3035	2.405007	0.768744	0.231256	0.8415011
6264	-3970.011	-4231.395	261.3841	2.155309	0.764633	0.235367	1.024428
6270	-3975.441	-4236.765	261.3247	2.329268	0.746825	0.253175	0.9053558
6276	-3972.973	-4234.402	261.4289	2.351627	0.695325	0.304675	0.7437905
6282	-3965.971	-4227.37	261.3997	2.328224	0.695325	0.304675	0.8170291
6288	-3984.703	-4246.11	261.407	2.320905	0.634568	0.365432	0.8170291
6294	-3981.87	-4243.194	261.324	2.209918	0.711477	0.288523	1.029697
6300	-3976.542	-4237.903	261.3613	2.097847	0.724372	0.275628	1.100215
6306	-3974.655	-4236.048	261.3923	2.066892	0.683742	0.316258	1.100215
6312	-3981.208	-4242.464	261.2559	2.059884	0.636365	0.363635	1.226011
6318	-3978.544	-4239.804	261.2594	2.028151	0.642506	0.357494	1.249764
6324	-3980.61	-4241.93	261.3203	2.036346	0.774962	0.225038	1.191221
6330	-3981.771	-4242.959	261.1875	2.170894	0.680369	0.319631	1.189714
6336	-3984.551	-4245.992	261.4403	2.150922	0.724042	0.275958	0.9724498
6342	-3979.98	-4241.326	261.3462	2.250479	0.575963	0.424037	0.9668955
6348	-3967.815	-4229.161	261.3457	2.240392	0.766942	0.233058	0.9777297
6354	-3969.915	-4231.291	261.3765	2.239919	0.721127	0.278873	0.9461442
6360	-3982.114	-4243.337	261.2223	2.237389	0.621736	0.378264	1.099756
6366	-3977.157	-4238.422	261.2651	2.194602	0.658496	0.341504	1.099756
6372	-3987.899	-4249.173	261.2736	2.153357	0.588599	0.411401	1.129428
6378	-3979.468	-4240.652	261.184	2.130918	0.71765	0.28235	1.226768
6384	-3986.848	-4248.084	261.2359	2.00677	0.728206	0.271794	1.286789
6390	-3972.593	-4233.8	261.2073	2.035337	0.688657	0.311343	1.286789
6396	-3981.769	-4242.958	261.1883	2.093414	0.722857	0.277143	1.254622
6402	-3983.326	-4244.59	261.2648	2.093414	0.690929	0.309071	1.189872
6408	-3986.461	-4247.749	261.2877	2.040447	0.596462	0.403538	1.215551
6414	-3974.358	-4235.668	261.3098	1.961131	0.701186	0.298814	1.263527
6420	-3975.196	-4236.343	261.1462	1.932918	0.701186	0.298814	1.41659
6426	-3996.695	-4257.786	261.0915	1.98768	0.681723	0.318277	1.41659
6432	-3988.857	-4250.172	261.315	2.080115	0.695156	0.304844	1.157676
6438	-3991.973	-4253.314	261.3407	2.080115	0.599493	0.400507	1.13493
6444	-3988.193	-4249.403	261.2096	2.01152	0.721542	0.278458	1.304345
6450	-3986.456	-4247.831	261.375	2.068753	0.705029	0.294971	1.114264
6456	-3984.977	-4246.381	261.4043	2.046076	0.740831	0.259169	1.108277
6462	-3988.284	-4249.528	261.2442	2.053812	0.591737	0.408263	1.241033
6468	-4005.201	-4266.5	261.299	2.030887	0.747098	0.252902	1.214078
6474	-4005.227	-4265.983	260.7557	1.758875	0.608665	0.391335	1.825744
6480	-4003.962	-4265.097	261.1351	2.01899	0.626672	0.373328	1.35803
6486	-3985.247	-4246.449	261.2024	2.01181	0.758354	0.241646	1.309887
6492	-3990.622	-4251.789	261.1672	2.014811	0.68436	0.31564	1.335808
6498	-3993.88	-4254.793	260.9133	1.921992	0.627038	0.372962	1.599138
6504	-3990.399	-4251.197	260.7983	1.875259	0.77058	0.22942	1.714977
6510	-3977.154	-4237.959	260.8044	1.869147	0.71507	0.28493	1.714977
6516	-3989.238	-4250.141	260.903	1.77049	0.665	0.335	1.714977
6522	-3983.217	-4244.126	260.9089	1.874774	0.64791	0.35209	1.636448
6528	-3986.485	-4247.397	260.9126	1.886466	0.643853	0.356147	1.625393
6534	-3985.44	-4246.562	261.1222	1.962844	0.767918	0.232082	1.412073
6540	-3983.267	-4244.582	261.3148	2.033618	0.676877	0.323123	1.1983
6546	-3978.006	-4239.208	261.202	2.068612	0.634547	0.365453	1.263794
6552	-3988.495	-4249.805	261.3099	2.107314	0.634547	0.365453	1.138095
6558	-3985.703	-4247.038	261.3351	2.107314	0.660446	0.339554	1.115448
6564	-3994.717	-4256.073	261.3563	2.120276	0.730354	0.269646	1.08419
6570	-3988.163	-4249.338	261.1742	2.082799	0.650035	0.349965	1.275019
6576	-3990.755	-4251.96	261.2048	2.056284	0.659116	0.340884	1.271691
6582	-3984.519	-4245.588	261.0691	2.054761	0.710381	0.289619	1.38178
6588	-3989.034	-4250.282	261.2482	2.033531	0.62645	0.37355	1.254581
6594	-3974.998	-4236.193	261.1947	2.039879	0.68313	0.31687	1.29337
6600	-3984.608	-4245.904	261.2952	2.139651	0.700706	0.299294	1.122343
6606	-3971.657	-4233.052	261.3948	2.08923	0.673886	0.326114	1.077222
6612	-3973.738	-4235.03	261.292	2.192058	0.641315	0.358685	1.077222
6618	-3972.433	-4233.786	261.3523	2.153821	0.641315	0.358685	1.056453
6624	-3980.439	-4241.736	261.2977	2.141229	0.665012	0.334988	1.118668
6630	-3983.804	-4245.141	261.3376	2.101125	0.665012	0.334988	1.118806
6636	-3979.068	-4240.459	261.3911	2.05514	0.665012	0.334988	1.111966
6642	-3988.446	-4249.825	261.3789	2.128561	0.722758	0.277242	1.05512
6648	-3988.049	-4249.452	261.4033	2.130514	0.69584	0.30416	1.029871
6654	-3979.634	-4241.025	261.391	2.124064	0.69584	0.30416	1.047882
6660	-3980.451	-4241.803	261.3517	2.201808	0.729373	0.270627	1.010522
6666	-3987.835	-4249.202	261.367	2.170228	0.607144	0.392856	1.026556
6672	-3994.607	-4256.04	261.433	2.189455	0.738912	0.261088	0.9397459
6678	-3982.998	-4244.451	261.4534	2.178392	0.738912	0.261088	0.929688
6684	-3982.269	-4243.76	261.4908	2.141027	0.775951	0.224049	0.929688
6690	-3970.82	-4232.194	261.3736	2.229587	0.687576	0.312424	0.9600823
6696	-3977.99	-4239.287	261.297	2.154269	0.673036	0.326964	1.107432
6702	-3987.788	-4249.178	261.39	2.061298	0.605278	0.394722	1.107432
6708	-3968.24	-4229.583	261.3429	2.093934	0.547288	0.452712	1.120571
6714	-3971.553	-4232.789	261.2358	2.076307	0.821178	0.178822	1.22912
6720	-3989.588	-4250.937	261.3493	2.02911	0.681923	0.318077	1.172302
6726	-3990.569	-4251.855	261.286	2.049871	0.70957	0.29043	1.209024
6732	-3989.994	-4251.272	261.2782	2.057635	0.676161	0.323839	1.209024
6738	-3987.393	-4248.565	261.1719	2.057635	0.702024	0.297976	1.297495
6744	-3987.193	-4248.511	261.3177	2.00001	0.618704	0.381296	1.224414
6750	-3993.625	-4254.829	261.2046	1.956212	0.704855	0.295145	1.352712
6756	-3976.343	-4237.607	261.2635	1.891158	0.704855	0.295145	1.3576
6762	-3992.344	-4253.427	261.0835	1.939931	0.694271	0.305729	1.459324
6768	-3972.549	-4233.686	261.1365	1.985976	0.709909	0.290091	1.382865
6774	-3989.275	-4250.478	261.2036	1.918965	0.709909	0.290091	1.382865
6780	-4007.536	-4267.554	260.0184	1.594375	0.619361	0.380639	2.416901
6786	-3999.182	-4259.223	260.0407	1.572118	0.625753	0.374247	2.416901
6792	-3998.135	-4257.625	259.4896	1.574482	0.653602	0.346398	2.757122
6798	-3988.433	-4248.796	260.363	1.636559	0.612341	0.387659	2.169546
6804	-3996.077	-4257.369	261.2922	1.949668	0.717139	0.282861	1.287418
6810	-3987.069	-4248.401	261.3318	2.026446	0.699486	0.300514	1.18986
6816	-3977.629	-4238.911	261.2813	2.07688	0.684	0.316	1.18986
6822	-3977.051	-4238.25	261.1991	2.06284	0.578093	0.421907	1.270942
6828	-3957.209	-4218.521	261.3115	2.041805	0.678193	0.321807	1.194089
6834	-3976.752	-4238.127	261.3756	2.104177	0.752137	0.247863	1.081186
6840	-3968.487	-4229.882	261.395	2.113367	0.79293	0.20707	1.054296
6846	-3989.305	-4250.74	261.4349	2.086593	0.63907	0.36093	1.041774
6852	-3986.923	-4248.129	261.2063	1.922064	0.67061	0.32939	1.378303
6858	-3976.83	-4238.182	261.3519	2.023656	0.751047	0.248953	1.174805
6864	-3986.288	-4247.491	261.2029	1.988949	0.679494	0.320506	1.327968
6870	-3978.848	-4240.142	261.2931	1.944663	0.748764	0.251236	1.290781
6876	-3985.364	-4246.593	261.2291	2.007313	0.734983	0.265017	1.291867
6882	-3978.877	-4240.219	261.3417	2.042948	0.636626	0.363374	1.166862
6888	-3983.081	-4244.275	261.1936	2.120728	0.655381	0.344619	1.227267
6894	-3995.546	-4256.757	261.2111	2.012489	0.663894	0.336106	1.302306
6900	-3982.498	-4243.722	261.2238	2.0629	0.663894	0.336106	1.250437
6906	-4000.232	-4261.344	261.1121	2.036914	0.581765	0.418235	1.361992
6912	-3990.597	-4251.638	261.0414	1.93174	0.788767	0.211233	1.49734
6918	-3988.594	-4249.693	261.0984	1.970763	0.713544	0.286456	1.424332
6924	-3981.094	-4242.299	261.2055	2.111123	0.617915	0.382085	1.225341
6930	-3976.073	-4237.34	261.2679	2.092767	0.733687	0.266313	1.187756
6936	-3982.403	-4243.623	261.2198	2.045043	0.768534	0.231466	1.268538
6942	-3972.974	-4234.259	261.2851	2.064463	0.696104	0.303896	1.197327
6948	-3970.432	-4231.697	261.2649	2.156396	0.689366	0.310634	1.134473
6954	-3986.051	-4247.48	261.4296	2.164216	0.695067	0.304933	0.9698145
6960	-3978.678	-4240.095	261.4173	2.140234	0.693317	0.306683	1.006564
6966	-3979.221	-4240.595	261.3737	2.140234	0.693317	0.306683	1.048954
6972	-3989.948	-4251.182	261.2336	2.013222	0.710102	0.289898	1.28341
6978	-3981.166	-4242.448	261.2824	2.042466	0.699307	0.300693	1.218345
6984	-3981.578	-4242.866	261.2874	2.037542	0.633125	0.366875	1.218345
6990	-3980.123	-4241.358	261.2346	2.0447	0.720125	0.279875	1.256639
6996	-3978.177	-4239.44	261.263	2.080392	0.695247	0.304753	1.202601
7002	-3996.762	-4257.936	261.1737	2.030527	0.684028	0.315972	1.317975
7008	-3984.489	-4245.727	261.238	2.084296	0.634212	0.365788	1.220544
7014	-3980.339	-4241.581	261.2417	2.096381	0.634212	0.365788	1.207105
7020	-3983.228	-4244.566	261.338	2.096381	0.706401	0.293599	1.122723
7026	-3986.832	-4248.193	261.3611	2.0665	0.70331	0.29669	1.128802
7032	-3998.851	-4260.321	261.4698	2.259351	0.699298	0.300702	0.815424
7038	-4019.317	-4280.73	261.4122	2.232554	0.752049	0.247951	0.9155034
7044	-3991.416	-4252.696	261.2799	2.232442	0.756721	0.243279	1.050486
7050	-3968.019	-4229.302	261.2829	2.066345	0.785355	0.214645	1.197565
7056	-3981.914	-4243.128	261.2135	1.988209	0.749197	0.250803	1.319973
7062	-3996.885	-4256.232	259.3474	1.417209	0.728273	0.271727	2.938755
7068	-4001.991	-4260.755	258.7638	1.489047	0.742409	0.257591	3.244038
7074	-4006.148	-4266.66	260.5126	1.730274	0.762798	0.237202	2.009583
7080	-4001.75	-4262.341	260.5912	1.720719	0.622891	0.377109	1.963421
7086	-4022.37	-4282.899	260.5294	1.782567	0.714702	0.285298	1.963421
7092	-3995.402	-4256.295	260.8929	1.809734	0.645966	0.354034	1.694385
7098	-4003.788	-4264.646	260.858	1.844529	0.662391	0.337609	1.694461
7104	-3999.458	-4260.049	260.5917	1.767525	0.677999	0.322001	1.931582
7110	-4004.63	-4265.631	261.0017	1.730255	0.68005	0.31995	1.673505
7116	-4015.701	-4276.61	260.9091	1.822927	0.609028	0.390972	1.673505
7122	-3989.759	-4250.968	261.2087	2.103291	0.707167	0.292833	1.229273
7128	-3995.754	-4257.003	261.2487	2.062716	0.740666	0.259334	1.229725
7134	-3997.161	-4258.411	261.2496	1.988913	0.740666	0.259334	1.290162
7140	-3981.774	-4242.94	261.1666	2.067288	0.607836	0.392164	1.293962
7146	-3984.484	-4245.621	261.1372	1.933191	0.627749	0.372251	1.423349
7152	-3989.095	-4250.03	260.9346	1.828041	0.786089	0.213911	1.651611
7158	-3994.215	-4255.04	260.8253	1.836609	0.75622	0.24378	1.723141
7164	-3984.348	-4245.105	260.7575	1.764164	0.721857	0.278143	1.820893
7170	-3993.032	-4253.663	260.6309	1.701814	0.730883	0.269117	1.949492
7176	-3992.114	-4252.63	260.5164	1.816305	0.730883	0.269117	1.949492
7182	-4009.82	-4270.693	260.8728	1.875714	0.691	0.309	1.661701
7188	-3997.295	-4258.342	261.047	1.860861	0.697818	0.302182	1.545913
7194	-3988.185	-4249.021	260.8362	1.894463	0.671689	0.328311	1.674457
7200	-3982.842	-4243.874	261.0324	1.856775	0.673892	0.326108	1.559717
7206	-3991.933	-4252.905	260.9718	1.768488	0.74226	0.25774	1.667567
7212	-3987.976	-4248.933	260.9572	1.919402	0.693109	0.306891	1.568961
7218	-3993.982	-4254.969	260.9874	1.8518	0.786681	0.213319	1.596253
7224	-3992.424	-4252.876	260.4513	1.802899	0.735537	0.264463	2.002049
7230	-3992.8	-4253.547	260.7475	1.870173	0.718558	0.281442	1.754254
7236	-3985.364	-4246.189	260.8256	1.766701	0.718558	0.281442	1.771948
7242	-3990.929	-4251.742	260.8124	1.745771	0.718521	0.281479	1.79567
7248	-3995.437	-4256.151	260.7134	1.672579	0.76492	0.23508	1.913548
7254	-4005.309	-4265.995	260.6862	1.820668	0.705237	0.294763	1.831066
7260	-3997.324	-4258.062	260.7377	1.780424	0.728017	0.271983	1.823343
7266	-3998.204	-4258.844	260.6398	1.7765	0.728017	0.271983	1.892998
7272	-3980.886	-4241.801	260.9156	1.835033	0.651123	0.348877	1.660184
7278	-3985.678	-4246.529	260.851	1.844813	0.683427	0.316573	1.699222
7284	-3985.263	-4246.163	260.9002	1.843939	0.718588	0.281412	1.664862
7290	-3992.098	-4252.888	260.7902	1.783769	0.625809	0.374191	1.784646
7296	-3992.88	-4253.652	260.7722	1.801817	0.756315	0.243685	1.784646
7302	-3986.528	-4247.563	261.0349	2.020073	0.623959	0.376041	1.435206
7308	-3985.838	-4247.022	261.1844	1.989097	0.68821	0.31179	1.342618
7314	-4002.441	-4263.792	261.3505	2.072051	0.586969	0.413031	1.133405
7320	-3998.22	-4259.605	261.3857	2.10591	0.644865	0.355135	1.070152
7326	-4001.789	-4262.99	261.2014	2.03544	0.623694	0.376306	1.291569
7332	-3985.185	-4246.215	261.0301	1.831814	0.644779	0.355221	1.579709
7338	-3985.211	-4246.056	260.845	1.89128	0.60511	0.39489	1.670459
7344	-3981.431	-4242.473	261.0413	1.911511	0.7481	0.2519	1.512496
7350	-3990.106	-4251.088	260.9824	1.881327	0.733108	0.266892	1.57835
7356	-4005.889	-4266.938	261.0494	1.765443	0.658535	0.341465	1.61399
7362	-4009.523	-4270.758	261.2356	1.935912	0.713643	0.286357	1.344207
7368	-4003.661	-4264.951	261.2905	2.106622	0.702575	0.297425	1.155907
7374	-4002.938	-4264.12	261.1815	1.914422	0.786455	0.213545	1.403628
7380	-3975.764	-4237.032	261.2677	1.948353	0.65713	0.34287	1.308418
7386	-3971.505	-4232.775	261.2701	1.906425	0.650985	0.349015	1.340159
7392	-3981.71	-4242.92	261.2108	1.910499	0.642605	0.357395	1.383781
7398	-3977.872	-4239.211	261.3397	1.948987	0.66366	0.33634	1.248776
7404	-3992.247	-4253.323	261.0755	1.951954	0.669474	0.330526	1.456257
7410	-3990.345	-4251.558	261.2129	2.047421	0.659049	0.340951	1.272269
7416	-3984.82	-4246.154	261.3341	2.047421	0.626931	0.373069	1.169649
7422	-4002.696	-4264.008	261.3124	2.068493	0.714627	0.285373	1.170202
7428	-4001.992	-4263.308	261.3164	2.064437	0.71398	0.28602	1.170202
7434	-3984.254	-4245.614	261.36	2.305149	0.661806	0.338194	0.89269
7440	-3984.797	-4246.147	261.3505	2.308482	0.661806	0.338194	0.8997585
7446	-3979.831	-4241.18	261.349	2.242851	0.574016	0.425984	0.9718333
7452	-3990.631	-4251.969	261.3381	2.190797	0.65875	0.34125	1.034574
7458	-3977.859	-4239.237	261.3779	2.150988	0.729945	0.270055	1.034574
7464	-3987.544	-4248.936	261.3918	2.221139	0.620064	0.379936	0.9497968
7470	-3998.096	-4259.467	261.3714	2.241545	0.589568	0.410432	0.9497968
7476	-3995.324	-4256.74	261.4155	2.10818	0.686794	0.313206	1.039617
7482	-4001.426	-4262.722	261.2964	2.081989	0.686794	0.313206	1.172344
7488	-3986.666	-4248.02	261.3541	2.103609	0.695145	0.304855	1.101539
7494	-3999.993	-4261.367	261.3732	2.164806	0.695145	0.304855	1.025743
7500	-3990.11	-4251.527	261.4163	2.193952	0.694531	0.305469	0.9527194
7506	-3988.541	-4249.911	261.3698	2.213101	0.634444	0.365556	0.9809556
7512	-3988.566	-4249.972	261.4056	2.179988	0.730648	0.269352	0.978263
7518	-3994.824	-4256.164	261.3401	2.179988	0.759324	0.240676	1.043141
7524	-4009.011	-4270.44	261.4293	2.179988	0.828218	0.171782	0.9536995
7530	-3995.453	-4256.883	261.4293	2.179988	0.712428	0.287572	0.9536995
7536	-4006.193	-4267.592	261.3982	2.148687	0.769289	0.230711	1.017067
7542	-3975.248	-4236.577	261.3289	2.085276	0.608593	0.391407	1.140814
7548	-3974.269	-4235.598	261.3289	2.085276	0.563157	0.436843	1.140814
7554	-3983.177	-4244.491	261.314	2.100243	0.708066	0.291934	1.140814
7560	-3998.767	-4260.066	261.2996	2.158015	0.659168	0.340832	1.101675
7566	-3997.556	-4258.887	261.3307	2.169895	0.659168	0.340832	1.061632
7572	-3984.834	-4246.151	261.3166	2.14716	0.63839	0.36161	1.095997
7578	-3992.425	-4253.845	261.4198	2.157963	0.63839	0.36161	0.9862074
7584	-3990.139	-4251.461	261.3211	2.271619	0.721528	0.278472	0.9709157
7590	-3992.486	-4253.915	261.4291	2.271619	0.645222	0.354778	0.851023
7596	-3981.016	-4242.407	261.3909	2.220397	0.655899	0.344101	0.9515957
7602	-4004.243	-4264.77	260.527	1.618026	0.61549	0.38451	2.074361
7608	-4002.857	-4263.514	260.6577	1.79017	0.818436	0.181564	1.871479
7614	-3991.146	-4251.624	260.4774	1.79017	0.761498	0.238502	1.993111
7620	-3991.955	-4252.593	260.6388	1.764968	0.75139	0.24861	1.901446
7626	-3988.577	-4249.263	260.6858	1.736643	0.648547	0.351453	1.888822
7632	-3995.967	-4256.815	260.8487	1.736643	0.636164	0.363836	1.77678
7638	-3999.31	-4260.432	261.1226	1.85431	0.639158	0.360842	1.494515
7644	-3991.08	-4252.179	261.0985	1.864105	0.639158	0.360842	1.505233
7650	-3988.877	-4249.901	261.0236	1.938996	0.619461	0.380539	1.505233
7656	-3987.178	-4248.055	260.8772	1.878275	0.579851	0.420149	1.65673
7662	-3991.774	-4252.589	260.8149	1.940543	0.652476	0.347524	1.65673
7668	-4011.118	-4272.102	260.984	1.946093	0.652476	0.347524	1.529442
7674	-4015.988	-4277.068	261.0797	2.02049	0.647003	0.352997	1.400283
7680	-4007.58	-4268.806	261.2257	1.993871	0.676281	0.323719	1.305558
7686	-4007.469	-4268.693	261.224	2.079862	0.644059	0.355941	1.236108
7692	-3997.347	-4258.522	261.1759	2.059054	0.657513	0.342487	1.293096
7698	-4002.248	-4263.445	261.1971	2.069152	0.618686	0.381314	1.267388
7704	-3998.895	-4260.189	261.294	2.049309	0.699081	0.300919	1.202694
7710	-3986.894	-4248.145	261.2517	2.061844	0.699081	0.300919	1.227927
7716	-3986.038	-4247.316	261.278	2.109643	0.746548	0.253452	1.164315
7722	-4005.912	-4267.175	261.2629	2.035309	0.701612	0.298388	1.240845
7728	-4004.838	-4266.1	261.2616	2.082565	0.697019	0.302981	1.201916
7734	-3995.308	-4256.547	261.2393	1.930047	0.705541	0.294459	1.345916
7740	-3989.67	-4250.796	261.1268	2.006466	0.73622	0.26378	1.374458
7746	-3991.127	-4252.415	261.2876	2.075168	0.694784	0.305216	1.185882
7752	-3992.458	-4253.751	261.2924	2.098034	0.715535	0.284465	1.161845
7758	-3998.588	-4259.856	261.2678	1.983663	0.756267	0.243733	1.279559
7764	-3991.93	-4253.309	261.3791	2.445778	0.735083	0.264917	0.6674229
7770	-3995.416	-4256.829	261.4129	2.262122	0.735083	0.264917	0.8814395
7776	-3991.034	-4252.397	261.3635	2.311525	0.708538	0.291462	0.8814395
7782	-3992.688	-4254.013	261.3244	2.350624	0.711735	0.288265	0.8814395
7788	-3988.461	-4249.809	261.3485	2.314919	0.699088	0.300912	0.8947532
7794	-3995.572	-4256.914	261.3418	2.181642	0.655712	0.344288	1.039856
7800	-4005.127	-4266.563	261.4361	2.181642	0.691826	0.308174	0.9447248
7806	-3998.204	-4259.671	261.4671	2.162221	0.739736	0.260264	0.9324161
7812	-3996.348	-4257.809	261.4609	2.190364	0.59022	0.40978	0.9083521
7818	-3989.876	-4251.276	261.4002	2.144382	0.625709	0.374291	1.019346
7824	-3991.264	-4252.555	261.2915	2.132614	0.625709	0.374291	1.131939
7830	-3995.182	-4256.552	261.3698	2.046608	0.750768	0.249232	1.138832
7836	-3979.426	-4240.766	261.3397	2.218022	0.616414	0.383586	1.006353
7842	-3977.434	-4238.755	261.3215	2.149922	0.625798	0.374202	1.088952
7848	-3983.172	-4244.501	261.3296	2.141779	0.644308	0.355692	1.088952
7854	-3974.339	-4235.679	261.3402	2.143756	0.676705	0.323295	1.077284
7860	-3977.503	-4238.815	261.3117	2.134403	0.704461	0.295539	1.112109
7866	-3974.751	-4236.149	261.3983	2.045576	0.626274	0.373726	1.11414
7872	-3999.241	-4260.616	261.3744	2.101964	0.6497	0.3503	1.084314
7878	-3999.55	-4260.804	261.254	2.044726	0.607787	0.392213	1.240426
7884	-3997.545	-4258.826	261.2806	2.072613	0.756392	0.243608	1.194124
7890	-3991.546	-4252.845	261.2988	2.152856	0.776972	0.223028	1.107119
7896	-3978.387	-4239.689	261.3017	2.142201	0.60911	0.39089	1.114105
7902	-3987.888	-4249.119	261.2314	2.114146	0.699817	0.300183	1.200778
7908	-3986.855	-4248.198	261.343	2.120034	0.720785	0.279215	1.096642
7914	-4013.039	-4274.39	261.3509	2.288704	0.678523	0.321477	0.9211872
7920	-3995.434	-4256.737	261.3023	2.138958	0.66351	0.33649	1.116483
7926	-3986.55	-4247.861	261.311	2.125975	0.735671	0.264329	1.120371
7932	-3998.501	-4259.872	261.3701	2.163853	0.637117	0.362883	1.029681
7938	-3986.582	-4247.923	261.3416	2.099986	0.637766	0.362234	1.116213
7944	-3986.183	-4247.283	261.1004	1.851997	0.658417	0.341583	1.512815
7950	-3985.849	-4246.985	261.136	1.911881	0.658417	0.341583	1.440628
7956	-3988.776	-4249.765	260.9886	1.933222	0.725462	0.274538	1.535576
7962	-3977.668	-4238.571	260.9033	1.933222	0.663511	0.336489	1.59821
7968	-3979.645	-4240.697	261.0525	1.869551	0.663511	0.336489	1.535393
7974	-3982.556	-4243.622	261.0668	1.938974	0.676466	0.323534	1.472718
7980	-4002.655	-4263.673	261.0182	1.904693	0.625757	0.374243	1.534785
7986	-3989.056	-4249.807	260.7512	1.823627	0.730254	0.269746	1.784071
7992	-3979.396	-4240.161	260.7657	1.823627	0.703397	0.296603	1.774005
7998	-3981.477	-4242.247	260.7698	1.819531	0.703397	0.296603	1.774005
8004	-3983.429	-4244.261	260.8314	1.757899	0.745028	0.254972	1.774005
8010	-3975.049	-4236.237	261.1876	1.965154	0.745028	0.254972	1.359043
8016	-3993.973	-4255.326	261.3533	2.018495	0.693013	0.306987	1.178114
8022	-3992.786	-4253.889	261.1033	2.060337	0.642288	0.357712	1.350431
8028	-3999.448	-4260.624	261.1763	2.050021	0.78249	0.21751	1.300135
8034	-4017.564	-4278.814	261.25	2.00691	0.780267	0.219733	1.275141
8040	-4008.047	-4269.391	261.3446	2.134648	0.671406	0.328594	1.081689
8046	-4008.514	-4269.88	261.3662	2.134648	0.74268	0.25732	1.061432
8052	-3991.206	-4252.565	261.3585	2.108922	0.684659	0.315341	1.092594
8058	-3996.648	-4257.997	261.349	2.118471	0.737891	0.262109	1.092594
8064	-3987.743	-4248.821	261.077	1.9297	0.685754	0.314246	1.471978
8070	-3979.969	-4241.053	261.084	1.94149	0.629155	0.370845	1.45772
8076	-3970.775	-4231.871	261.0965	1.929002	0.704976	0.295024	1.45772
8082	-3984.645	-4245.734	261.0892	1.929002	0.596113	0.403887	1.463257
8088	-3990.043	-4251.171	261.1277	1.931629	0.748064	0.251936	1.431875
8094	-3976.969	-4238.12	261.151	1.908366	0.705626	0.294374	1.431875
8100	-3977.528	-4238.717	261.1893	1.946696	0.714357	0.285643	1.372302
8106	-3988.136	-4249.414	261.2788	2.018465	0.717295	0.282705	1.241602
8112	-3991.059	-4252.213	261.1541	2.018465	0.731441	0.268559	1.343317
8118	-3979.608	-4240.726	261.1175	1.988689	0.661421	0.338579	1.395647
8124	-3996.791	-4257.957	261.1658	2.0219	0.691133	0.308867	1.331268
8130	-3983.893	-4245.151	261.2578	2.03778	0.741389	0.258611	1.242992
8136	-3992.539	-4253.753	261.2138	1.97745	0.782877	0.217123	1.328443
8142	-3998.041	-4259.017	260.9765	1.897361	0.58439	0.41561	1.570927
8148	-3984.166	-4245.304	261.138	1.880234	0.58439	0.41561	1.463243
8154	-3990.309	-4251.22	260.9117	1.879468	0.751584	0.248416	1.631059
8160	-3978.529	-4239.624	261.0948	1.918374	0.725699	0.274301	1.467102
8166	-3977.879	-4239.007	261.1286	1.884603	0.725699	0.274301	1.467102
8172	-3987.008	-4248.133	261.1246	1.791709	0.679792	0.320208	1.539643
8178	-3995.808	-4256.755	260.9463	1.962286	0.741017	0.258983	1.545357
8184	-4007.125	-4268.421	261.2961	1.902147	0.650528	0.349472	1.322828
8190	-3982.787	-4243.93	261.1425	1.944749	0.69857	0.30143	1.410355
8196	-3990.414	-4251.641	261.2277	1.916038	0.636974	0.363026	1.366182
8202	-3984.988	-4245.885	260.8975	1.735724	0.749531	0.250469	1.743359
8208	-3977.727	-4238.368	260.6405	1.788741	0.58555	0.41445	1.884157
8214	-3974.282	-4234.949	260.667	1.726508	0.768036	0.231964	1.908426
8220	-3992.356	-4253.16	260.8044	1.839732	0.659337	0.340663	1.735651
8226	-3979.991	-4240.754	260.764	1.823714	0.635834	0.364166	1.775154
8232	-3993.896	-4254.683	260.7872	1.844882	0.775577	0.224423	1.744105
8238	-3986.699	-4247.88	261.1808	1.961678	0.651363	0.348637	1.367167
8244	-3986.438	-4247.766	261.3278	2.091149	0.764766	0.235234	1.136588
8250	-3980.902	-4242.123	261.221	2.054548	0.73945	0.26055	1.259738
8256	-3987.839	-4248.973	261.1332	1.976645	0.745435	0.254565	1.39275
8262	-3989.044	-4250.155	261.111	2.015101	0.560426	0.439574	1.380082
8268	-3980.75	-4241.942	261.1921	2.012948	0.667621	0.332379	1.317292
8274	-3978.112	-4239.134	261.0213	1.864737	0.641278	0.358722	1.562007
8280	-3976.773	-4237.814	261.0414	1.864737	0.769719	0.230281	1.547212
8286	-3995.476	-4256.5	261.0248	1.930062	0.741809	0.258191	1.511005
8292	-4000.761	-4261.625	260.8641	1.74505	0.559364	0.440636	1.760155
8298	-3995.928	-4256.311	260.3832	1.712223	0.672023	0.327977	2.106925
8304	-3979.619	-4240.245	260.6265	1.698566	0.659605	0.340395	1.954632
8310	-3987.212	-4248.004	260.7919	1.796514	0.708877	0.291123	1.774663
8316	-3983.11	-4243.893	260.7837	1.779113	0.749239	0.250761	1.792425
8322	-3984.407	-4245.02	260.613	1.670217	0.658464	0.341536	1.982658
8328	-3986.995	-4247.376	260.3809	1.740197	0.664236	0.335764	2.090085
8334	-3996.144	-4256.729	260.5851	1.731164	0.607778	0.392222	1.960521
8340	-3985.656	-4246.15	260.494	1.66417	0.682428	0.317572	2.065713
8346	-3979.865	-4240.208	260.343	1.665372	0.682428	0.317572	2.163761
8352	-3992.821	-4253.665	260.8438	1.767283	0.685884	0.314116	1.758795
8358	-3993.953	-4254.671	260.7186	1.79549	0.685025	0.314975	1.826081
8364	-3986.233	-4246.872	260.6389	1.757562	0.676167	0.323833	1.906445
8370	-3978.399	-4238.995	260.5962	1.740802	0.722631	0.277369	1.946612
8376	-3985.172	-4245.822	260.6505	1.743335	0.722631	0.277369	1.908218
8382	-4009.133	-4269.926	260.7925	1.754925	0.699393	0.300607	1.803081
8388	-3984.449	-4245.533	261.0838	1.8602	0.671921	0.328079	1.519113
8394	-3992.942	-4253.898	260.9557	1.81541	0.73416	0.26584	1.645522
8400	-3983.672	-4244.858	261.1854	1.967801	0.673346	0.326654	1.358721
8406	-3992.629	-4253.637	261.0079	1.97305	0.713266	0.286734	1.491464
8412	-3987.072	-4248.355	261.283	1.927225	0.625153	0.374847	1.313109
8418	-3990.042	-4250.999	260.9569	1.864233	0.677562	0.322438	1.60943
8424	-3982.947	-4243.779	260.8319	1.784337	0.629697	0.370303	1.755193
8430	-3987.235	-4248.045	260.8099	1.806415	0.642321	0.357679	1.755193
8436	-3989.44	-4250.197	260.7568	1.737849	0.732346	0.267654	1.839472
8442	-4001.137	-4261.745	260.6079	1.738113	0.723518	0.276482	1.940512
8448	-3999.914	-4260.78	260.8658	1.830836	0.70869	0.29131	1.69863
8454	-4008.043	-4269.041	260.9974	1.755308	0.690654	0.309346	1.658742
8460	-4001.758	-4262.048	260.2906	1.692161	0.722614	0.277386	2.18041
8466	-3999.518	-4259.648	260.1306	1.672073	0.722614	0.277386	2.296399
8472	-4000.539	-4261.032	260.4928	1.629419	0.750997	0.249003	2.089357
8478	-3982.574	-4243.101	260.5264	1.845909	0.682144	0.317856	1.922759
8484	-3995.128	-4255.95	260.8219	1.878104	0.689607	0.310393	1.696224
8490	-3993.545	-4254.27	260.7257	1.768205	0.704611	0.295389	1.839944
8496	-3991.139	-4251.745	260.606	1.761282	0.702349	0.297651	1.926197
8502	-3989.65	-4250.007	260.3572	1.830786	0.694798	0.305202	2.046012
8508	-3995.861	-4256.647	260.7857	1.819941	0.675179	0.324821	1.762606
8514	-3995.825	-4256.433	260.608	1.756606	0.619874	0.380126	1.927975
8520	-3993.759	-4255.054	261.2953	2.045163	0.692977	0.307023	1.205131
8526	-4007.874	-4269.256	261.3817	2.054886	0.588468	0.411532	1.120709
8532	-4011.452	-4272.196	260.7445	1.824744	0.606114	0.393886	1.787926
8538	-4002.981	-4263.686	260.705	1.842699	0.694316	0.305684	1.802901
8544	-3989.303	-4250.385	261.0823	1.936199	0.656067	0.343933	1.463092
8550	-4008.422	-4269.845	261.423	2.072965	0.709376	0.290624	1.066068
8556	-3992.22	-4253.551	261.3311	2.108194	0.718703	0.281297	1.118274
8562	-3991.561	-4252.944	261.3831	2.108194	0.653904	0.346096	1.070455
8568	-3981.651	-4242.865	261.2143	1.948252	0.625801	0.374199	1.351274
8574	-3990.508	-4251.672	261.1644	2.030448	0.686963	0.313037	1.325522
8580	-3988.319	-4249.659	261.3405	2.095192	0.74455	0.25545	1.121547
8586	-3974.595	-4235.922	261.3268	2.108931	0.659483	0.340517	1.121547
8592	-3980.964	-4242.258	261.2945	2.141979	0.642297	0.357703	1.120826
8598	-3981.198	-4242.528	261.3298	2.021405	0.672269	0.327731	1.195911
8604	-3972.535	-4233.952	261.4172	2.118256	0.70337	0.29663	1.028198
8610	-3966.167	-4227.584	261.4168	2.129591	0.77742	0.22258	1.017565
8616	-3959.514	-4220.86	261.3456	2.087043	0.747893	0.252107	1.124283
8622	-3971.604	-4233.045	261.4406	2.09812	0.729377	0.270623	1.025043
8628	-3968.925	-4230.284	261.3589	2.147602	0.647479	0.352521	1.056101
8634	-3975.681	-4237.121	261.4398	2.069247	0.743858	0.256142	1.053617
8640	-3985.113	-4246.518	261.405	2.248424	0.743427	0.256573	0.9059412
8646	-4003.388	-4264.837	261.449	2.181904	0.670704	0.329296	0.9306427
8652	-4006.611	-4268.013	261.402	2.175211	0.628945	0.371055	0.9867862
8658	-4008.91	-4270.309	261.399	2.282454	0.686325	0.313675	0.8738992
8664	-3989.593	-4251.011	261.4184	2.318672	0.700097	0.299903	0.8051873
8670	-3999.123	-4260.611	261.4879	2.249112	0.684464	0.315536	0.8051873
8676	-4002.59	-4263.948	261.3583	2.281794	0.683269	0.316731	0.9207032
8682	-4001.541	-4262.808	261.267	1.97278	0.606825	0.393175	1.289146
8688	-3996.77	-4257.79	261.0194	2.00417	0.704833	0.295167	1.459172
8694	-4005.724	-4267.138	261.4143	2.102869	0.675921	0.324079	1.045864
8700	-3985.722	-4247.13	261.4083	2.108919	0.614504	0.385496	1.045864
8706	-3984.409	-4245.788	261.3791	2.071613	0.618896	0.381104	1.107907
8712	-3976.373	-4237.655	261.2812	2.169515	0.726617	0.273383	1.107907
8718	-3977.449	-4238.685	261.236	2.152774	0.738227	0.261773	1.163297
8724	-3987.685	-4248.923	261.238	2.150722	0.689634	0.310366	1.163297
8730	-3992.237	-4253.563	261.3255	1.982623	0.807096	0.192904	1.23253
8736	-3986.105	-4247.406	261.3011	1.982623	0.685676	0.314324	1.252952
8742	-3986.414	-4247.552	261.1383	1.884937	0.759767	0.240233	1.459437
8748	-3984.64	-4245.778	261.1383	1.884937	0.720338	0.279662	1.459437
8754	-3988.501	-4249.337	260.8353	1.785241	0.720338	0.279662	1.75218
8760	-3984.796	-4245.543	260.7475	1.810033	0.70922	0.29078	1.796057
8766	-3994.418	-4255.309	260.891	1.721104	0.673728	0.326272	1.758137
8772	-3993.938	-4254.928	260.9908	1.807853	0.621172	0.378828	1.625714
8778	-3989.215	-4250.101	260.8869	1.820752	0.635706	0.364294	1.690799
8784	-3979.443	-4240.4	260.9562	1.754533	0.76155	0.23845	1.688644
8790	-3979.368	-4240.263	260.8949	1.882385	0.76155	0.23845	1.641087
8796	-3991.449	-4252.586	261.1376	1.971774	0.605958	0.394042	1.393118
8802	-3988.415	-4249.662	261.247	1.92602	0.684144	0.315856	1.343017
8808	-3999.687	-4261.043	261.3554	2.043037	0.685794	0.314206	1.154776
8814	-3986.858	-4248.148	261.2899	2.04965	0.77559	0.22441	1.205848
8820	-3982.611	-4243.926	261.3145	2.012553	0.73734	0.26266	1.216482
8826	-3984.131	-4245.192	261.0614	1.930052	0.709201	0.290799	1.483525
8832	-4012.09	-4273.558	261.4686	2.310812	0.744393	0.255607	0.745484
8838	-3977.647	-4239.01	261.3633	2.30284	0.700337	0.299663	0.8915778
8844	-3974.842	-4236.292	261.4503	2.26116	0.671897	0.328103	0.837907
8850	-3992.183	-4253.539	261.3554	2.239613	0.646736	0.353264	0.9685668
8856	-3997.005	-4258.36	261.3545	2.251364	0.650348	0.349652	0.9572891
8862	-4009.12	-4270.427	261.3068	2.127238	0.64313	0.35687	1.123082
8868	-3996.64	-4257.821	261.1813	2.107648	0.672179	0.327821	1.248574
8874	-4002.457	-4263.754	261.2967	2.202078	0.674504	0.325496	1.06338
8880	-3981.027	-4242.456	261.4292	2.209275	0.63682	0.36318	0.9224127
8886	-3967.76	-4229.159	261.3986	2.247814	0.714805	0.285195	0.9137702
8892	-3991.196	-4252.641	261.4448	2.247814	0.650714	0.349286	0.8607325
8898	-3980.004	-4241.449	261.4448	2.247814	0.666831	0.333169	0.8607325
8904	-3978.9	-4240.376	261.4756	2.217765	0.69454	0.30546	0.8598903
8910	-3989.736	-4251.03	261.2941	2.28484	0.725048	0.274952	0.9849953
8916	-3999.215	-4260.634	261.4188	2.148227	0.59723	0.40277	0.9970711
8922	-3990.625	-4252.07	261.4445	2.122529	0.627448	0.372552	0.9970711
8928	-3992.432	-4253.765	261.3327	2.118537	0.680356	0.319644	1.107466
8934	-3988.817	-4250.147	261.3299	1.970022	0.741304	0.258696	1.239389
8940	-4005.378	-4266.734	261.3559	2.040993	0.692166	0.307834	1.156103
8946	-3983.045	-4244.382	261.3368	2.023244	0.69219	0.30781	1.18827
8952	-3987.15	-4248.498	261.3477	2.023244	0.712072	0.287928	1.178879
8958	-3995.489	-4256.94	261.4513	2.037916	0.73363	0.26637	1.072334
8964	-4015.592	-4277.008	261.4166	2.106321	0.655412	0.344588	1.040364
8970	-3997.849	-4259.232	261.3829	2.107745	0.652693	0.347307	1.071034
8976	-3999.717	-4261.025	261.3083	2.136874	0.64669	0.35331	1.113009
8982	-3988.308	-4249.595	261.2864	2.083056	0.708937	0.291063	1.180085
8988	-3981.727	-4242.972	261.2454	2.103882	0.581265	0.418735	1.197533
8994	-3981.043	-4242.222	261.1787	1.990403	0.668538	0.331462	1.346129
9000	-3983.895	-4245.143	261.2478	2.042585	0.747621	0.252379	1.247336
9006	-3982.65	-4243.862	261.2113	2.016284	0.674927	0.325073	1.299059
9012	-3980.128	-4241.489	261.361	2.016284	0.768211	0.231789	1.173351
9018	-3980.115	-4241.532	261.417	2.138054	0.666873	0.333127	1.009002
9024	-3976.019	-4237.42	261.4006	2.028923	0.598193	0.401807	1.127158
9030	-3979.358	-4240.719	261.3607	2.033266	0.707238	0.292762	1.158715
9036	-3980.899	-4242.327	261.4278	1.961594	0.692283	0.307717	1.162699
9042	-3978.445	-4239.619	261.1739	1.970326	0.691203	0.308797	1.36583
9048	-3985.835	-4246.928	261.0938	1.861216	0.609203	0.390797	1.510875
9054	-3983.771	-4244.995	261.224	1.869572	0.609203	0.390797	1.405426
9060	-3982.852	-4243.944	261.0921	1.86696	0.578457	0.421543	1.507851
9066	-3994.41	-4255.535	261.1259	1.86696	0.65831	0.34169	1.482449
9072	-3994.02	-4254.545	260.5255	1.731653	0.686533	0.313467	2.000056
9078	-4004.251	-4264.93	260.6791	1.726353	0.703736	0.296264	1.900313
9084	-3991.04	-4252.226	261.1857	1.909785	0.652177	0.347823	1.403948
9090	-4004.921	-4266.061	261.1391	1.930732	0.703544	0.296456	1.423758
9096	-4010.925	-4271.935	261.0108	1.90771	0.714234	0.285766	1.53803
9102	-3998.26	-4259.113	260.8521	1.843981	0.670928	0.329072	1.699016
9108	-3992.448	-4253.628	261.18	2.006929	0.734696	0.265304	1.33184
9114	-3991.959	-4253.101	261.1422	2.009144	0.629372	0.370628	1.36015
9120	-3976.114	-4237.349	261.2347	1.98534	0.660129	0.339871	1.305202
9126	-3984.612	-4245.992	261.3803	2.195278	0.660129	0.339871	0.9884898
9132	-3992.573	-4254.015	261.4418	2.160742	0.660129	0.339871	0.9607671
9138	-3987.774	-4249.111	261.3374	2.172292	0.660129	0.339871	1.053055
9144	-4001.165	-4262.503	261.3374	2.172292	0.660129	0.339871	1.053055
9150	-3985.858	-4247.315	261.4569	2.125988	0.691266	0.308734	0.9810238
9156	-3989.008	-4250.445	261.4369	2.06912	0.74759	0.25241	1.056557
9162	-3998.406	-4259.725	261.3189	2.209906	0.702049	0.297951	1.034685
9168	-3990.01	-4251.403	261.3931	2.135757	0.717122	0.282878	1.034685
9174	-3990.931	-4252.251	261.3202	2.126822	0.600771	0.399229	1.111316
9180	-3986.864	-4248.275	261.4116	2.110298	0.566134	0.433866	1.041394
9186	-3974.264	-4235.714	261.4501	2.071735	0.639501	0.360499	1.041394
9192	-3991.535	-4252.907	261.3719	2.097927	0.639501	0.360499	1.09041
9198	-3996.68	-4258.027	261.3478	2.122034	0.709338	0.290662	1.09041
9204	-3988.03	-4249.404	261.3738	2.112631	0.634522	0.365478	1.075018
9210	-3988.049	-4249.402	261.353	2.243477	0.736074	0.263926	0.9670578
9216	-3987.546	-4248.918	261.3723	2.243477	0.727192	0.272808	0.9468926
9222	-3987.387	-4248.723	261.3357	2.279994	0.752491	0.247509	0.9468926
9228	-3989.829	-4251.203	261.3742	2.22208	0.715449	0.284551	0.9672204
9234	-3997.008	-4258.424	261.4159	2.259014	0.715449	0.284551	0.8815044
9240	-3992.901	-4254.32	261.4188	2.173401	0.637833	0.362167	0.9715108
9246	-3982.472	-4243.846	261.3736	2.019113	0.692872	0.307128	1.159863
9252	-3988.023	-4249.399	261.3769	2.015788	0.708825	0.291175	1.159863
9258	-3989.746	-4250.926	261.1792	1.986361	0.730749	0.269251	1.348905
9264	-3976.228	-4237.608	261.3797	2.190344	0.738771	0.261229	0.9940182
9270	-3981.49	-4242.944	261.4534	2.106544	0.726552	0.273448	1.004137
9276	-3970.162	-4231.535	261.3736	2.226441	0.687739	0.312261	0.9633605
9282	-3971.97	-4233.448	261.4789	2.178869	0.645264	0.354736	0.9011341
9288	-3998.161	-4259.45	261.2892	2.232577	0.7025	0.2975	1.041506
9294	-4006.602	-4268.025	261.4222	2.031705	0.74455	0.25545	1.105038
9300	-4016.517	-4277.981	261.4644	2.263377	0.74296	0.25704	0.8172699
9306	-3993.93	-4255.25	261.3203	2.150089	0.715868	0.284132	1.089881
9312	-3995.216	-4256.513	261.2971	2.090675	0.750662	0.249338	1.164115
9318	-3986.937	-4248.283	261.3462	2.139579	0.686912	0.313088	1.075568
9324	-3987.782	-4249.057	261.2755	2.067261	0.649972	0.350028	1.203161
9330	-4002.708	-4263.98	261.2724	2.018328	0.686812	0.313188	1.247089
9336	-3992.406	-4253.662	261.2555	2.161377	0.737562	0.262438	1.138439
9342	-3983.622	-4244.921	261.2982	2.003183	0.625589	0.374411	1.238131
9348	-3991.695	-4252.938	261.2423	2.059115	0.734838	0.265162	1.238131
9354	-3997.061	-4258.325	261.2637	2.037773	0.623797	0.376203	1.238131
9360	-3990.917	-4252.261	261.3436	2.131615	0.729382	0.270618	1.085399
9366	-3993.45	-4254.822	261.3711	2.200146	0.777238	0.222762	0.9928577
9372	-3980.405	-4241.847	261.4426	2.142515	0.637869	0.362131	0.9787547
9378	-3977.009	-4238.432	261.4228	2.198916	0.609638	0.390362	0.9405562
9384	-3975.429	-4236.759	261.3301	2.141506	0.609638	0.390362	1.0888
9390	-3987.641	-4249.074	261.4334	2.133885	0.593468	0.406532	0.9968491
9396	-3999.062	-4260.421	261.3592	2.151943	0.593468	0.406532	1.051676
9402	-4001.722	-4263.184	261.4616	2.251653	0.681973	0.318027	0.8356127
9408	-4007.886	-4269.326	261.44	2.225942	0.750045	0.249955	0.8918396
9414	-3990.148	-4251.573	261.4254	2.248814	0.649333	0.350667	0.8823532
9420	-3986.569	-4248.01	261.4411	2.248814	0.659312	0.340688	0.8640395
9426	-3985.772	-4247.168	261.3965	2.233392	0.711544	0.288456	0.9317966
9432	-3990.337	-4251.672	261.3345	2.169086	0.70384	0.29616	1.058795
9438	-3990.692	-4252.11	261.418	2.110713	0.746637	0.253363	1.034802
9444	-3998.461	-4259.872	261.4114	2.194448	0.678552	0.321448	0.9573394
9450	-4010.026	-4271.172	261.1453	2.02853	0.683934	0.316066	1.34232
9456	-4005.17	-4266.379	261.2089	2.069014	0.771305	0.228695	1.257775
9462	-3985.144	-4246.461	261.3174	2.040478	0.680544	0.319456	1.190131
9468	-3991.934	-4253.233	261.2987	2.034009	0.718045	0.281955	1.211709
9474	-3990.585	-4251.942	261.3569	1.975839	0.682646	0.317354	1.211709
9480	-3993.374	-4254.665	261.2918	2.021221	0.697004	0.302996	1.228384
9486	-3978.188	-4239.528	261.34	1.961092	0.720627	0.279373	1.238429
9492	-3970.997	-4232.31	261.3124	2.01803	0.71571	0.28429	1.213628
9498	-3972.144	-4233.538	261.3933	1.979328	0.660523	0.339477	1.177407
9504	-3972.651	-4234.096	261.4453	2.108655	0.660523	0.339477	1.010091
9510	-3969.905	-4231.381	261.4755	2.108655	0.772685	0.227315	0.9797674
9516	-3969.088	-4230.48	261.3925	2.112229	0.645228	0.354772	1.057752
9522	-3979.284	-4240.698	261.4139	2.102553	0.684611	0.315389	1.046618
9528	-3990.875	-4252.15	261.2755	2.192262	0.718816	0.281184	1.092319
9534	-3977.786	-4239.138	261.3523	2.136637	0.624626	0.375374	1.072641
9540	-3981.795	-4243.162	261.3671	2.110844	0.545611	0.454389	1.082931
9546	-3980.881	-4242.135	261.2546	2.203216	0.718583	0.281417	1.101491
9552	-3986.277	-4247.585	261.3082	2.147601	0.726587	0.273413	1.103278
9558	-3983.18	-4244.51	261.3304	2.104241	0.755261	0.244739	1.122516
9564	-3994.799	-4256.094	261.2948	2.152732	0.612389	0.387611	1.110866
9570	-3988.62	-4249.989	261.3691	2.092876	0.747301	0.252699	1.097605
9576	-3999.318	-4260.623	261.3049	2.105552	0.629518	0.370482	1.144127
9582	-3995.512	-4256.888	261.3763	2.132982	0.652865	0.347135	1.053388
9588	-3977.918	-4239.288	261.3696	2.139736	0.652865	0.347135	1.053388
9594	-3994.585	-4256.01	261.4251	2.137454	0.666043	0.333957	1.001564
9600	-3979.193	-4240.547	261.3539	2.15657	0.71444	0.28556	1.05233
9606	-3979.133	-4240.503	261.3701	2.09705	0.768625	0.231375	1.092865
9612	-3981.686	-4243.034	261.3484	2.09705	0.726035	0.273965	1.112688
9618	-3985.378	-4246.702	261.3238	2.093844	0.71862	0.28138	1.137781
9624	-3979.555	-4240.953	261.3975	2.126246	0.659833	0.340167	1.039623
9630	-3989.19	-4250.567	261.3775	2.158834	0.641532	0.358468	1.027431
9636	-4000.673	-4261.966	261.2923	2.027621	0.641532	0.358468	1.222532
9642	-3985.706	-4246.966	261.2602	1.896636	0.685064	0.314936	1.35585
9648	-3977.77	-4238.874	261.1039	1.871967	0.652902	0.347098	1.495243
9654	-3998.27	-4259.6	261.33	2.32023	0.631595	0.368405	0.9094858
9660	-3992.093	-4253.109	261.0152	1.924094	0.662008	0.337992	1.522645
9666	-3984.45	-4245.572	261.1216	1.933406	0.571837	0.428163	1.435169
9672	-3997.231	-4258.474	261.2429	1.92968	0.766536	0.233464	1.343351
9678	-3995.672	-4256.656	260.9836	1.856685	0.734111	0.265889	1.595474
9684	-4004.012	-4264.996	260.9833	1.857047	0.68434	0.31566	1.595474
9690	-3985.432	-4246.293	260.8603	1.81685	0.733497	0.266503	1.712439
9696	-3994.641	-4255.465	260.8232	1.773846	0.690026	0.309974	1.768596
9702	-3992.476	-4253.453	260.9766	1.763528	0.690026	0.309974	1.667734
9708	-3997.975	-4258.963	260.9879	1.764791	0.685409	0.314591	1.658701
9714	-3989.773	-4250.921	261.1474	1.80485	0.718622	0.281378	1.512921
9720	-3986.646	-4247.789	261.1436	1.860322	0.775863	0.224137	1.474089
9726	-3989.991	-4251.077	261.0859	1.81763	0.75451	0.24549	1.549097
9732	-3976.713	-4237.735	261.0223	1.881246	0.657998	0.342002	1.549097
9738	-3988.974	-4249.922	260.9476	1.835363	0.657998	0.342002	1.637018
9744	-3987.475	-4248.365	260.8899	1.893021	0.716966	0.283034	1.637018
9750	-3988.453	-4249.503	261.0496	1.942082	0.658199	0.341801	1.483349
9756	-3987.621	-4248.666	261.0458	1.945849	0.613454	0.386546	1.483349
9762	-3996.127	-4257.183	261.0558	1.91755	0.716319	0.283681	1.497158
9768	-4012.821	-4273.777	260.9559	1.912912	0.650416	0.349584	1.574684
9774	-4005.602	-4266.602	260.9996	1.887499	0.631768	0.368232	1.561254
9780	-3999.784	-4260.709	260.9253	1.801726	0.711632	0.288368	1.677048
9786	-3992.415	-4253.402	260.987	1.818038	0.698191	0.301809	1.621104
9792	-3989.643	-4250.553	260.9102	1.778058	0.663263	0.336737	1.704594
9798	-3984.723	-4245.924	261.2003	1.786016	0.686988	0.313012	1.487366
9804	-4002.725	-4263.953	261.2286	1.904963	0.711885	0.288115	1.374236
9810	-3988.78	-4250.089	261.3095	2.040731	0.74112	0.25888	1.196695
9816	-3983.124	-4244.572	261.4472	2.024944	0.694784	0.305216	1.088233
9822	-3980.014	-4241.399	261.3851	2.058305	0.726356	0.273644	1.114564
9828	-3992.056	-4253.412	261.356	2.101759	0.642658	0.357342	1.101474
9834	-3991.659	-4252.914	261.2553	2.098391	0.746732	0.253268	1.193729
9840	-3991.484	-4252.612	261.1286	2.049044	0.749163	0.250837	1.339292
9846	-3996.739	-4258.112	261.3724	2.049044	0.677943	0.322057	1.134381
9852	-3986.373	-4247.745	261.3721	2.091141	0.558325	0.441675	1.096472
9858	-3985.367	-4246.617	261.25	2.067719	0.6128	0.3872	1.22444
9864	-3987.109	-4248.51	261.4009	2.067719	0.645957	0.354043	1.091563
9870	-3990.417	-4251.673	261.2561	2.049079	0.532347	0.467653	1.235015
9876	-3989.112	-4250.289	261.1776	1.979594	0.677711	0.322289	1.355534
9882	-3985.952	-4247.241	261.2894	1.973867	0.636904	0.363096	1.26984
9888	-4002.246	-4263.277	261.0307	1.914865	0.622896	0.377104	1.517915
9894	-3985.233	-4246.419	261.1855	1.958947	0.622479	0.377521	1.365636
9900	-3986.266	-4247.319	261.0529	1.783224	0.655374	0.344626	1.598511
9906	-3994.053	-4255.077	261.0249	1.811264	0.643275	0.356725	1.598511
9912	-3993.178	-4254.197	261.0198	1.857296	0.707826	0.292174	1.568568
9918	-3980.966	-4242.1	261.1342	1.925506	0.707826	0.292174	1.431567
9924	-3981.25	-4242.349	261.0992	1.852936	0.683428	0.316572	1.513003
9930	-3981.554	-4242.657	261.1028	1.864599	0.763201	0.236799	1.501603
9936	-3983.254	-4244.474	261.2206	2.03976	0.795856	0.204144	1.27229
9942	-3982.376	-4243.628	261.2524	2.007924	0.7587	0.2413	1.27229
9948	-3974.488	-4235.792	261.3041	2.007924	0.7587	0.2413	1.229185
9954	-3969.997	-4231.387	261.3903	2.09505	0.685918	0.314082	1.075984
9960	-3973.86	-4235.182	261.3219	2.163445	0.70357	0.29643	1.075984
9966	-3982.119	-4243.487	261.3679	2.163445	0.70357	0.29643	1.032235
9972	-3988.278	-4249.713	261.4343	2.155296	0.648375	0.351625	0.9741187
9978	-3990.673	-4252.005	261.3326	2.201455	0.756744	0.243256	1.029628
9984	-3965.588	-4227.003	261.4152	2.15555	0.779723	0.220277	0.993282
9990	-3962.987	-4224.351	261.3644	2.153815	0.7421	0.2579	1.044862
9996	-3970.718	-4232.117	261.399	2.064929	0.727338	0.272662	1.09587
10002	-3973.993	-4235.319	261.3261	2.110759	0.738324	0.261676	1.120544
10008	-4000.166	-4261.471	261.3047	2.043587	0.709815	0.290185	1.198417
10014	-3998.255	-4258.443	260.1874	1.705864	0.694758	0.305242	2.238274
10020	-3992.875	-4253.212	260.3367	1.591857	0.676856	0.323144	2.215503
10026	-3991.017	-4250.85	259.8326	1.667447	0.788005	0.211995	2.487702
10032	-4001.919	-4262.032	260.1131	1.564928	0.698759	0.301241	2.375697
10038	-4011.157	-4271.158	260.0006	1.594795	0.64091	0.35909	2.427839
10044	-4006.994	-4267.496	260.5026	1.669369	0.706546	0.293454	2.056586
10050	-3998.569	-4259.824	261.2543	2.112023	0.699008	0.300992	1.182814
10056	-3989.332	-4250.627	261.295	2.112023	0.699008	0.300992	1.147165
10062	-3998.132	-4259.422	261.2906	2.074702	0.663249	0.336751	1.183751
10068	-3988.908	-4250.151	261.2437	2.074702	0.663249	0.336751	1.22387
10074	-3984.347	-4245.6	261.2533	2.065043	0.697951	0.302049	1.22387
10080	-3991.241	-4252.613	261.3723	2.055117	0.774556	0.225444	1.128969
10086	-4008.787	-4269.854	261.0671	2.007159	0.668982	0.331018	1.42037
10092	-4002.697	-4263.945	261.2473	1.997697	0.75693	0.24307	1.284888
10098	-3987.219	-4248.467	261.2473	1.997697	0.671025	0.328975	1.284888
10104	-3985.764	-4246.97	261.2065	1.934019	0.694553	0.305447	1.368742
10110	-3992.87	-4254.181	261.311	1.947364	0.637811	0.362189	1.273948
10116	-4000.889	-4262.051	261.1618	1.97371	0.725736	0.274264	1.372651
10122	-4004.096	-4265.216	261.12	1.81694	0.558709	0.441291	1.524337
10128	-4000.901	-4261.928	261.0271	1.875837	0.711644	0.288356	1.549569
10134	-3993.652	-4254.727	261.075	1.880017	0.751806	0.248194	1.510871
10140	-4001.976	-4263.038	261.062	2.001961	0.748249	0.251751	1.428278
10146	-3991.559	-4252.727	261.1681	1.954928	0.622789	0.377211	1.382434
10152	-3986.135	-4247.482	261.3463	2.019948	0.632194	0.367806	1.1829
10158	-3979.255	-4240.545	261.2901	2.068593	0.69271	0.30729	1.18942
10164	-3978.316	-4239.702	261.3865	2.117635	0.666423	0.333577	1.058351
10170	-4001.912	-4263.309	261.3972	2.259869	0.692285	0.307715	0.9018386
10176	-3996.745	-4258.132	261.3861	2.242889	0.663595	0.336405	0.9327636
10182	-4006.915	-4268.307	261.3924	2.207072	0.61303	0.38697	0.9639824
10188	-3996.506	-4257.966	261.4604	2.137821	0.660383	0.339617	0.96529
10194	-3981.5	-4243.011	261.5111	2.137821	0.654765	0.345235	0.9109971
10200	-3981.746	-4243.171	261.425	1.944838	0.729354	0.270646	1.179813
10206	-3974.61	-4235.939	261.3291	2.112345	0.729354	0.270646	1.116328
10212	-3967.355	-4228.687	261.332	2.172711	0.720446	0.279554	1.057743
10218	-3976.752	-4238.15	261.3974	2.066043	0.720446	0.279554	1.096253
10224	-3985.823	-4247.252	261.4291	2.066043	0.617279	0.382721	1.066784
10230	-3994.98	-4256.29	261.3099	2.125449	0.590779	0.409221	1.121889
10236	-3993.518	-4254.82	261.3021	2.262643	0.619818	0.380182	0.9992982
10242	-3994.627	-4256.023	261.3959	2.152631	0.619818	0.380182	1.015438
10248	-3988.533	-4249.978	261.4451	2.152631	0.728336	0.271664	0.9657081
10254	-3999.772	-4261.205	261.4323	2.165518	0.647204	0.352796	0.9657081
10260	-3989.657	-4251.098	261.4405	2.225031	0.809295	0.190705	0.8923306
10266	-4007.939	-4269.436	261.497	2.242443	0.574888	0.425112	0.8020511
10272	-4010.204	-4271.66	261.4552	2.202913	0.741393	0.258607	0.9006561
10278	-3988.027	-4249.494	261.4663	2.167355	0.678903	0.321097	0.9277273
10284	-3997.906	-4259.316	261.4092	2.099752	0.718806	0.281194	1.053711
10290	-4001.886	-4263.295	261.4085	2.058986	0.681116	0.318884	1.09253
10296	-3999.508	-4260.864	261.3551	2.187779	0.590106	0.409894	1.020958
10302	-3983.18	-4244.607	261.427	2.188421	0.696554	0.303446	0.9471724
10308	-3986.689	-4248.216	261.5273	2.233988	0.662326	0.337674	0.7720234
10314	-3988.582	-4250.016	261.4335	2.220035	0.798668	0.201332	0.9057725
10320	-3982.412	-4243.838	261.4254	2.220035	0.717593	0.282407	0.9148485
10326	-3982.051	-4243.424	261.3722	2.220035	0.649616	0.350384	0.971446
10332	-3986.899	-4248.197	261.298	2.131343	0.649616	0.350384	1.1273
10338	-3979.21	-4240.571	261.3604	2.127495	0.590695	0.409305	1.073579
10344	-3987.042	-4248.463	261.4208	2.087965	0.681402	0.318598	1.053887
10350	-3986.871	-4248.205	261.3344	2.159512	0.681402	0.318598	1.067976
10356	-4012.369	-4273.809	261.4396	2.054303	0.681402	0.318598	1.067976
10362	-4014.58	-4275.929	261.3491	2.157359	0.743059	0.256941	1.056125
10368	-4010.278	-4271.527	261.2489	2.079496	0.665111	0.334889	1.215405
10374	-4007.38	-4268.627	261.2468	2.08158	0.779916	0.220084	1.215405
10380	-4008.892	-4270.274	261.3817	2.073985	0.707607	0.292393	1.103416
10386	-4015.334	-4276.69	261.356	2.131734	0.709383	0.290617	1.073787
10392	-3995.12	-4256.45	261.3295	2.205946	0.721243	0.278757	1.028292
10398	-3990.267	-4251.588	261.3212	2.214208	0.704541	0.295459	1.028292
10404	-4009.351	-4270.356	261.0049	1.996091	0.652589	0.347411	1.476328
10410	-3988.304	-4249.299	260.9953	2.046802	0.649374	0.350626	1.445101
10416	-3986.494	-4247.426	260.9328	1.91712	0.639716	0.360284	1.588476
10422	-3989.736	-4251.029	261.2929	2.188494	0.65503	0.34497	1.079724
10428	-3996.475	-4257.796	261.3208	2.160583	0.705274	0.294726	1.079724
10434	-3991.272	-4252.607	261.3345	2.246569	0.673835	0.326165	0.9828753
10440	-3996.285	-4257.702	261.4164	2.301918	0.761313	0.238687	0.8292385
10446	-4005.269	-4266.616	261.3466	2.390104	0.749136	0.250864	0.8055705
10452	-3989.225	-4250.209	260.9849	2.04238	0.722536	0.277464	1.456391
10458	-3993.514	-4254.654	261.14	2.024321	0.722536	0.277464	1.349926
10464	-3986.726	-4248.011	261.2851	2.024321	0.693408	0.306592	1.231448
10470	-3996.938	-4258.347	261.4083	2.024321	0.693408	0.306592	1.124358
10476	-3983.499	-4244.717	261.2176	2.068347	0.70255	0.29745	1.251041
10482	-3978.699	-4240	261.3012	2.068347	0.552758	0.447242	1.180034
10488	-3995.899	-4257.209	261.3105	2.059101	0.676954	0.323046	1.180034
10494	-4010.504	-4271.053	260.5492	1.621787	0.680575	0.319425	2.057229
10500	-3998.602	-4259.131	260.5297	1.641337	0.80298	0.19702	2.057229
10506	-4008.184	-4268.531	260.3463	1.67586	0.700106	0.299894	2.154799
10512	-3997.296	-4257.432	260.1364	1.710475	0.682744	0.317256	2.268043
10518	-3992.735	-4252.397	259.6624	1.743183	0.683546	0.316454	2.54664
10524	-3998.898	-4258.489	259.5903	1.518977	0.733228	0.266772	2.72944
10530	-3997.586	-4257.855	260.2689	1.646139	0.713941	0.286059	2.224244
10536	-4000.518	-4260.624	260.1059	1.58352	0.713941	0.286059	2.368436
10542	-3998.123	-4258.246	260.1226	1.648667	0.713941	0.286059	2.31641
10548	-3988.891	-4248.578	259.6867	1.651038	0.670429	0.329571	2.588752
10554	-3995.89	-4256.167	260.2766	1.679313	0.640076	0.359924	2.197799
10560	-3989.709	-4249.439	259.7295	1.679313	0.66579	0.33421	2.544608
10566	-3987.337	-4247.749	260.4115	1.71812	0.713632	0.286368	2.084515
10572	-3989.653	-4250.206	260.5525	1.743463	0.643456	0.356544	1.97414
10578	-3985.166	-4245.916	260.75	1.82506	0.713718	0.286282	1.783942
10584	-4000.099	-4261.182	261.0822	1.961835	0.760276	0.239724	1.443605
10590	-3987.27	-4248.395	261.1251	1.961835	0.63752	0.36248	1.410551
10596	-3994.204	-4255.321	261.1169	1.971598	0.646119	0.353881	1.40933
10602	-3989.234	-4250.34	261.1068	1.85725	0.619734	0.380266	1.504153
10608	-3989.626	-4250.881	261.2552	1.956943	0.7652	0.2348	1.311556
10614	-3988.892	-4249.206	260.3136	1.69456	0.734622	0.265378	2.163923
10620	-3985.302	-4245.638	260.3366	1.606756	0.732123	0.267877	2.205915
10626	-3988.443	-4248.88	260.4373	1.617967	0.748032	0.251968	2.133246
10632	-4000.306	-4261.08	260.7737	1.676542	0.681224	0.318776	1.869823
10638	-3992.493	-4253.298	260.8046	1.821699	0.706771	0.293229	1.748215
10644	-3984.356	-4245.223	260.8664	1.793624	0.646903	0.353097	1.724488
10650	-3992.801	-4253.81	261.0089	1.767982	0.646903	0.353097	1.641392
10656	-4003.267	-4264.239	260.9713	1.805501	0.588067	0.411933	1.641392
10662	-3996.538	-4257.695	261.1569	2.044971	0.641273	0.358727	1.319881
10668	-3981.26	-4242.315	261.0543	1.975154	0.784434	0.215566	1.454722
10674	-3985.06	-4246.244	261.1835	1.936048	0.703165	0.296835	1.385169
10680	-3997.903	-4259.305	261.4016	2.196703	0.713842	0.286158	0.9651291
10686	-4001.029	-4262.369	261.3399	2.233848	0.629747	0.370253	0.990247
10692	-4002.125	-4263.51	261.3847	2.187594	0.615795	0.384205	0.991764
10698	-3991.52	-4252.918	261.3979	2.191968	0.615795	0.384205	0.973854
10704	-3973.252	-4234.64	261.3881	2.059023	0.642915	0.357085	1.11124
10710	-3983.732	-4245.101	261.3697	2.097875	0.694648	0.305352	1.092484
10716	-4002.978	-4264.297	261.3191	2.172238	0.694648	0.305352	1.070361
10722	-3989.618	-4250.989	261.371	2.206194	0.731682	0.268318	0.9868266
10728	-4007.535	-4268.907	261.3726	2.154944	0.731682	0.268318	1.035881
10734	-3993.748	-4255.082	261.3341	2.087845	0.754502	0.245498	1.133876
10740	-3979.708	-4241.104	261.3959	2.087845	0.794823	0.205177	1.077519
10746	-3978.665	-4239.873	261.2078	2.087845	0.609175	0.390825	1.242996
10752	-3980.403	-4241.697	261.2933	2.002304	0.712488	0.287512	1.242996
10758	-3994.45	-4255.481	261.0307	1.888099	0.712488	0.287512	1.537828
10764	-3993.539	-4254.468	260.9292	1.812231	0.651957	0.348043	1.666787
10770	-3999.775	-4260.715	260.9396	1.876251	0.623627	0.376373	1.613252
10776	-3978.163	-4239.129	260.9659	1.876251	0.62766	0.37234	1.594166
10782	-4002.963	-4264.016	261.0534	1.916921	0.735647	0.264353	1.499415
10788	-3996.43	-4257.58	261.15	1.820345	0.661965	0.338035	1.499415
10794	-4004.143	-4265.163	261.0197	1.900774	0.717152	0.282848	1.536597
10800	-3984.589	-4245.322	260.7325	1.822305	0.744457	0.255543	1.797967
10806	-3982.118	-4243.032	260.9144	1.821018	0.616233	0.383767	1.671053
10812	-3991.623	-4253.046	261.4228	2.212395	0.550698	0.449302	0.9259977
10818	-3996.426	-4257.769	261.3429	2.264126	0.588017	0.411983	0.956106
10824	-3996.558	-4257.86	261.3014	2.183912	0.705806	0.294194	1.075996
10830	-3995.669	-4257.071	261.4025	2.146455	0.715273	0.284727	1.015044
10836	-3999.734	-4261.226	261.492	2.12168	0.720093	0.279907	0.9490539
10842	-3984.365	-4245.276	260.911	1.909147	0.719921	0.280079	1.610119
10848	-3989.401	-4250.29	260.8892	1.906446	0.72428	0.27572	1.627868
10854	-3971.226	-4231.985	260.759	1.75847	0.730633	0.269367	1.823791
10860	-3989.037	-4249.796	260.759	1.75847	0.61775	0.38225	1.823791
10866	-3987.338	-4248.351	261.0137	1.85152	0.662876	0.337124	1.577302
10872	-3997.098	-4258.042	260.9434	1.991355	0.609565	0.390435	1.525994
10878	-3978.973	-4240.265	261.2925	1.980187	0.715257	0.284743	1.262075
10884	-3985.892	-4247.062	261.1697	1.974872	0.637859	0.362141	1.365524
10890	-3999.899	-4260.97	261.0715	1.974872	0.784033	0.215967	1.441832
10896	-3996.515	-4257.497	260.982	1.971103	0.780537	0.219463	1.512315
10902	-3991.36	-4252.825	261.4645	2.06084	0.734875	0.265125	1.038022
10908	-3986.68	-4248.011	261.331	2.062639	0.725577	0.274423	1.158998
10914	-3992.049	-4253.385	261.3364	2.050343	0.659341	0.340659	1.16503
10920	-3991.691	-4252.838	261.1474	1.980456	0.677452	0.322548	1.378686
10926	-3982.924	-4244.124	261.2007	1.97515	0.668837	0.331163	1.340686
10932	-3983.145	-4244.283	261.1377	2.032929	0.668837	0.331163	1.344902
10938	-3987.787	-4248.862	261.075	1.954269	0.66515	0.33485	1.454878
10944	-3982.262	-4243.537	261.2754	2.037727	0.71705	0.28295	1.228316
10950	-3982.064	-4243.505	261.4414	2.100079	0.638407	0.361593	1.022394
10956	-3987.741	-4249.08	261.3395	2.091538	0.638407	0.361593	1.125764
10962	-3986.902	-4248.124	261.2224	2.119374	0.681982	0.318018	1.203964
10968	-3979.971	-4241.189	261.218	2.123735	0.681982	0.318018	1.203964
10974	-3982.066	-4243.316	261.2505	2.045474	0.773248	0.226752	1.242733
10980	-3990.627	-4251.928	261.3012	1.994751	0.81743	0.18257	1.242733
10986	-3991.567	-4252.82	261.2533	2.017689	0.81743	0.18257	1.263451
10992	-4000.56	-4261.774	261.214	2.033301	0.745613	0.254387	1.282962
10998	-3993.189	-4254.517	261.3277	2.058424	0.600603	0.399397	1.165577
11004	-4002.661	-4263.749	261.0884	1.901696	0.622822	0.377178	1.484532
11010	-3996.074	-4257.194	261.1209	1.887678	0.696485	0.303515	1.470622
11016	-3979.109	-4240.254	261.1455	1.835324	0.672163	0.327837	1.491513
11022	-3989.065	-4250.165	261.0999	1.914512	0.674244	0.325756	1.466167
11028	-3972.455	-4233.623	261.168	1.906396	0.61504	0.38496	1.420268
11034	-3969.804	-4230.899	261.0944	1.906396	0.589645	0.410355	1.476486
11040	-3972.964	-4234.058	261.0944	1.906396	0.704157	0.295843	1.476486
11046	-3969.748	-4230.902	261.1534	1.90428	0.685856	0.314144	1.433113
11052	-3968.989	-4229.934	260.9452	1.855721	0.711501	0.288499	1.62407
11058	-3976.111	-4237.07	260.959	1.841873	0.773035	0.226965	1.62407
11064	-3980.632	-4241.658	261.0259	1.84646	0.774583	0.225417	1.572025
11070	-3984.975	-4245.966	260.9912	1.881173	0.774583	0.225417	1.572025
11076	-3987.388	-4248.481	261.0928	1.769118	0.784864	0.215136	1.579712
11082	-3988.231	-4249.211	260.9799	1.884464	0.784864	0.215136	1.577934
11088	-3979.209	-4240.239	261.0299	1.933763	0.793811	0.206189	1.504435
11094	-4003.14	-4264.299	261.1584	1.985106	0.707092	0.292908	1.366348
11100	-3985.571	-4246.703	261.1326	1.882978	0.690843	0.309157	1.465274
11106	-3985.146	-4246.31	261.1643	1.875931	0.714457	0.285543	1.446539
11112	-3993.299	-4254.267	260.9676	1.776636	0.648603	0.351397	1.664759
11118	-3981.864	-4242.637	260.7729	1.757239	0.675764	0.324236	1.815023
11124	-3981.772	-4242.582	260.8103	1.753554	0.780739	0.219261	1.791706
11130	-3982.489	-4243.479	260.9899	1.846638	0.656211	0.343789	1.598212
11136	-3992.477	-4253.005	260.5288	1.721618	0.681603	0.318397	2.004562
11142	-3991.079	-4251.82	260.7417	1.796388	0.649065	0.350935	1.809505
11148	-3993.507	-4254.208	260.701	1.743447	0.733292	0.266708	1.873797
11154	-3997.49	-4258.248	260.7583	1.784812	0.658697	0.341303	1.806091
11160	-4004.078	-4264.778	260.7001	1.792721	0.623689	0.376311	1.840714
11166	-4009.651	-4270.619	260.9682	1.846791	0.671619	0.328381	1.613856
11172	-4009.828	-4270.95	261.1224	1.926633	0.758487	0.241513	1.439798
11178	-4009.11	-4270.379	261.2691	2.043389	0.728971	0.271029	1.228796
11184	-3995.92	-4257.127	261.2077	2.036075	0.574794	0.425206	1.285902
11190	-3988.166	-4249.481	261.3155	2.082799	0.696699	0.303301	1.154894
11196	-4000.926	-4262.026	261.1006	1.960514	0.710365	0.289635	1.430531
11202	-4011.526	-4272.536	261.0104	1.999395	0.578876	0.421124	1.469663
11208	-4000.877	-4262.032	261.1551	1.968441	0.750824	0.249176	1.382044
11214	-3990.228	-4251.338	261.1103	1.914222	0.674775	0.325225	1.458503
11220	-3988.664	-4249.635	260.9712	1.847883	0.729906	0.270094	1.610935
11226	-3995.326	-4256.132	260.8063	1.770254	0.694826	0.305174	1.782855
11232	-4011.389	-4272.466	261.0771	1.846813	0.769393	0.230607	1.534044
11238	-4004.361	-4265.253	260.8921	1.932224	0.645204	0.354796	1.607126
11244	-3996.28	-4256.978	260.6974	1.75202	0.661624	0.338376	1.87043
11250	-3984.25	-4244.855	260.605	1.717188	0.661821	0.338179	1.95651
11256	-3981.655	-4242.655	261	1.872661	0.656967	0.343033	1.571853
11262	-3988.9	-4249.883	260.9828	1.855306	0.715661	0.284339	1.597107
11268	-3983.705	-4244.659	260.9544	1.843146	0.625603	0.374397	1.62646
11274	-3983.786	-4244.751	260.9647	1.921236	0.625603	0.374397	1.56206
11280	-3987.333	-4248.41	261.0773	1.930815	0.747062	0.252938	1.470955
11286	-3997.235	-4258.586	261.3511	1.982181	0.631096	0.368904	1.211246
11292	-3989.82	-4251.233	261.4127	2.386633	0.703028	0.296972	0.7137565
11298	-3978.072	-4239.485	261.4136	2.381578	0.615104	0.384896	0.7206416
11304	-3988.697	-4250.077	261.3806	2.392269	0.672005	0.327995	0.7552649
11310	-3991.341	-4252.737	261.3959	2.335828	0.730176	0.269824	0.8121784
11316	-3998.607	-4260.022	261.4148	2.335828	0.774589	0.225411	0.7868495
11322	-3995.601	-4256.973	261.3722	2.335828	0.662767	0.337233	0.8421158
11328	-3975.356	-4236.67	261.314	2.179161	0.693113	0.306887	1.068711
11334	-3975.087	-4236.42	261.333	2.128041	0.693113	0.306887	1.098481
11340	-3980.102	-4241.449	261.3464	2.144913	0.694082	0.305918	1.070401
11346	-3976.862	-4238.246	261.3838	2.107556	0.694082	0.305918	1.070401
11352	-3978.936	-4240.205	261.2686	2.075735	0.691425	0.308575	1.201754
11358	-3979.716	-4241.092	261.3754	2.111262	0.685424	0.314576	1.074748
11364	-3975.114	-4236.527	261.4131	2.111262	0.753709	0.246291	1.039021
11370	-3974.984	-4236.437	261.4532	2.197743	0.753709	0.246291	0.908682
11376	-3982.331	-4243.72	261.3892	2.273059	0.764837	0.235163	0.8960311
11382	-3993.36	-4254.728	261.3682	2.171907	0.736212	0.263788	1.023692
11388	-3988.341	-4249.701	261.3594	2.183134	0.641707	0.358293	1.021313
11394	-3987.94	-4249.322	261.3817	2.183009	0.750736	0.249264	0.9993554
11400	-3990.186	-4251.398	261.2118	2.09253	0.807712	0.192288	1.23568
11406	-3983.847	-4245.127	261.2799	2.027205	0.710459	0.289541	1.233392
11412	-3967.727	-4228.974	261.2469	2.027205	0.694103	0.305897	1.260906
11418	-3977.087	-4238.407	261.3197	2.096546	0.706594	0.293406	1.138964
11424	-3971.63	-4232.912	261.2823	2.079216	0.657417	0.342583	1.186981
11430	-3980.887	-4242.241	261.3547	2.038005	0.666331	0.333669	1.159798
11436	-3997.345	-4258.769	261.4249	2.055073	0.750149	0.249851	1.080996
11442	-3985.246	-4246.6	261.3541	2.055073	0.674998	0.325002	1.145287
11448	-3976.081	-4237.465	261.3838	2.06564	0.71111	0.28889	1.109131
11454	-3983.201	-4244.432	261.2311	2.116904	0.71111	0.28889	1.198603
11460	-3994.262	-4255.63	261.3676	2.146054	0.668892	0.331108	1.049278
11466	-4000.419	-4261.75	261.3314	2.111847	0.684357	0.315643	1.114692
11472	-3993.128	-4254.582	261.4538	2.04444	0.640142	0.359858	1.063931
11478	-3984.883	-4246.243	261.3593	2.064898	0.697374	0.302626	1.131872
11484	-3986.768	-4248.069	261.3015	2.04719	0.791891	0.208109	1.198086
11490	-3981.48	-4242.885	261.4057	2.075467	0.713515	0.286485	1.079926
11496	-3974.579	-4235.912	261.3329	2.0165	0.658686	0.341314	1.197422
11502	-3982.157	-4243.435	261.2784	2.071022	0.646587	0.353413	1.197422
11508	-3980.192	-4241.588	261.3966	2.123487	0.723209	0.276791	1.043095
11514	-3977.532	-4238.862	261.3298	2.143092	0.648742	0.351258	1.087533
11520	-3976.805	-4238.196	261.391	2.081894	0.586485	0.413515	1.087533
11526	-3980.07	-4241.358	261.2884	2.13361	0.702988	0.297012	1.133886
11532	-3977.057	-4238.41	261.3533	2.185342	0.758765	0.241235	1.025099
11538	-3970.295	-4231.576	261.2801	2.165481	0.758765	0.241235	1.112575
11544	-3983.722	-4245.137	261.415	2.14704	0.762804	0.237196	1.002037
11550	-3976.81	-4238.176	261.3661	2.244185	0.714739	0.285261	0.9526577
11556	-3977.563	-4238.919	261.3561	2.168459	0.751491	0.248509	1.038815
11562	-3974.094	-4235.325	261.2312	2.112644	0.636015	0.363985	1.20219
11568	-3980.862	-4242.096	261.2339	2.00722	0.749857	0.250143	1.288074
11574	-3980.926	-4242.267	261.341	2.001251	0.641597	0.358403	1.203522
11580	-3992.452	-4253.725	261.273	2.018754	0.635155	0.364845	1.246194
11586	-3980.529	-4241.833	261.3036	2.148696	0.661961	0.338039	1.106514
11592	-3986.103	-4247.461	261.3582	2.259655	0.712805	0.287195	0.9446888
11598	-3972.579	-4233.898	261.3186	2.159405	0.59799	0.40201	1.082832
11604	-4000.22	-4261.536	261.3163	2.197073	0.752163	0.247837	1.049504
11610	-3998.368	-4259.699	261.3308	2.197073	0.645571	0.354429	1.035571
11616	-4006.696	-4267.79	261.0942	2.019038	0.620615	0.379385	1.390109
11622	-3996.099	-4257.37	261.2717	1.964524	0.739194	0.260806	1.292008
11628	-3994.642	-4255.962	261.3201	2.137627	0.697037	0.302963	1.101502
11634	-3987.925	-4249.129	261.2043	2.186217	0.697037	0.302963	1.16176
11640	-3976.894	-4238.242	261.3479	2.270877	0.612118	0.387882	0.943679
11646	-3983.766	-4245.105	261.3382	2.297043	0.644426	0.355574	0.9260009
11652	-3986.009	-4247.312	261.3032	2.400921	0.63108	0.36892	0.8468931
11658	-3980.756	-4242.069	261.3123	2.400921	0.5969	0.4031	0.83563
11664	-3999.693	-4261.078	261.3848	2.279675	0.646532	0.353468	0.8935114
11670	-3986.185	-4247.492	261.3076	2.294567	0.701298	0.298702	0.9611176
11676	-3991.675	-4253.068	261.3936	2.258428	0.701298	0.298702	0.907502
11682	-3993.968	-4255.436	261.4679	2.231532	0.65608	0.34392	0.8525564
11688	-4001.712	-4263.087	261.3751	2.076423	0.700861	0.299139	1.107215
11694	-3980.779	-4242.071	261.2924	2.175621	0.780517	0.219483	1.092099
11700	-3984.416	-4245.732	261.3159	2.106794	0.733801	0.266199	1.133197
11706	-3978.485	-4239.795	261.3106	2.106794	0.694136	0.305864	1.137981
11712	-3978.144	-4239.521	261.3763	2.041084	0.635028	0.364972	1.137981
11718	-3985.193	-4246.474	261.2806	1.999198	0.708569	0.291431	1.256197
11724	-3984.957	-4246.173	261.2165	1.962697	0.697828	0.302172	1.338074
11730	-3988.556	-4249.732	261.1769	1.992422	0.737918	0.262082	1.345959
11736	-3985.184	-4246.278	261.0934	1.924244	0.691764	0.308236	1.463729
11742	-3980.068	-4240.761	260.6925	1.747662	0.651087	0.348913	1.876722
11748	-3979.251	-4240.225	260.9736	1.774834	0.651087	0.348913	1.661796
11754	-3982.183	-4243.113	260.9303	1.851041	0.642853	0.357147	1.638183
11760	-3982.334	-4243.288	260.9546	1.727061	0.635399	0.364601	1.709249
11766	-4002.106	-4262.875	260.7688	1.863908	0.602748	0.397252	1.743678
11772	-3989.202	-4250.313	261.1113	1.838457	0.661523	0.338477	1.514825
11778	-3986.528	-4247.551	261.0229	1.905801	0.661523	0.338477	1.530482
11784	-3978.431	-4239.325	260.8939	1.761859	0.657294	0.342706	1.727525
11790	-3992.503	-4253.449	260.9453	1.857757	0.734645	0.265355	1.622471
11796	-3996.857	-4257.987	261.1301	1.875656	0.682088	0.317912	1.47275
11802	-3998.077	-4258.69	260.6126	1.809183	0.682088	0.317912	1.889238
11808	-3982.132	-4242.733	260.6004	1.723909	0.723357	0.276643	1.955135
11814	-4001.255	-4261.86	260.605	1.867317	0.607946	0.392054	1.854761
11820	-3978.681	-4238.945	260.2638	1.594159	0.754662	0.245338	2.260988
11826	-3987.024	-4247.566	260.5421	1.687613	0.754662	0.245338	2.018338
11832	-3983.987	-4244.467	260.4803	1.7478	0.729746	0.270254	2.01938
11838	-3991.52	-4252.114	260.5937	1.689763	0.686343	0.313657	1.982462
11844	-4000.812	-4262.256	261.4447	2.04634	0.611839	0.388161	1.070692
11850	-3990.569	-4251.901	261.3325	2.158485	0.633866	0.366134	1.070692
11856	-3988.898	-4250.191	261.2938	2.166337	0.637917	0.362083	1.099324
11862	-3988.44	-4249.841	261.4005	2.121137	0.678212	0.321788	1.041601
11868	-3979.854	-4241.251	261.3974	2.052856	0.749562	0.250438	1.108391
11874	-3997.339	-4258.762	261.4231	2.072304	0.576046	0.423954	1.066543
11880	-3982.024	-4243.269	261.245	2.072304	0.666462	0.333538	1.224734
11886	-3989.738	-4251.032	261.2933	1.970122	0.648352	0.351648	1.269779
11892	-3982.526	-4243.686	261.1594	1.946554	0.660009	0.339991	1.395837
11898	-3983.333	-4244.47	261.1372	2.078557	0.695227	0.304773	1.308712
11904	-3977.29	-4238.602	261.3114	2.078557	0.695227	0.304773	1.162265
11910	-3974.705	-4235.998	261.2926	2.032753	0.690981	0.309019	1.217946
11916	-3969.601	-4230.77	261.1697	2.032712	0.709104	0.290896	1.319429
11922	-4000.254	-4261.579	261.3257	1.965132	0.617609	0.382391	1.247027
11928	-3988.596	-4249.78	261.1837	1.955189	0.584866	0.415134	1.370006
11934	-3989.869	-4250.982	261.1133	1.955717	0.556371	0.443629	1.424448
11940	-3982.547	-4243.792	261.2448	1.964682	0.747316	0.252684	1.31372
11946	-3991.799	-4252.852	261.0528	2.009987	0.626921	0.373079	1.429208
11952	-3984.332	-4245.704	261.3725	1.995453	0.729846	0.270154	1.181446
11958	-3977.543	-4238.818	261.2757	2.009792	0.729846	0.270154	1.251488
11964	-3995.306	-4256.701	261.3947	2.276441	0.722422	0.277578	0.8858422
11970	-3986.645	-4247.944	261.2999	2.214397	0.725608	0.274392	1.048611
11976	-3992.319	-4253.719	261.4007	2.103072	0.697063	0.302937	1.058672
11982	-3985.79	-4246.365	260.5757	1.759401	0.67094	0.32906	1.947828
11988	-3987.216	-4248.051	260.8355	1.809199	0.719651	0.280349	1.735256
11994	-3974.093	-4235.057	260.9642	1.828644	0.719651	0.280349	1.629876
12000	-3989.278	-4250.234	260.9566	1.836276	0.732772	0.267228	1.629876
12006	-3984.297	-4245.059	260.7618	1.879528	0.600325	0.399675	1.737619
12012	-3976.109	-4237.213	261.1036	1.974746	0.742766	0.257234	1.417247
12018	-3978.969	-4240.106	261.1371	1.972	0.640257	0.359743	1.393316
12024	-3994.922	-4256.025	261.1026	2.055556	0.656463	0.343537	1.35475
12030	-3993.505	-4254.347	260.8428	1.875092	0.656463	0.343537	1.683575
12036	-3984.773	-4245.664	260.8906	1.924212	0.702456	0.297544	1.61401
12042	-3986.21	-4246.993	260.7835	1.817218	0.607221	0.392779	1.766097
12048	-3975.507	-4236.04	260.5334	1.742992	0.607221	0.392779	1.987201
12054	-3971.806	-4232.538	260.7325	1.832204	0.661636	0.338364	1.791136
12060	-4008.026	-4269.24	261.2138	2.061051	0.73583	0.26417	1.260282
12066	-4002.63	-4263.87	261.2403	2.06409	0.683493	0.316507	1.235654
12072	-4004.59	-4265.788	261.1978	2.137626	0.710177	0.289823	1.209366
12078	-3987.931	-4249.189	261.2574	2.02337	0.710177	0.289823	1.255343
12084	-3998.361	-4259.437	261.0765	2.051052	0.651633	0.348367	1.378936
12090	-3987.401	-4248.51	261.1094	2.038521	0.596508	0.403492	1.362885
12096	-3992.04	-4253.178	261.1378	2.096254	0.723257	0.276743	1.29381
12102	-3991.387	-4252.686	261.2996	2.134616	0.723779	0.276221	1.122865
12108	-3998.998	-4260.235	261.2372	2.133703	0.64323	0.35677	1.178851
12114	-3997.262	-4258.48	261.2185	2.075028	0.695258	0.304742	1.244709
12120	-3998.756	-4259.699	260.9426	1.781959	0.748201	0.251799	1.678839
12126	-3998.06	-4258.972	260.9119	1.764281	0.686144	0.313856	1.71312
12132	-3997.545	-4258.353	260.8084	1.80826	0.645286	0.354714	1.754958
12138	-3993.594	-4254.736	261.1425	1.899519	0.733865	0.266135	1.445114
12144	-3999.45	-4260.577	261.1277	1.907973	0.687618	0.312382	1.449989
12150	-4001.123	-4262.202	261.0786	1.980427	0.71598	0.28402	1.432124
12156	-3997.067	-4258.136	261.0682	1.990823	0.660454	0.339546	1.432124
12162	-3992.451	-4253.768	261.3171	1.990823	0.637209	0.362791	1.232651
12168	-3990.99	-4252.16	261.1699	1.956305	0.63178	0.36822	1.379945
12174	-3996.27	-4257.464	261.1936	1.977011	0.647819	0.352181	1.344929
12180	-3987.11	-4248.239	261.1292	1.895794	0.647819	0.352181	1.458141
12186	-3991.255	-4252.384	261.1292	1.895794	0.73079	0.26921	1.458141
12192	-3993.5	-4254.375	260.8749	1.893629	0.724919	0.275081	1.647346
12198	-3996.348	-4257.348	261.0003	1.889747	0.706878	0.293122	1.559062
12204	-3997.028	-4257.932	260.9043	1.916758	0.659498	0.340502	1.609462
12210	-3988.212	-4248.818	260.6061	1.784924	0.759818	0.240182	1.910089
12216	-3982.279	-4243.034	260.7546	1.795154	0.60586	0.39414	1.801471
12222	-3975.53	-4236.04	260.5099	1.787339	0.745725	0.254275	1.973282
12228	-3973.394	-4234.295	260.9008	1.782129	0.790379	0.209621	1.708362
12234	-3964.552	-4225.078	260.5258	1.775134	0.745963	0.254037	1.970816
12240	-3976.302	-4236.941	260.6388	1.737151	0.745963	0.254037	1.920295
12246	-3984.671	-4245.324	260.6533	1.705824	0.725343	0.274657	1.931691
12252	-3975.77	-4236.235	260.4654	1.685042	0.713351	0.286649	2.070802
12258	-3978.603	-4239.124	260.521	1.629456	0.619729	0.380271	2.070802
12264	-3976.187	-4237.001	260.8144	1.824415	0.630145	0.369855	1.739376
12270	-3978.091	-4238.827	260.7367	1.902153	0.656128	0.343872	1.739376
12276	-3967.166	-4228.301	261.1348	1.89782	0.705992	0.294008	1.452292
12282	-3986.458	-4247.328	260.87	1.861278	0.600929	0.399071	1.674045
12288	-3978.244	-4239.529	261.2843	1.986664	0.726543	0.273457	1.263477
12294	-3989.876	-4251.274	261.3979	2.077141	0.690241	0.309759	1.085545
12300	-3983.576	-4244.801	261.2247	2.14504	0.786974	0.213026	1.179874
12306	-3982.031	-4243.373	261.3414	2.166159	0.600867	0.399133	1.055036
12312	-3972.226	-4233.596	261.3706	2.095151	0.687774	0.312226	1.094122
12318	-3963.719	-4225.061	261.3416	2.067492	0.620477	0.379523	1.145374
12324	-3979.333	-4240.549	261.2158	2.028875	0.723426	0.276574	1.285113
12330	-3992.738	-4253.949	261.2106	1.983091	0.803252	0.196748	1.326464
12336	-3994.858	-4256.119	261.2611	2.0654	0.808815	0.191185	1.216969
12342	-3985.085	-4246.454	261.3683	2.168545	0.798017	0.201983	1.026865
12348	-3996.019	-4257.383	261.3637	2.160868	0.747063	0.252937	1.038825
12354	-3986.831	-4248.22	261.3887	2.061061	0.753985	0.246015	1.10882
12360	-3989.141	-4250.467	261.3256	2.09149	0.757396	0.242604	1.13823
12366	-3996.812	-4258.174	261.3615	2.087158	0.582592	0.417408	1.109831
12372	-3988.202	-4249.468	261.2659	1.923872	0.628465	0.371535	1.329591
12378	-3996.879	-4258.107	261.2284	1.938664	0.645282	0.354718	1.347691
12384	-3983.861	-4245.184	261.3227	2.004957	0.64515	0.35485	1.215997
12390	-3989.198	-4250.449	261.2505	2.011154	0.67286	0.32714	1.271161
12396	-3985.069	-4246.338	261.2689	2.067882	0.689798	0.310202	1.208201
12402	-3982.399	-4243.7	261.3015	2.03176	0.652345	0.347655	1.211226
12408	-3991.295	-4252.551	261.2562	2.003219	0.722063	0.277937	1.273006
12414	-3985.522	-4246.821	261.2985	1.928589	0.679624	0.320376	1.299444
12420	-3998.68	-4260.018	261.3383	1.952649	0.548563	0.451437	1.246909
12426	-3994.797	-4256.092	261.2955	1.952649	0.753766	0.246234	1.282275
12432	-3973.995	-4235.332	261.3364	2.078639	0.600139	0.399861	1.140026
12438	-3990.732	-4252.136	261.4039	2.078639	0.65433	0.34567	1.078575
12444	-3995.324	-4256.658	261.3336	2.0207	0.65433	0.34567	1.193248
12450	-3986.967	-4248.378	261.4108	2.09253	0.660056	0.339944	1.059045
12456	-3988.197	-4249.366	261.1689	2.000593	0.68924	0.31076	1.345795
12462	-4000.129	-4261.291	261.1622	2.113201	0.68924	0.31076	1.259824
12468	-3975.691	-4236.953	261.2623	2.113201	0.645959	0.354041	1.174903
12474	-3984.31	-4245.616	261.3058	2.139932	0.713868	0.286132	1.112443
12480	-3987.867	-4249.268	261.4008	2.110982	0.743314	0.256686	1.051026
12486	-3976.118	-4237.447	261.3287	2.110982	0.645751	0.354249	1.117914
12492	-3974.798	-4236.117	261.3184	2.121282	0.663637	0.336363	1.117914
12498	-3989.447	-4250.722	261.2758	2.078311	0.751722	0.248278	1.193379
12504	-3985.015	-4246.312	261.2971	2.078311	0.63799	0.36201	1.17493
12510	-3977.021	-4238.315	261.2944	2.064113	0.669354	0.330646	1.189591
12516	-3992.736	-4254.015	261.2785	2.044301	0.69693	0.30307	1.220122
12522	-3983.111	-4244.375	261.2642	2.054886	0.731659	0.268341	1.223257
12528	-3991.155	-4252.478	261.3231	2.118231	0.731659	0.268341	1.116484
12534	-3980.195	-4241.573	261.3783	2.060593	0.700682	0.299318	1.118678
12540	-3993.599	-4254.985	261.3862	2.060593	0.721835	0.278165	1.11148
12546	-3985.066	-4246.296	261.2302	2.114893	0.701944	0.298056	1.201148
12552	-3992.3	-4253.594	261.294	2.059996	0.735789	0.264211	1.193477
12558	-3994.044	-4255.23	261.1857	2.059996	0.751717	0.248283	1.284305
12564	-3989.576	-4250.851	261.2749	2.035587	0.657576	0.342424	1.230507
12570	-3989.979	-4251.217	261.2386	2.071914	0.63106	0.36894	1.230507
12576	-3991.305	-4252.571	261.2664	2.125365	0.624431	0.375569	1.160668
12582	-3984.065	-4245.42	261.3553	2.151102	0.668039	0.331961	1.056205
12588	-3977.82	-4239.191	261.3711	2.116931	0.671271	0.328729	1.073452
12594	-3982.867	-4244.238	261.3711	2.116931	0.735997	0.264003	1.073452
12600	-3993.554	-4254.82	261.2665	2.079989	0.618247	0.381753	1.199914
12606	-3983.228	-4244.581	261.3528	2.133458	0.737317	0.262683	1.075126
12612	-3985.018	-4246.38	261.3624	2.083668	0.619305	0.380695	1.112163
12618	-3985.948	-4247.338	261.3902	2.055892	0.613376	0.386624	1.112163
12624	-3986.982	-4248.41	261.4283	2.138912	0.775378	0.224622	0.9968671
12630	-3983.239	-4244.673	261.434	2.20613	0.668568	0.331432	0.9206803
12636	-3981.12	-4242.456	261.3356	2.220668	0.668721	0.331279	1.007762
12642	-3992.529	-4253.667	261.138	1.951121	0.683177	0.316823	1.408888
12648	-3980.635	-4241.995	261.3595	1.979986	0.772648	0.227352	1.205928
12654	-3974.915	-4236.305	261.3909	2.114339	0.755967	0.244033	1.057309
12660	-3985.226	-4246.528	261.3022	2.088746	0.657492	0.342508	1.161414
12666	-3986.485	-4247.752	261.2673	2.088746	0.628222	0.371778	1.191736
12672	-3983.791	-4245.063	261.2723	2.08651	0.628222	0.371778	1.189321
12678	-3991.451	-4252.886	261.4359	2.064637	0.623771	0.376229	1.061756
12684	-4001.815	-4263.053	261.2379	2.05425	0.663125	0.336875	1.245888
12690	-4008.464	-4269.836	261.3722	2.240822	0.667115	0.332885	0.949796
12696	-3993.458	-4254.856	261.3978	2.137975	0.755898	0.244102	1.027884
12702	-3989.531	-4250.782	261.2514	2.142912	0.65286	0.34714	1.158401
12708	-3996.311	-4257.548	261.2366	2.164343	0.606946	0.393054	1.152612
12714	-3990.181	-4251.401	261.2195	1.966008	0.606946	0.393054	1.333005
12720	-3988.576	-4249.828	261.2527	1.932842	0.683873	0.316127	1.333005
12726	-3988.082	-4249.307	261.2246	1.966552	0.681947	0.318053	1.328515
12732	-3985.215	-4246.44	261.2246	1.966552	0.527963	0.472037	1.328515
12738	-3966.194	-4227.439	261.2445	2.04512	0.666028	0.333972	1.24797
12744	-3972.644	-4233.968	261.3242	2.034045	0.696956	0.303044	1.189819
12750	-3980.421	-4241.717	261.2956	2.062639	0.705349	0.294651	1.189819
12756	-4002.596	-4263.66	261.0633	1.993385	0.618263	0.381737	1.433938
12762	-4002.383	-4263.548	261.165	1.962699	0.6062	0.3938	1.378819
12768	-4009.584	-4270.874	261.2906	1.962699	0.720234	0.279766	1.278061
12774	-4005.251	-4266.499	261.2478	2.04867	0.734612	0.265388	1.242282
12780	-4014.494	-4275.811	261.317	2.316322	0.572054	0.427946	0.92802
12786	-3996.042	-4257.334	261.2924	2.316322	0.73267	0.26733	0.9543161
12792	-3994.147	-4255.394	261.2468	2.233522	0.716526	0.283474	1.080639
12798	-3982.33	-4243.732	261.4014	2.273866	0.732472	0.267528	0.8811051
12804	-3978.987	-4240.434	261.4475	2.248837	0.674504	0.325496	0.8563451
12810	-3976.294	-4237.678	261.384	2.21552	0.674504	0.325496	0.9638645
12816	-3978.066	-4239.423	261.357	2.21552	0.670473	0.329527	0.9914996
12822	-3985.68	-4247.022	261.3417	2.318126	0.670473	0.329527	0.8987733
12828	-3988.858	-4250.224	261.3662	2.258587	0.695459	0.304541	0.9372637
12834	-3980.438	-4241.797	261.3586	2.270481	0.731321	0.268679	0.9326655
12840	-3988.891	-4250.277	261.3857	2.276924	0.73263	0.26737	0.8956508
12846	-3993.012	-4254.434	261.4219	2.254915	0.748518	0.251482	0.8793617
12852	-3985.62	-4247.055	261.4346	2.33186	0.651533	0.348467	0.7646284
12858	-3988.523	-4249.923	261.3998	2.370208	0.698689	0.301311	0.7595125
12864	-3985.881	-4247.26	261.3791	2.402662	0.738634	0.261366	0.7418945
12870	-3991.378	-4252.601	261.2227	1.994031	0.586395	0.413605	1.307852
12876	-3994.072	-4255.252	261.1798	1.974088	0.720465	0.279535	1.358159
12882	-3987.987	-4249.041	261.0541	1.97231	0.602274	0.397726	1.45708
12888	-3991.643	-4252.73	261.0877	1.967327	0.58185	0.41815	1.435199
12894	-3992.924	-4254.006	261.0823	2.019431	0.708574	0.291426	1.39907
12900	-3992.889	-4254.158	261.2688	2.101981	0.74081	0.25919	1.178938
12906	-3989.548	-4250.894	261.3458	2.087508	0.665059	0.334941	1.123672
12912	-3978.911	-4240.229	261.3176	2.113719	0.665059	0.334941	1.125457
12918	-3988.165	-4249.557	261.3915	2.104698	0.665059	0.334941	1.065813
12924	-3991.819	-4253.196	261.3761	2.110404	0.674493	0.325507	1.07488
12930	-3975.285	-4236.64	261.3553	2.115623	0.682549	0.317451	1.089391
12936	-3984.296	-4245.681	261.3856	2.014737	0.746202	0.253798	1.153119
12942	-3976.524	-4237.842	261.3177	2.099242	0.699514	0.300486	1.138409
12948	-3976.572	-4237.898	261.3253	2.077062	0.735138	0.264862	1.151315
12954	-3986.255	-4247.616	261.362	2.040405	0.789813	0.210187	1.151315
12960	-3988.897	-4250.201	261.3049	2.064921	0.652303	0.347697	1.179812
12966	-3983.816	-4244.993	261.177	2.064921	0.737589	0.262411	1.287409
12972	-3987.471	-4248.772	261.3013	2.136347	0.728184	0.271816	1.119766
12978	-4002.284	-4263.56	261.2764	2.112414	0.747067	0.252933	1.163249
12984	-3987.169	-4248.561	261.3915	2.398856	0.728506	0.271494	0.7283965
12990	-3992.113	-4253.485	261.3723	2.446378	0.753063	0.246937	0.6796083
12996	-3999.1	-4260.504	261.404	2.413019	0.741358	0.258642	0.6827151
13002	-3980.168	-4241.523	261.3548	2.478996	0.682983	0.317017	0.6489567
13008	-3993.414	-4254.738	261.3237	2.534351	0.682983	0.317017	0.5846051
13014	-3987.963	-4249.304	261.3411	2.463548	0.658115	0.341885	0.7048497
13020	-3996.723	-4257.798	261.0749	1.939986	0.64444	0.35556	1.465778
13026	-4000.264	-4261.336	261.0725	1.942413	0.653429	0.346571	1.465778
13032	-4002.716	-4264.079	261.3629	2.401163	0.649946	0.350054	0.7680813
13038	-3988.585	-4249.994	261.4087	2.240097	0.649946	0.350054	0.9111039
13044	-3994.554	-4255.957	261.4022	2.298068	0.697307	0.302693	0.8515276
13050	-3980.601	-4241.988	261.3871	2.302301	0.707455	0.292545	0.8646343
13056	-3990.242	-4251.681	261.4389	2.252304	0.656747	0.343253	0.8623989
13062	-3985.254	-4246.719	261.465	2.201303	0.700444	0.299556	0.8914039
13068	-3986.618	-4248.018	261.4008	2.29824	0.767399	0.232601	0.8530305
13074	-3984.228	-4245.542	261.3137	2.140675	0.807786	0.192214	1.104596
13080	-3979.977	-4241.248	261.2708	2.132717	0.696989	0.303011	1.150314
13086	-3975.722	-4237.064	261.3425	2.132717	0.769623	0.230377	1.085434
13092	-3979.594	-4240.896	261.3025	2.117165	0.678236	0.321764	1.135912
13098	-3978.014	-4239.354	261.3392	2.130421	0.726894	0.273106	1.09056
13104	-3997.847	-4259.278	261.4308	2.217826	0.71717	0.28283	0.9112392
13110	-3983.807	-4245.04	261.2326	2.093384	0.707394	0.292606	1.21741
13116	-3990.463	-4251.689	261.2265	1.991476	0.670737	0.329263	1.306879
13122	-3982.246	-4243.376	261.1302	1.948715	0.764754	0.235246	1.416786
13128	-3995.954	-4257.144	261.1905	1.948715	0.659267	0.340733	1.369765
13134	-4009.317	-4270.396	261.0783	1.871064	0.833364	0.166636	1.515082
13140	-3998.656	-4259.798	261.1415	1.900016	0.828453	0.171547	1.445485
13146	-3992.704	-4253.939	261.2345	1.954905	0.696216	0.303784	1.329901
13152	-3983.893	-4245.245	261.3523	2.033175	0.708162	0.291838	1.166127
13158	-3991.154	-4252.449	261.2953	1.991982	0.638132	0.361868	1.24998
13164	-3985.66	-4246.464	260.8044	1.748873	0.656848	0.343152	1.79902
13170	-4002.523	-4263.894	261.3708	2.101978	0.639043	0.360957	1.087674
13176	-3996.745	-4258.116	261.3708	2.101978	0.638173	0.361827	1.087674
13182	-3991.751	-4253.202	261.4511	2.174758	0.648842	0.351158	0.936097
13188	-4000.395	-4261.798	261.403	2.17719	0.639948	0.360052	0.9837684
13194	-3995.693	-4256.498	260.8048	1.709129	0.750706	0.249294	1.826183
13200	-3995.785	-4256.892	261.1075	1.781082	0.703876	0.296124	1.560128
13206	-3993.849	-4254.913	261.0643	1.889256	0.735104	0.264896	1.511979
13212	-3980.144	-4241.374	261.2309	1.94649	0.734212	0.265788	1.33951
13218	-3970.214	-4231.448	261.2334	2.039218	0.691756	0.308244	1.262113
13224	-3967.939	-4229.387	261.4478	2.131373	0.666763	0.333237	0.9847545
13230	-3989.178	-4250.596	261.418	2.11333	0.694471	0.305529	1.032274
13236	-3988.122	-4249.585	261.4629	2.11333	0.685348	0.314652	0.9877689
13242	-3992.152	-4253.533	261.3808	2.251239	0.685348	0.314652	0.9294652
13248	-4001.511	-4262.903	261.3913	2.2215	0.680323	0.319677	0.9499847
13254	-3986.581	-4247.883	261.302	2.198729	0.697941	0.302059	1.061527
13260	-3986.634	-4248.06	261.426	2.209309	0.697941	0.302059	0.9259251
13266	-4002.999	-4264.432	261.4333	2.121694	0.663662	0.336338	1.009075
13272	-3997.761	-4259.162	261.4005	2.207599	0.681651	0.318349	0.9549665
13278	-3996.788	-4258.183	261.3958	2.211617	0.675193	0.324807	0.9556695
13284	-4000.389	-4261.744	261.3556	2.15363	0.63164	0.36836	1.053467
13290	-4001.981	-4263.397	261.416	2.109729	0.646178	0.353822	1.037704
13296	-3986.946	-4248.173	261.2267	2.053389	0.728197	0.271803	1.255955
13302	-3993.068	-4254.447	261.3787	1.953358	0.802081	0.197919	1.212289
13308	-3980.774	-4242.096	261.3216	2.041868	0.739181	0.260819	1.185355
13314	-3977.748	-4239.142	261.3939	2.197161	0.6951	0.3049	0.9726063
13320	-3984.957	-4246.365	261.4072	2.287073	0.689516	0.310484	0.8587487
13326	-3989.379	-4250.772	261.3922	2.306502	0.689516	0.310484	0.8535282
13332	-3986.833	-4248.305	261.4717	2.211353	0.683415	0.316585	0.8720808
13338	-4004.507	-4265.893	261.3863	2.222313	0.746006	0.253994	0.9544558
13344	-3984.327	-4245.466	261.1393	1.915576	0.676291	0.323709	1.435312
13350	-3990.986	-4252.244	261.2578	2.087003	0.698068	0.301932	1.201362
13356	-3987.067	-4248.348	261.2805	2.064301	0.703959	0.296041	1.201362
13362	-3999.015	-4260.39	261.3755	1.982186	0.689368	0.310632	1.190277
13368	-4000.698	-4262.008	261.3105	2.077704	0.731991	0.268009	1.163793
13374	-3996.197	-4257.339	261.1418	2.008824	0.708055	0.291945	1.360717
13380	-4008.206	-4269.378	261.1717	1.925457	0.711797	0.288203	1.402625
13386	-4009.559	-4270.71	261.1515	1.925457	0.822106	0.177894	1.418267
13392	-3996.247	-4257.423	261.1766	1.953194	0.627844	0.372156	1.37714
13398	-3983.248	-4244.438	261.1903	2.031606	0.760967	0.239033	1.303703
13404	-3982.691	-4243.888	261.1973	2.026278	0.757173	0.242827	1.302376
13410	-3990.099	-4251.179	261.0799	1.969737	0.757173	0.242827	1.439292
13416	-3997.962	-4259.144	261.1816	1.999676	0.691841	0.308159	1.336418
13422	-3987.222	-4248.538	261.3161	2.161634	0.730166	0.269834	1.083107
13428	-3980.843	-4242.195	261.3526	2.176272	0.772745	0.227255	1.034646
13434	-3979.185	-4240.474	261.2891	2.022794	0.617983	0.382017	1.229332
13440	-3985.767	-4247.125	261.3575	2.002182	0.593506	0.406494	1.188625
13446	-3980.762	-4241.74	260.9784	1.929345	0.673254	0.326746	1.546044
13452	-3983.166	-4244.319	261.1533	2.045632	0.680437	0.319563	1.322282
13458	-3985.859	-4247.149	261.2895	2.096513	0.65267	0.34733	1.16567
13464	-3998.859	-4260.1	261.2416	2.133009	0.665777	0.334223	1.175619
13470	-4002.747	-4264.151	261.4039	2.081774	0.724666	0.275334	1.075727
13476	-3993.141	-4254.587	261.4465	2.136333	0.664764	0.335236	0.9810367
13482	-3995.037	-4256.328	261.2915	2.144114	0.701754	0.298246	1.121653
13488	-3995.89	-4257.353	261.4633	2.201262	0.721512	0.278488	0.8933592
13494	-4009.523	-4270.952	261.4284	2.138964	0.718884	0.281116	0.996758
13500	-4003.053	-4264.318	261.2651	2.096367	0.682097	0.317903	1.187081
13506	-4004.381	-4265.538	261.1568	2.052952	0.775604	0.224396	1.313513
13512	-4001.777	-4263.098	261.3215	2.044975	0.668402	0.331598	1.18269
13518	-4001.795	-4263.124	261.3293	2.044975	0.661202	0.338798	1.175934
13524	-3974.976	-4236.333	261.3575	2.012679	0.661202	0.338798	1.179538
13530	-3984.998	-4246.229	261.2305	2.004948	0.57196	0.42804	1.292674
13536	-3993.135	-4254.358	261.2234	1.962594	0.73851	0.26149	1.332591
13542	-3999.544	-4260.802	261.2574	2.052345	0.691039	0.308961	1.231164
13548	-3989.554	-4250.812	261.258	2.050677	0.70392	0.29608	1.232032
13554	-3993.995	-4255.265	261.2703	2.038403	0.70392	0.29608	1.232032
13560	-3995.209	-4256.543	261.3348	2.071199	0.735656	0.264344	1.148081
13566	-3997.586	-4258.822	261.2369	2.022149	0.699232	0.300768	1.273338
13572	-4005.332	-4266.506	261.1739	2.023773	0.679755	0.320245	1.323235
13578	-4000.549	-4261.831	261.2817	1.999563	0.679755	0.320245	1.254996
13584	-4001.328	-4262.696	261.3681	2.01605	0.61874	0.38126	1.167315
13590	-3998.835	-4260.208	261.3734	2.48677	0.730212	0.269788	0.5771621
13596	-3990.418	-4251.743	261.325	2.48677	0.570296	0.429704	0.6923229
13602	-4003.242	-4264.575	261.3332	2.443929	0.711709	0.288291	0.7488792
13608	-3987.57	-4248.977	261.4068	2.264659	0.711709	0.288291	0.8855694
13614	-3986.63	-4248.007	261.377	2.294462	0.644925	0.355075	0.8855694
13620	-3982.484	-4243.886	261.4026	2.259015	0.76413	0.23587	0.8967736
13626	-3992.629	-4253.948	261.3188	2.350545	0.80915	0.19085	0.8880033
13632	-3989.281	-4250.757	261.476	2.192685	0.800831	0.199169	0.8887553
13638	-3985.96	-4247.371	261.4113	2.257378	0.60012	0.39988	0.8887553
13644	-3983.661	-4245.084	261.4232	2.284688	0.67066	0.32934	0.842226
13650	-3978.434	-4239.786	261.3525	2.284688	0.67066	0.32934	0.9238952
13656	-3986.32	-4247.656	261.3369	2.28696	0.635367	0.364633	0.938237
13662	-3993.775	-4255.223	261.4482	2.152928	0.690256	0.309744	0.9622782
13668	-3981.117	-4242.44	261.3231	2.277937	0.654252	0.345748	0.9622782
13674	-3973.092	-4234.442	261.3494	2.21247	0.67869	0.32131	1.002208
13680	-3969.908	-4231.326	261.4174	2.155639	0.65705	0.34295	0.9909629
13686	-3992.599	-4254.038	261.4387	2.15851	0.694979	0.305021	0.9662955
13692	-3984.844	-4246.193	261.3495	2.244442	0.783273	0.216727	0.9696587
13698	-3999.891	-4261.235	261.3438	2.221156	0.646374	0.353626	0.9991318
13704	-3991.681	-4252.989	261.3081	2.251819	0.646374	0.353626	1.004151
13710	-3988.92	-4250.201	261.2811	2.212495	0.76912	0.23088	1.068253
13716	-3998.441	-4259.714	261.2737	2.175397	0.705238	0.294762	1.109373
13722	-3993.409	-4254.808	261.3991	2.211354	0.671829	0.328171	0.9524926
13728	-4004.322	-4265.675	261.3534	2.211354	0.664324	0.335676	0.9993078
13734	-3991.725	-4253.2	261.4745	2.211354	0.664324	0.335676	0.8687625
13740	-3996.216	-4257.592	261.3763	2.082959	0.708618	0.291382	1.100163
13746	-3992.132	-4253.364	261.2315	1.969771	0.601444	0.398556	1.320333
13752	-3979.238	-4240.503	261.2643	1.988222	0.652949	0.347051	1.27872
13758	-3990.143	-4251.246	261.1034	1.925816	0.652949	0.347051	1.454876
13764	-3990.599	-4251.771	261.172	1.938115	0.651562	0.348438	1.392551
13770	-3975.084	-4236.475	261.3909	2.022924	0.679598	0.320402	1.141166
13776	-3981.112	-4242.491	261.3788	2.092819	0.665762	0.334238	1.088773
13782	-3993.824	-4255.231	261.4069	2.061938	0.665762	0.334238	1.091347
13788	-3992.134	-4253.566	261.4322	2.058654	0.66463	0.33537	1.070838
13794	-3984.064	-4245.336	261.2726	2.022914	0.679388	0.320612	1.243093
13800	-3998.451	-4259.639	261.1877	1.98243	0.675264	0.324736	1.34528
13806	-3986.619	-4247.889	261.2698	1.996091	0.753261	0.246739	1.267709
13812	-3979.063	-4240.112	261.0485	1.871955	0.624397	0.375603	1.536612
13818	-3988.57	-4249.422	260.8512	1.774465	0.713252	0.286748	1.74861
13824	-3970.792	-4231.637	260.845	1.73114	0.689064	0.310936	1.783163
13830	-3989.372	-4250.217	260.845	1.73114	0.739912	0.260088	1.783163
13836	-3982.737	-4243.397	260.6598	1.687094	0.725481	0.274519	1.93994
13842	-3973.009	-4233.689	260.6799	1.812829	0.696544	0.303456	1.840807
13848	-3985.152	-4245.91	260.7579	1.734808	0.729972	0.270028	1.840807
13854	-3999.208	-4259.522	260.314	1.637355	0.806328	0.193672	2.200749
13860	-4000.883	-4261.582	260.6989	1.644115	0.65494	0.34506	1.942552
13866	-3996.817	-4257.502	260.6851	1.727174	0.752977	0.247023	1.895717
13872	-3999.904	-4260.709	260.8052	1.697432	0.695972	0.304028	1.833979
13878	-3992.14	-4253.071	260.9317	1.822593	0.695312	0.304688	1.657586
13884	-3994.215	-4255.418	261.2026	1.861722	0.673625	0.326375	1.427997
13890	-3997.246	-4258.383	261.1367	1.876329	0.705522	0.294478	1.467182
13896	-3977.632	-4238.769	261.1367	1.876329	0.622273	0.377727	1.467182
13902	-3971.965	-4232.983	261.0179	1.869805	0.683375	0.316625	1.56081
13908	-3991.064	-4251.973	260.9085	1.95502	0.768417	0.231583	1.57856
13914	-3971.485	-4232.458	260.9732	1.890286	0.801604	0.198396	1.57856
13920	-3967.992	-4228.905	260.9127	1.851144	0.642365	0.357635	1.650734
13926	-3988.433	-4249.072	260.6395	1.809866	0.531691	0.468309	1.870418
13932	-3977.199	-4238.214	261.0148	1.887773	0.531691	0.468309	1.549845
13938	-3976.744	-4237.891	261.1466	1.796744	0.705192	0.294808	1.519558
13944	-3986.866	-4247.518	260.652	1.727967	0.665683	0.334317	1.917621
13950	-3990.142	-4251.389	261.2473	1.999536	0.593398	0.406602	1.283399
13956	-3988.652	-4249.724	261.0713	1.98406	0.680894	0.319106	1.434941
13962	-3990.534	-4251.705	261.1711	2.052318	0.680894	0.319106	1.302445
13968	-3991.736	-4253.125	261.3885	2.075933	0.647344	0.352656	1.095403
13974	-3980.542	-4241.83	261.2887	2.27627	0.679428	0.320572	0.9991086
13980	-3982.485	-4243.829	261.344	2.216833	0.734583	0.265417	1.003291
13986	-3986.471	-4247.889	261.4182	2.218173	0.694073	0.305927	0.9247659
13992	-3993.122	-4254.448	261.3259	2.19291	0.762256	0.237744	1.044344
13998	-3976.79	-4238.15	261.3597	2.187228	0.759814	0.240186	1.016987
14004	-3977.175	-4238.549	261.3747	2.148919	0.668186	0.331814	1.039696
14010	-3984.465	-4245.801	261.3351	2.151013	0.757885	0.242115	1.075292
14016	-3989.597	-4250.928	261.3311	2.118213	0.732409	0.267591	1.109252
14022	-3990.459	-4251.635	261.1761	2.204975	0.795932	0.204068	1.170025
14028	-3980.37	-4241.748	261.3779	2.226439	0.755819	0.244181	0.9588735
14034	-3987.933	-4249.162	261.2288	2.291913	0.72799	0.27201	1.042541
14040	-3995.395	-4256.786	261.3909	2.235697	0.56143	0.43857	0.9352726
14046	-3978.393	-4239.765	261.3725	2.338226	0.711504	0.288496	0.8388258
14052	-3990.415	-4251.751	261.3359	2.355549	0.686031	0.313969	0.8621902
14058	-3987.952	-4249.372	261.4198	2.314168	0.663872	0.336128	0.8092336
14064	-3998.472	-4259.834	261.3625	2.304316	0.538819	0.461181	0.8908517
14070	-3984.908	-4246.386	261.4776	2.189183	0.686513	0.313487	0.8908517
14076	-3976.555	-4237.969	261.4144	2.198801	0.692901	0.307099	0.9495942
14082	-3985.142	-4246.558	261.4152	2.229766	0.635145	0.364855	0.9153227
14088	-3979.245	-4240.62	261.3751	2.26984	0.603573	0.396427	0.9153227
14094	-3994.43	-4255.837	261.4078	2.26984	0.798786	0.201214	0.8784079
14100	-3980.692	-4242.06	261.3679	2.266204	0.647301	0.352699	0.9271973
14106	-3987.404	-4248.813	261.409	2.225106	0.658256	0.341744	0.9271973
14112	-3990.394	-4251.744	261.3499	2.064933	0.666012	0.333988	1.140289
14118	-3989.877	-4251.184	261.3072	2.062935	0.646931	0.353069	1.17957
14124	-3983.63	-4245.053	261.4225	2.22858	0.650264	0.349736	0.9085568
14130	-3971.802	-4233.222	261.4195	2.181374	0.613034	0.386966	0.9624632
14136	-4003.387	-4264.722	261.3351	2.265803	0.788032	0.211968	0.9624632
14142	-3995.837	-4257.21	261.373	2.27528	0.6907	0.3093	0.9116497
14148	-3990.351	-4251.725	261.3739	2.244143	0.669101	0.330899	0.9443966
14154	-3976.294	-4237.62	261.326	2.183247	0.683662	0.316338	1.053481
14160	-3983.752	-4245.232	261.4798	2.187323	0.683662	0.316338	0.8905456
14166	-3989.055	-4250.414	261.3599	2.379698	0.640827	0.359173	0.8018006
14172	-3983.745	-4245.114	261.3698	2.379698	0.640827	0.359173	0.7884907
14178	-3977.052	-4238.444	261.392	2.379698	0.679428	0.320572	0.7569515
14184	-3995.186	-4256.545	261.359	2.479281	0.690955	0.309045	0.6388152
14190	-3976.569	-4238.012	261.4426	2.395745	0.67686	0.32314	0.6388152
14196	-3976.346	-4237.723	261.3774	2.437954	0.67686	0.32314	0.685717
14202	-3978.441	-4239.83	261.3889	2.452528	0.67686	0.32314	0.6315516
14208	-3982.456	-4243.726	261.27	2.540814	0.703557	0.296443	0.6939062
14214	-3976.884	-4238.266	261.382	2.425256	0.629348	0.370652	0.7002468
14220	-3988.443	-4249.775	261.3319	2.495805	0.608488	0.391512	0.6617065
14226	-3977.84	-4239.174	261.3341	2.44626	0.585492	0.414508	0.7440226
14232	-3981.728	-4243.049	261.3208	2.499916	0.737547	0.262453	0.6757183
14238	-3977.777	-4239.078	261.3006	2.468826	0.64021	0.35979	0.760332
14244	-3991.77	-4253.155	261.3847	2.340324	0.742093	0.257907	0.8207871
14250	-4005.427	-4266.725	261.2978	2.340324	0.711574	0.288426	0.9227977
14256	-3990.971	-4252.341	261.3699	2.290431	0.710545	0.289455	0.8982178
14262	-3985.779	-4247.088	261.3094	2.204876	0.745785	0.254215	1.048671
14268	-3981.66	-4242.935	261.2756	2.152855	0.690249	0.309751	1.128046
14274	-4001.148	-4262.537	261.3893	2.399978	0.614956	0.385044	0.7300858
14280	-4007.098	-4268.489	261.3914	2.399908	0.599378	0.400622	0.7268562
14286	-4016.888	-4278.302	261.4137	2.351992	0.634727	0.365273	0.7657699
14292	-4012.715	-4274.097	261.3821	2.351992	0.60121	0.39879	0.8091141
14298	-4011.832	-4273.271	261.4391	2.370813	0.725425	0.274575	0.695662
14304	-4005.734	-4267.056	261.3216	2.435236	0.633692	0.366308	0.7783551
14310	-3997.367	-4258.81	261.4431	2.355486	0.633692	0.366308	0.715001
14316	-3984.821	-4246.166	261.3458	2.394272	0.775984	0.224016	0.8011843
14322	-4005.639	-4266.807	261.1689	1.875358	0.7227	0.2773	1.443423
14328	-4007.346	-4268.529	261.1838	2.001833	0.7227	0.2773	1.332911
14334	-3997.859	-4259.19	261.3307	2.001833	0.7227	0.2773	1.211852
14340	-3996.33	-4257.758	261.4275	2.101682	0.627629	0.372371	1.03434
14346	-3983.041	-4244.431	261.3905	2.085511	0.70908	0.29092	1.084645
14352	-3983.935	-4245.09	261.1549	1.89114	0.744655	0.255345	1.442099
14358	-3988.584	-4249.626	261.0418	1.902031	0.681803	0.318197	1.519263
14364	-3992.708	-4253.979	261.2716	1.923833	0.711141	0.288859	1.325059
14370	-3974.283	-4235.696	261.4125	2.033452	0.596616	0.403384	1.112287
14376	-3970.971	-4232.215	261.2436	2.030054	0.76449	0.23551	1.26127
14382	-3980.115	-4241.289	261.1746	2.017706	0.633954	0.366046	1.327593
14388	-3973.452	-4234.598	261.1463	1.979897	0.679253	0.320747	1.379978
14394	-3977.467	-4238.517	261.0501	1.947019	0.743086	0.256914	1.479282
14400	-3982.746	-4243.781	261.0349	1.962156	0.700876	0.299124	1.479282
14406	-3969.538	-4230.692	261.1536	1.902338	0.710388	0.289612	1.434437
14412	-3983.443	-4244.468	261.0248	1.908995	0.696433	0.303567	1.526713
14418	-3974.609	-4235.604	260.9951	1.90108	0.686086	0.313914	1.554569
14424	-3966.336	-4227.695	261.3589	1.96404	0.713188	0.286812	1.219971
14430	-3978.129	-4239.395	261.2666	2.027497	0.65945	0.34055	1.24428
14436	-3983.713	-4245.102	261.3887	2.050635	0.611407	0.388593	1.118278
14442	-3966.536	-4227.85	261.3139	2.075281	0.694495	0.305505	1.162933
14448	-3973.732	-4235.07	261.3379	2.14117	0.704702	0.295298	1.081848
14454	-3983.902	-4245.171	261.2688	2.240288	0.714819	0.285181	1.053609
14460	-3988.259	-4249.649	261.3899	2.13629	0.6781	0.3219	1.037243
14466	-3990.321	-4251.723	261.4025	2.136319	0.814801	0.185199	1.024956
14472	-4007.17	-4268.421	261.251	2.204286	0.718172	0.281828	1.103739
14478	-4001.298	-4262.669	261.3711	1.992079	0.635385	0.364615	1.185589
14484	-3993.78	-4255.131	261.3508	2.116465	0.708294	0.291706	1.092788
14490	-3982.648	-4243.918	261.2703	2.229019	0.637267	0.362733	1.062862
14496	-3989.699	-4251.092	261.3927	2.106588	0.703476	0.296524	1.062862
14502	-3982.761	-4244.004	261.2431	2.106932	0.707859	0.292141	1.19686
14508	-3980.157	-4241.447	261.2904	2.144591	0.668962	0.331038	1.122182
14514	-3981.936	-4243.25	261.3145	2.144591	0.594389	0.405611	1.100282
14520	-4002.298	-4263.681	261.3828	2.263481	0.675873	0.324127	0.9138348
14526	-3998.601	-4259.962	261.3608	2.337764	0.662943	0.337057	0.8536687
14532	-4005.192	-4266.554	261.3625	2.130073	0.721932	0.278068	1.069234
14538	-4004.233	-4265.477	261.2448	2.124048	0.682763	0.317237	1.180648
14544	-4006.176	-4267.42	261.2448	2.124048	0.723581	0.276419	1.180648
14550	-4000.376	-4261.744	261.368	2.276747	0.666031	0.333969	0.9156016
14556	-3987.819	-4249.12	261.3009	2.150586	0.748776	0.251224	1.107204
14562	-3992.069	-4253.389	261.3203	2.150586	0.765574	0.234426	1.089447
14568	-3994.504	-4255.903	261.3986	2.102616	0.545296	0.454704	1.061122
14574	-3976.433	-4237.798	261.3657	2.072935	0.684012	0.315988	1.118933
14580	-3985.351	-4246.699	261.3487	2.090366	0.826657	0.173343	1.118547
14586	-3993.211	-4254.622	261.4107	2.10351	0.680592	0.319408	1.04876
14592	-3981.695	-4242.939	261.244	1.861739	0.648539	0.351461	1.39596
14598	-3982.157	-4243.319	261.1616	1.940473	0.698973	0.301027	1.398832
14604	-3994.447	-4255.733	261.2864	1.925748	0.542835	0.457165	1.311559
14610	-3979.529	-4240.733	261.2042	1.925748	0.662508	0.337492	1.376999
14616	-3982.578	-4243.777	261.1994	1.933083	0.662508	0.337492	1.375032
14622	-3983.324	-4244.523	261.1998	1.961349	0.681479	0.318521	1.352427
14628	-3995.761	-4256.956	261.1948	1.966372	0.572773	0.427227	1.352427
14634	-3996.188	-4257.289	261.1019	1.861722	0.783681	0.216319	1.50441
14640	-3988.714	-4250.025	261.3113	2.058736	0.658437	0.341563	1.179615
14646	-3997.424	-4258.643	261.219	2.132809	0.627062	0.372938	1.19535
14652	-3998.744	-4259.758	261.0147	1.905806	0.688848	0.311152	1.536602
14658	-3980.701	-4241.783	261.0814	1.905806	0.688848	0.311152	1.486743
14664	-3983.797	-4244.855	261.0581	1.929122	0.714001	0.285999	1.486743
14670	-3994.633	-4255.484	260.8504	1.791523	0.677361	0.322639	1.737217
14676	-3989.47	-4250.082	260.6118	1.791523	0.677361	0.322639	1.901745
14682	-3989.254	-4250.155	260.9005	1.870637	0.668011	0.331989	1.645467
14688	-3999.873	-4260.763	260.8898	1.881406	0.763728	0.236272	1.645467
14694	-3999.276	-4260.14	260.8638	1.83833	0.636696	0.363304	1.694754
14700	-4020.151	-4279.665	259.5134	1.475802	0.66595	0.33405	2.802733
14706	-4009.424	-4268.121	258.6969	1.460597	0.643202	0.356798	3.300302
14712	-4008.691	-4269.537	260.8461	1.920425	0.711138	0.288862	1.64883
14718	-4005.501	-4266.392	260.8907	1.967581	0.680521	0.319479	1.582378
14724	-4003.844	-4265.074	261.2301	1.9789	0.677153	0.322847	1.31411
14730	-4008.653	-4269.663	261.0098	1.936573	0.671262	0.328738	1.517304
14736	-4006.108	-4267.062	260.9541	1.840788	0.741087	0.258913	1.628421
14742	-4004.974	-4264.823	259.8495	1.630326	0.687168	0.312832	2.500377
14748	-3995.91	-4256.346	260.4369	1.668224	0.758158	0.241842	2.100608
14754	-4001.17	-4262.101	260.931	1.877783	0.65405	0.34595	1.618352
14760	-4005.538	-4266.102	260.5639	1.699625	0.671423	0.328577	1.99583
14766	-3996.284	-4257.1	260.8159	1.865498	0.645346	0.354654	1.709437
14772	-3972.002	-4232.825	260.8228	1.858553	0.587557	0.412443	1.709437
14778	-3970.016	-4231.153	261.1365	1.915306	0.739896	0.260104	1.437624
14784	-3977.397	-4238.536	261.139	1.988545	0.628126	0.371874	1.378911
14790	-3989.761	-4250.954	261.1929	1.976369	0.73549	0.26451	1.345997
14796	-3990.64	-4251.933	261.2926	1.876612	0.762926	0.237074	1.345997
14802	-3973.749	-4234.844	261.0948	1.992234	0.767583	0.232417	1.410465
14808	-3980.878	-4242.076	261.1978	1.992234	0.600465	0.399535	1.329405
14814	-3987.108	-4248.16	261.0513	1.992234	0.608049	0.391951	1.443992
14820	-3987.856	-4249.078	261.2222	2.018669	0.729455	0.270545	1.288236
14826	-3991.7	-4252.895	261.1953	2.045598	0.660455	0.339545	1.288236
14832	-3982.886	-4244.079	261.1924	2.04847	0.667259	0.332741	1.288236
14838	-3988.162	-4249.462	261.3002	2.08703	0.801747	0.198253	1.164667
14844	-3981.553	-4242.311	260.7582	1.823807	0.744852	0.255148	1.779114
14850	-3991.356	-4252.522	261.1663	1.969682	0.721684	0.278316	1.372285
14856	-3986.179	-4247.328	261.1487	1.961601	0.663497	0.336503	1.392451
14862	-3973.933	-4235.082	261.1487	1.961601	0.607907	0.392093	1.392451
14868	-3972.918	-4233.773	260.8552	1.912717	0.778819	0.221181	1.647788
14874	-3988.415	-4249.442	261.027	1.862292	0.615878	0.384122	1.559584
14880	-3985.293	-4246.45	261.1576	1.832825	0.615878	0.384122	1.484315
14886	-3984.995	-4246.086	261.0914	1.801426	0.591069	0.408931	1.557005
14892	-3989.533	-4250.812	261.2789	1.934963	0.700075	0.299925	1.310242
14898	-3996.343	-4257.665	261.322	2.00297	0.705371	0.294629	1.218253
14904	-3992.669	-4253.977	261.3082	2.207275	0.647262	0.352738	1.047489
14910	-3992.381	-4253.725	261.3436	2.230597	0.649984	0.350016	0.989859
14916	-3974.261	-4235.588	261.3277	2.246459	0.586092	0.413908	0.989859
14922	-3974.952	-4236.313	261.3617	2.210472	0.743539	0.256461	0.9919105
14928	-3974.644	-4235.997	261.3533	2.218805	0.713589	0.286411	0.9919105
14934	-3972.492	-4233.808	261.3165	2.216645	0.613926	0.386074	1.030447
14940	-3979.181	-4240.545	261.3641	2.275143	0.662542	0.337458	0.9215809
14946	-3979.832	-4241.214	261.3813	2.286919	0.663446	0.336554	0.889215
14952	-4004.195	-4265.641	261.446	2.135362	0.735785	0.264215	0.9825318
14958	-4003.18	-4264.567	261.3868	2.254191	0.671209	0.328791	0.9196425
14964	-4019.432	-4280.903	261.4709	2.109601	0.682631	0.317369	0.9834438
14970	-3994.997	-4256.384	261.3865	2.402727	0.645797	0.354203	0.7303032
14976	-4007.553	-4268.944	261.3909	2.395766	0.645797	0.354203	0.7343499
14982	-3999.625	-4261.075	261.4502	2.221568	0.696806	0.303194	0.8851585
14988	-3994.877	-4256.309	261.4319	2.221568	0.711045	0.288955	0.9059119
14994	-3999.715	-4261.061	261.3464	2.319852	0.723497	0.276503	0.8915331
15000	-4000.351	-4261.568	261.2162	1.971928	0.625242	0.374758	1.330889
15006	-3990.119	-4251.397	261.278	2.022147	0.538042	0.461958	1.239245
15012	-3990.106	-4251.285	261.1794	2.049105	0.62748	0.37252	1.298352
15018	-3985.018	-4246.297	261.2791	2.093953	0.62748	0.37252	1.177016
15024	-4004.75	-4266.099	261.349	2.13084	0.73641	0.26359	1.081157
15030	-3982.733	-4244.002	261.2693	2.114274	0.621174	0.378826	1.16783
15036	-3987.053	-4248.423	261.3701	2.221745	0.791394	0.208606	0.9718661
15042	-3984.192	-4245.582	261.3909	2.242765	0.620105	0.379895	0.9277012
15048	-3983.039	-4244.49	261.4508	2.155232	0.670814	0.329186	0.957102
15054	-3980.566	-4241.933	261.3667	2.255231	0.617326	0.382674	0.9403433
15060	-3986.318	-4247.672	261.3543	2.260034	0.712727	0.287273	0.9483653
15066	-3971.635	-4233.001	261.3663	2.282395	0.692029	0.307971	0.9112197
15072	-3983.367	-4244.763	261.3957	2.253027	0.582842	0.417158	0.9112197
15078	-3987.193	-4248.53	261.3376	2.265191	0.601414	0.398586	0.9604798
15084	-3991.692	-4253.075	261.3829	2.265191	0.593898	0.406102	0.9118715
15090	-3994.27	-4255.74	261.47	2.233338	0.573452	0.426548	0.8478943
15096	-3988.823	-4250.311	261.4879	2.233338	0.573991	0.426009	0.8255608
15102	-3992.685	-4254.019	261.3335	2.247794	0.70502	0.29498	0.9826833
15108	-3994.949	-4256.392	261.4431	2.185282	0.68534	0.31466	0.9333915
15114	-4002.458	-4263.793	261.3349	2.158472	0.747857	0.252143	1.068438
15120	-3997.924	-4259.277	261.3534	2.140002	0.780413	0.219587	1.068438
15126	-3991.287	-4252.712	261.4249	1.960322	0.719604	0.280396	1.166372
15132	-3996.344	-4257.521	261.1775	2.116383	0.663632	0.336368	1.244467
15138	-3993.561	-4254.809	261.2479	2.103519	0.696054	0.303946	1.19566
15144	-4003.728	-4264.904	261.1765	1.869641	0.591703	0.408297	1.442017
15150	-3995.368	-4256.651	261.2824	2.031107	0.7772	0.2228	1.227968
15156	-3984.749	-4246.013	261.2643	2.057505	0.786639	0.213361	1.220928
15162	-4000.954	-4262.284	261.33	2.006604	0.728901	0.271099	1.208384
15168	-3992.781	-4254.164	261.3824	2.053292	0.804015	0.195985	1.121586
15174	-4000.891	-4261.859	260.9682	1.843609	0.557441	0.442559	1.616149
15180	-3989.2	-4250.53	261.3299	1.9798	0.582189	0.417811	1.231224
15186	-3971.22	-4232.473	261.2528	1.982243	0.567344	0.432656	1.293042
15192	-3982.427	-4243.707	261.2805	2.036953	0.595354	0.404646	1.224679
15198	-3983.622	-4244.953	261.3313	1.986069	0.683152	0.316848	1.224679
15204	-4003.497	-4264.303	260.8058	1.90606	0.787487	0.212513	1.687838
15210	-4001.009	-4262.006	260.9963	1.806929	0.69009	0.30991	1.622361
15216	-4003.65	-4264.849	261.199	1.899287	0.69957	0.30043	1.401761
15222	-3997.482	-4258.499	261.0168	1.899287	0.69957	0.30043	1.539876
15228	-4000.089	-4261.356	261.2675	2.040761	0.635936	0.364064	1.232401
15234	-3987.507	-4248.772	261.2643	2.043914	0.58183	0.41817	1.232401
15240	-4005.988	-4266.798	260.8093	1.844873	0.736517	0.263483	1.728622
15246	-3999.459	-4260.192	260.7324	1.824705	0.706108	0.293892	1.79636
15252	-4003.728	-4264.79	261.062	2.095686	0.564134	0.435866	1.355151
15258	-3996.672	-4257.647	260.9747	1.975982	0.814564	0.185436	1.514147
15264	-3990.856	-4251.804	260.9481	1.8147	0.754149	0.245851	1.651451
15270	-3996.229	-4257.137	260.9089	1.853916	0.685155	0.314845	1.651451
15276	-3997.574	-4258.664	261.0898	1.831586	0.702652	0.297348	1.535948
15282	-3998.681	-4259.742	261.0611	1.860269	0.702652	0.297348	1.535948
15288	-4001.907	-4262.785	260.8781	1.83275	0.710658	0.289342	1.688535
15294	-3989.469	-4250.611	261.1424	1.859461	0.721251	0.278749	1.475645
15300	-3998.154	-4259.163	261.0085	1.886484	0.721251	0.278749	1.555396
15306	-3994.228	-4255.379	261.1512	1.816698	0.696762	0.303238	1.501205
15312	-3993.466	-4254.712	261.2469	1.982941	0.716372	0.283628	1.297229
15318	-3980.47	-4241.607	261.1367	1.865826	0.716372	0.283628	1.475141
15324	-3987.231	-4248.257	261.026	1.976604	0.754967	0.245033	1.475141
15330	-3991.857	-4253.176	261.3191	1.976604	0.658516	0.341484	1.242969
15336	-4005.705	-4266.783	261.0777	1.949864	0.71879	0.28121	1.456164
15342	-4004.076	-4265.417	261.3407	1.949864	0.648839	0.351161	1.2472
15348	-4010.13	-4271.442	261.3118	1.978765	0.755734	0.244266	1.2472
15354	-3984.104	-4245.394	261.29	1.86319	0.722348	0.277652	1.358703
15360	-3999.342	-4260.584	261.2427	1.911548	0.6661	0.3339	1.357897
15366	-3992.801	-4253.63	260.8285	1.857614	0.792861	0.207139	1.70609
15372	-3998.176	-4259.036	260.8596	1.749863	0.798485	0.201515	1.75998
15378	-4001.452	-4262.384	260.9318	1.798734	0.759916	0.240084	1.674573
15384	-3996.045	-4257.169	261.124	1.822133	0.635604	0.364396	1.517521
15390	-3987.071	-4248.221	261.1496	1.829138	0.700954	0.299046	1.493095
15396	-3981.561	-4242.562	261.0005	1.888891	0.700954	0.299046	1.559568
15402	-3987.662	-4248.873	261.2104	1.888136	0.705107	0.294893	1.401598
15408	-3990.233	-4251.51	261.2774	2.02617	0.63681	0.36319	1.236367
15414	-3990.139	-4251.324	261.1847	1.962195	0.752025	0.247975	1.363709
15420	-4001.685	-4262.609	260.9244	1.820531	0.693059	0.306941	1.664301
15426	-3998.84	-4259.675	260.8356	1.782876	0.618684	0.381316	1.753655
15432	-3982.032	-4243.034	261.0017	1.858278	0.71513	0.28487	1.581141
15438	-3991.666	-4252.692	261.0267	1.833229	0.719429	0.280571	1.581141
15444	-3996.709	-4257.559	260.8493	1.835191	0.677253	0.322747	1.707231
15450	-3995.18	-4255.969	260.7887	1.895755	0.646533	0.353467	1.707231
15456	-3996.963	-4257.791	260.8279	1.83004	0.621261	0.378739	1.725945
15462	-4011.01	-4272.031	261.0214	1.85132	0.700868	0.299132	1.571828
15468	-4008.296	-4269.298	261.0019	1.853542	0.700868	0.299132	1.584433
15474	-4000.764	-4261.747	260.9829	1.872552	0.61774	0.38226	1.584433
15480	-3988.436	-4249.507	261.0708	1.78354	0.770919	0.229081	1.585277
15486	-3987.144	-4248.295	261.1506	1.891263	0.597498	0.402502	1.445283
15492	-3998.187	-4259.36	261.1725	1.86937	0.709134	0.290866	1.445283
15498	-3998.8	-4259.716	260.9156	1.789538	0.709134	0.290866	1.692581
15504	-3985.365	-4246.207	260.8416	1.78941	0.728311	0.271689	1.744894
15510	-3992.153	-4253.003	260.8497	1.781309	0.707977	0.292023	1.744894
15516	-3994.846	-4255.765	260.9189	1.859615	0.725762	0.274238	1.640186
15522	-3996.853	-4257.729	260.8758	1.858314	0.76179	0.23821	1.672002
15528	-3997.157	-4258.066	260.9095	1.748663	0.725985	0.274015	1.72578
15534	-4001.791	-4262.447	260.6562	1.727076	0.725985	0.274015	1.915359
15540	-3996.715	-4257.24	260.5244	1.762229	0.791221	0.208779	1.980344
15546	-3988.238	-4248.934	260.6959	1.853795	0.688484	0.311516	1.801493
15552	-4003.796	-4264.369	260.573	1.698909	0.680232	0.319768	1.990241
15558	-3999.905	-4260.079	260.1743	1.63389	0.680232	0.319768	2.292827
15564	-3990.036	-4251.344	261.3085	1.984164	0.635675	0.364325	1.245499
15570	-3980.309	-4241.428	261.1186	1.956166	0.635675	0.364325	1.419985
15576	-3986.844	-4247.887	261.0433	1.965169	0.738021	0.261979	1.470634
15582	-3984.824	-4245.959	261.1355	1.99411	0.738021	0.261979	1.377299
15588	-3977.966	-4239.127	261.1609	1.996484	0.680145	0.319855	1.355441
15594	-3973.439	-4234.778	261.3394	2.119	0.635371	0.364629	1.100872
15600	-3978.815	-4240.127	261.3118	2.04432	0.643213	0.356787	1.191633
15606	-3991.587	-4252.899	261.3118	2.04432	0.643213	0.356787	1.191633
15612	-4004.641	-4265.929	261.288	2.05594	0.643663	0.356337	1.202079
15618	-3988.206	-4249.438	261.2321	2.033625	0.788101	0.211899	1.267842
15624	-3980.967	-4242.297	261.3302	2.09652	0.686235	0.313765	1.129605
15630	-3989.163	-4250.537	261.3744	2.052303	0.695452	0.304548	1.129605
15636	-3982.535	-4243.824	261.2888	2.161616	0.737469	0.262531	1.108252
15642	-3978.584	-4239.942	261.3577	2.110194	0.693025	0.306975	1.092237
15648	-3992.721	-4253.979	261.2588	2.109613	0.739802	0.260198	1.181055
15654	-3989.125	-4250.471	261.3465	2.135321	0.734986	0.265014	1.079298
15660	-3995.602	-4256.928	261.3266	2.176125	0.734986	0.265014	1.059651
15666	-3990.72	-4252.134	261.4136	2.079329	0.625222	0.374778	1.068923
15672	-4004.957	-4266.259	261.3012	2.170929	0.558983	0.441017	1.088243
15678	-3981.592	-4242.937	261.345	2.127196	0.728885	0.271115	1.088243
15684	-4010.86	-4271.67	260.8101	1.852733	0.853969	0.146031	1.722491
15690	-3991.851	-4253.187	261.3366	2.144859	0.760774	0.239226	1.079658
15696	-4000.798	-4262.218	261.42	2.132937	0.637969	0.362031	1.011065
15702	-4010.764	-4272.075	261.3103	2.132937	0.659722	0.340278	1.114694
15708	-4005.902	-4267.216	261.3138	2.05583	0.728317	0.271683	1.179994
15714	-4003.652	-4264.611	260.9594	1.93229	0.720891	0.279109	1.557847
15720	-4018.641	-4279.933	261.2924	2.077198	0.7292	0.2708	1.179994
15726	-3996.712	-4258.105	261.3928	2.147131	0.7292	0.2708	1.023894
15732	-4000.668	-4262.028	261.36	2.18429	0.633513	0.366487	1.019634
15738	-3991.523	-4252.944	261.4217	2.209302	0.700163	0.299837	0.9305728
15744	-3992.842	-4254.292	261.4491	2.181859	0.777904	0.222096	0.9305728
15750	-3997.247	-4258.62	261.3724	2.208389	0.712006	0.287994	0.9831745
15756	-3988.884	-4250.285	261.4014	2.154389	0.655764	0.344236	1.008305
15762	-3978.814	-4240.115	261.3012	2.097429	0.733846	0.266154	1.15465
15768	-3991.413	-4252.74	261.3273	2.071333	0.733846	0.266154	1.15465
15774	-4009.812	-4271.145	261.3329	2.050058	0.725176	0.274824	1.168354
15780	-3996.087	-4257.357	261.2696	2.03648	0.709345	0.290655	1.234196
15786	-3992.596	-4253.889	261.2922	2.0139	0.709345	0.290655	1.234196
15792	-4000.219	-4261.35	261.1309	2.041451	0.709345	0.290655	1.343522
15798	-3970.054	-4231.097	261.0429	1.969136	0.685531	0.314469	1.467944
15804	-3975.356	-4236.557	261.2015	1.929366	0.657684	0.342316	1.376305
15810	-3986.955	-4248.113	261.1581	1.895324	0.630407	0.369593	1.436431
15816	-3985.456	-4246.657	261.2016	1.937448	0.671314	0.328686	1.369868
15822	-3992.255	-4253.603	261.3481	2.009265	0.671314	0.328686	1.190589
15828	-3982.665	-4243.967	261.3015	1.908666	0.771099	0.228901	1.313169
15834	-3997.316	-4258.583	261.2665	1.943694	0.673576	0.326424	1.313169
15840	-3982.327	-4243.606	261.2791	1.943694	0.673576	0.326424	1.302945
15846	-4001.009	-4262.3	261.2905	1.943694	0.673576	0.326424	1.293695
15852	-3976.716	-4237.87	261.1534	1.948064	0.673576	0.326424	1.399321
15858	-3983.75	-4245.086	261.336	2.007002	0.673576	0.326424	1.202881
15864	-3980.182	-4241.515	261.3336	2.009433	0.585142	0.414858	1.202881
15870	-3969.923	-4231.127	261.2043	1.967898	0.673479	0.326521	1.343664
15876	-3982.212	-4243.527	261.3153	1.978001	0.698566	0.301434	1.244966
15882	-3982.472	-4243.754	261.2828	2.072422	0.698566	0.301434	1.192466
15888	-3983.013	-4244.407	261.3936	2.082636	0.742862	0.257138	1.084467
15894	-3989.643	-4251.089	261.446	2.121798	0.710755	0.289245	0.9962896
15900	-3993.669	-4255.033	261.3638	2.204026	0.67886	0.32114	0.9962896
15906	-3975.056	-4236.398	261.3414	2.201627	0.720084	0.279916	1.020853
15912	-3977.038	-4238.419	261.3812	2.283039	0.720084	0.279916	0.8938262
15918	-3988.166	-4249.561	261.3955	2.250927	0.632738	0.367262	0.9136939
15924	-3997.159	-4258.634	261.4743	2.266376	0.619959	0.380041	0.8004034
15930	-4004.337	-4265.74	261.4028	2.325186	0.713726	0.286274	0.8170343
15936	-3995.453	-4256.791	261.3385	2.326647	0.686097	0.313903	0.892695
15942	-3993.389	-4254.822	261.433	2.324508	0.74212	0.25788	0.7773513
15948	-3982.112	-4243.529	261.4168	2.321151	0.74212	0.25788	0.8039468
15954	-3983.942	-4245.304	261.3617	2.371007	0.74212	0.25788	0.8108249
15960	-3983.788	-4245.193	261.4048	2.234696	0.707675	0.292325	0.9212762
15966	-3995.308	-4256.642	261.3348	2.209152	0.692643	0.307357	1.01992
15972	-4009.267	-4270.476	261.2089	1.858107	0.687955	0.312045	1.425948
15978	-4000.188	-4261.187	260.9988	1.908545	0.655137	0.344863	1.546297
15984	-3985.966	-4247.3	261.3337	2.2408	0.75908	0.24092	0.9895172
15990	-3977.926	-4239.303	261.3764	2.2408	0.651514	0.348486	0.9453679
15996	-3991.231	-4252.657	261.4259	2.306176	0.750205	0.249795	0.811686
16002	-3981.437	-4242.808	261.371	2.467206	0.70821	0.29179	0.639189
16008	-3986.7	-4248.001	261.3013	2.545799	0.634917	0.365083	0.6173852
16014	-3990.792	-4252.1	261.3077	2.545799	0.643972	0.356028	0.5993028
16020	-3976.994	-4238.31	261.3158	2.518888	0.707527	0.292473	0.647049
16026	-3976.381	-4237.702	261.3206	2.518888	0.762681	0.237319	0.6361921
16032	-3976.887	-4238.315	261.4282	2.40079	0.68885	0.31115	0.6590844
16038	-3976.351	-4237.768	261.417	2.373948	0.698529	0.301471	0.7274499
16044	-3982.924	-4244.337	261.4128	2.362286	0.679849	0.320151	0.7520205
16050	-3983.827	-4245.192	261.3657	2.334328	0.569664	0.430336	0.8518772
16056	-3983.439	-4244.866	261.4273	2.315313	0.595678	0.404322	0.7977579
16062	-3974.584	-4236.011	261.4273	2.315313	0.602214	0.397786	0.7977579
16068	-3960.5	-4221.924	261.424	2.323671	0.662545	0.337455	0.7909825
16074	-3982.161	-4243.479	261.318	2.087561	0.662545	0.337455	1.148452
16080	-3976.64	-4238.029	261.3887	2.016869	0.629576	0.370424	1.148452
16086	-3965.105	-4226.527	261.4218	2.13931	0.613554	0.386446	1.002939
16092	-3963.639	-4225.03	261.3917	2.151526	0.729183	0.270817	1.020642
16098	-3984.002	-4245.292	261.2902	2.022736	0.729183	0.270817	1.228463
16104	-3982.504	-4243.808	261.3039	1.993859	0.73832	0.26168	1.24117
16110	-3995.357	-4256.605	261.2477	2.055281	0.649656	0.350344	1.236834
16116	-3996.426	-4257.66	261.2342	2.056977	0.703103	0.296897	1.246721
16122	-3982.162	-4243.561	261.3991	2.070016	0.700037	0.299963	1.091023
16128	-3976.981	-4238.279	261.2976	2.015366	0.765479	0.234521	1.228413
16134	-3976.721	-4237.877	261.1563	1.876603	0.68877	0.31123	1.45208
16140	-3990.614	-4251.653	261.0388	1.738744	0.732557	0.267443	1.640926
16146	-3997.345	-4258.284	260.9388	1.777256	0.611045	0.388955	1.68488
16152	-3984.057	-4245.104	261.0468	1.800389	0.7084	0.2916	1.590478
16158	-4002.55	-4263.605	261.0548	1.792339	0.715997	0.284003	1.590478
16164	-3994.083	-4254.89	260.8073	1.853152	0.715997	0.284003	1.724184
16170	-3993.225	-4254.312	261.0872	2.082869	0.67689	0.32311	1.345333
16176	-3992.621	-4253.879	261.2577	1.910732	0.67689	0.32311	1.34662
16182	-4002.276	-4263.262	260.9862	1.919072	0.68292	0.31708	1.547865
16188	-3991.869	-4252.924	261.0555	1.783661	0.707316	0.292684	1.596285
16194	-3987.696	-4248.824	261.1283	1.940875	0.689187	0.310813	1.424263
16200	-3988.579	-4249.75	261.1706	2.02668	0.621134	0.378866	1.323555
16206	-3988.022	-4249.286	261.2639	2.088067	0.619437	0.380563	1.195261
16212	-3990.789	-4252.043	261.2533	2.088067	0.717034	0.282966	1.204287
16218	-3983.893	-4245.208	261.3143	2.073338	0.684597	0.315403	1.164311
16224	-3995.301	-4256.746	261.4456	2.124116	0.674187	0.325813	0.9943459
16230	-4011.953	-4273.32	261.3675	2.171976	0.721946	0.278054	1.024361
16236	-3993.994	-4255.422	261.4286	2.110825	0.692675	0.307325	1.024361
16242	-3989.999	-4251.308	261.3088	2.091199	0.632083	0.367917	1.153401
16248	-3979.61	-4240.956	261.3458	2.091199	0.756306	0.243694	1.120372
16254	-3994.444	-4255.731	261.287	2.056718	0.749174	0.250826	1.202332
16260	-3995.019	-4256.061	261.0427	1.81072	0.749002	0.250998	1.585934
16266	-4006.344	-4267.543	261.1994	1.92545	0.717007	0.282993	1.381074
16272	-3994.424	-4255.756	261.3328	1.955732	0.722469	0.277531	1.248898
16278	-3980.05	-4241.325	261.2747	1.982289	0.608992	0.391008	1.275034
16284	-3987.184	-4248.28	261.0961	1.947392	0.641463	0.358537	1.443991
16290	-3977.268	-4238.25	260.9816	1.904043	0.678204	0.321796	1.562301
16296	-3992.125	-4253.087	260.9625	1.88239	0.663185	0.336815	1.592107
16302	-3999.01	-4259.957	260.9478	1.897168	0.706451	0.293549	1.592107
16308	-3996.426	-4257.354	260.9285	1.819983	0.742581	0.257419	1.661732
16314	-3991.372	-4252.29	260.9176	1.830864	0.664794	0.335206	1.661732
16320	-3998.772	-4259.759	260.9868	1.785719	0.772343	0.227657	1.644512
16326	-3989.063	-4250.008	260.9447	1.797056	0.691288	0.308712	1.666572
16332	-3986.059	-4246.955	260.8956	1.898055	0.691288	0.308712	1.629323
16338	-3994.01	-4254.905	260.8947	1.898953	0.699025	0.300975	1.629323
16344	-3994.397	-4255.419	261.0212	1.86231	0.691891	0.308109	1.563846
16350	-3994.073	-4254.972	260.8983	1.912868	0.676589	0.323411	1.616607
16356	-3994.455	-4255.437	260.9817	1.920062	0.593901	0.406099	1.550435
16362	-3999.838	-4260.996	261.1574	1.890245	0.586658	0.413342	1.44084
16368	-4001.379	-4262.371	260.992	1.899318	0.717152	0.282848	1.558096
16374	-3994.884	-4256.233	261.3482	1.966035	0.654946	0.345054	1.227326
16380	-3997.663	-4258.924	261.2617	2.025108	0.656887	0.343113	1.250316
16386	-4005.086	-4266.526	261.4402	2.125022	0.676137	0.323863	0.9988399
16392	-4004.481	-4265.82	261.3397	2.141194	0.684995	0.315005	1.080126
16398	-3995.198	-4256.649	261.4514	2.118569	0.72627	0.27373	0.9940784
16404	-3982.904	-4244.268	261.3642	2.141195	0.674207	0.325793	1.057143
16410	-3982.498	-4243.908	261.4106	2.141195	0.674207	0.325793	1.012229
16416	-3981.049	-4242.364	261.3151	2.113481	0.689814	0.310186	1.127977
16422	-3986.92	-4248.372	261.4517	2.140583	0.676602	0.323398	0.9714065
16428	-3992.896	-4254.281	261.3843	2.175391	0.725344	0.274656	1.00443
16434	-4004.59	-4265.885	261.2947	1.955641	0.658277	0.341723	1.28052
16440	-3989.476	-4250.877	261.4012	2.037871	0.655267	0.344733	1.118519
16446	-3989.375	-4250.533	261.1578	2.040199	0.620276	0.379724	1.322982
16452	-3995.917	-4256.817	260.9001	1.8078	0.711671	0.288329	1.690645
16458	-3989.353	-4250.149	260.7958	1.769516	0.719858	0.280142	1.790691
16464	-3984.471	-4245.29	260.8192	1.746092	0.719858	0.280142	1.790691
16470	-3988.323	-4249.769	261.4459	2.144302	0.599807	0.400193	0.9735626
16476	-3986.361	-4247.695	261.3336	2.196122	0.729089	0.270911	1.033768
16482	-3968.87	-4230.273	261.4028	2.233172	0.693264	0.306736	0.9252038
16488	-3975.275	-4236.699	261.4241	2.254344	0.60249	0.39751	0.8775165
16494	-3979.481	-4240.936	261.4554	2.219416	0.714691	0.285309	0.8816934
16500	-3996.263	-4257.668	261.4051	2.174088	0.667791	0.332209	0.9847568
16506	-3997.645	-4259.034	261.3892	2.169417	0.743259	0.256741	1.005431
16512	-4004.78	-4264.681	259.901	1.498516	0.680953	0.319047	2.550433
16518	-3986.696	-4246.113	259.417	1.529397	0.680953	0.319047	2.82877
16524	-3986.14	-4244.986	258.8453	1.382634	0.686102	0.313898	3.258734
16530	-3983.302	-4243.123	259.8206	1.528476	0.763816	0.236184	2.581744
16536	-3978.964	-4239.088	260.1241	1.525673	0.675753	0.324247	2.393529
16542	-3981.935	-4241.555	259.6197	1.504973	0.703253	0.296747	2.720047
16548	-3987.351	-4246.855	259.5046	1.471041	0.750034	0.249966	2.811008
16554	-3990.747	-4252.047	261.3002	2.172746	0.706976	0.293024	1.087559
16560	-3979.754	-4241.074	261.32	2.109155	0.704884	0.295116	1.127455
16566	-3982.562	-4243.724	261.1615	2.089717	0.704884	0.295116	1.279802
16572	-3986.365	-4247.648	261.2831	1.971189	0.772291	0.227709	1.277283
16578	-3986.447	-4247.657	261.2105	2.043718	0.636528	0.363472	1.277283
16584	-4006.081	-4267.464	261.383	2.007505	0.636528	0.363472	1.161779
16590	-3993.225	-4254.489	261.2638	2.130513	0.620254	0.379746	1.158371
16596	-3985.872	-4247.169	261.2967	2.127571	0.615471	0.384529	1.131817
16602	-3985.519	-4246.8	261.2807	2.143601	0.680569	0.319431	1.131817
16608	-3987	-4248.294	261.2941	2.128357	0.719569	0.280431	1.133435
16614	-3986.97	-4248.272	261.3019	2.024685	0.719109	0.280891	1.216873
16620	-3985.995	-4247.268	261.273	2.026859	0.74614	0.25386	1.239469
16626	-3988.35	-4249.642	261.292	2.012159	0.664631	0.335369	1.235881
16632	-3996.394	-4257.783	261.3894	2.144393	0.74514	0.25486	1.029842
16638	-3989.969	-4251.321	261.3515	2.182299	0.696039	0.303961	1.029842
16644	-3991.34	-4252.741	261.4015	2.18175	0.747359	0.252641	0.9806957
16650	-3985.454	-4246.835	261.3815	2.129535	0.594389	0.405611	1.051732
16656	-3983.085	-4244.482	261.3966	2.129535	0.629447	0.370553	1.037265
16662	-3982.157	-4243.523	261.3659	2.020786	0.702719	0.297281	1.165088
16668	-3998.86	-4260.067	261.2075	2.024955	0.748505	0.251495	1.295122
16674	-3988.687	-4249.768	261.0816	1.913102	0.748248	0.251752	1.48111
16680	-4001.036	-4262.198	261.1613	1.935181	0.745553	0.254447	1.40318
16686	-3987.452	-4248.488	261.036	1.895657	0.721076	0.278924	1.528323
16692	-3988.224	-4249.211	260.9869	1.858511	0.767774	0.232226	1.591791
16698	-3995.68	-4256.788	261.108	1.737336	0.766256	0.233744	1.591791
16704	-3994.645	-4255.087	260.4414	1.734974	0.796819	0.203181	2.053642
16710	-4003.952	-4264.555	260.6038	1.785398	0.732244	0.267756	1.911349
16716	-3999.154	-4259.721	260.5676	1.821604	0.692383	0.307617	1.911349
16722	-3990.81	-4251.453	260.6428	1.74642	0.718761	0.281239	1.911349
16728	-3991.412	-4252.115	260.7034	1.727173	0.738016	0.261984	1.883292
16734	-4007.693	-4268.043	260.3498	1.648052	0.78459	0.21541	2.170652
16740	-3997.117	-4257.139	260.0215	1.647186	0.658009	0.341991	2.381587
16746	-3992.028	-4251.939	259.9114	1.562124	0.655592	0.344408	2.504308
16752	-3990.086	-4250.103	260.0165	1.599058	0.739499	0.260501	2.415177
16758	-3978.895	-4239.496	260.6009	1.684372	0.703611	0.296389	1.981253
16764	-3989.398	-4250.102	260.7035	1.772164	0.716512	0.283488	1.852467
16770	-3984.485	-4245.233	260.7481	1.712516	0.703813	0.296187	1.862792
16776	-3997.491	-4258.5	261.0094	1.7663	0.61506	0.38494	1.642238
16782	-3988.446	-4249.392	260.9468	1.888895	0.727441	0.272559	1.598823
16788	-3995.409	-4256.463	261.0548	1.888895	0.569678	0.430322	1.519341
16794	-3988.286	-4249.207	260.9209	1.883361	0.569678	0.430322	1.621658
16800	-3986.565	-4247.551	260.9857	1.883361	0.696977	0.303023	1.574504
16806	-3987.566	-4248.605	261.0395	2.006466	0.696977	0.303023	1.442133
16812	-3997.788	-4259.098	261.3105	2.008983	0.757886	0.242114	1.222962
16818	-3997.608	-4258.822	261.2144	2.030261	0.672665	0.327335	1.285168
16824	-4000.394	-4261.707	261.3135	2.055924	0.681597	0.318403	1.180192
16830	-3997.905	-4259.02	261.1146	2.046324	0.737923	0.262077	1.352589
16836	-3991.535	-4252.818	261.2836	2.00745	0.666418	0.333582	1.24684
16842	-3983.186	-4244.396	261.2097	2.031087	0.758262	0.241738	1.288346
16848	-3978.854	-4240.236	261.3822	2.032918	0.737776	0.262224	1.139968
16854	-3996.627	-4257.918	261.2908	2.048877	0.692055	0.307945	1.20573
16860	-3986.9	-4247.46	260.5598	1.714495	0.725305	0.274695	1.988617
16866	-3995.575	-4256.43	260.8551	1.765469	0.720241	0.279759	1.752222
16872	-4013.69	-4274.493	260.8025	1.842481	0.727342	0.272658	1.735074
16878	-4006.645	-4267.709	261.0637	1.86978	0.662678	0.337322	1.526958
16884	-3990.841	-4251.793	260.9517	1.798648	0.733335	0.266665	1.660386
16890	-3999.175	-4260.318	261.1435	1.896805	0.672337	0.327663	1.44644
16896	-3995.614	-4256.893	261.279	1.895779	0.739417	0.260583	1.341561
16902	-3988.904	-4249.881	260.9773	1.895779	0.742176	0.257824	1.57154
16908	-4001.177	-4262.14	260.9624	1.859539	0.665705	0.334295	1.608852
16914	-3985.376	-4246.349	260.9725	1.859539	0.665705	0.334295	1.601473
16920	-3992.559	-4253.584	261.025	1.834925	0.730669	0.269331	1.581146
16926	-3982.22	-4243.365	261.1443	1.903126	0.671584	0.328416	1.440982
16932	-3996.924	-4258.15	261.2255	1.961464	0.687845	0.312155	1.331837
16938	-3992.641	-4253.841	261.1997	1.987298	0.687845	0.312155	1.331837
16944	-3994.427	-4255.533	261.1062	1.98366	0.572915	0.427085	1.408285
16950	-3989.143	-4250.45	261.3064	2.044138	0.739639	0.260361	1.196496
16956	-3995.457	-4256.712	261.2547	2.028848	0.739639	0.260361	1.253045
16962	-3995.722	-4257.012	261.2906	2.028848	0.662191	0.337809	1.222958
16968	-3986.377	-4247.635	261.2589	1.985385	0.655341	0.344659	1.28545
16974	-3977.845	-4239.081	261.2361	1.993007	0.701332	0.298668	1.297828
16980	-3998.299	-4259.463	261.1643	1.893444	0.735696	0.264304	1.433116
16986	-3988.103	-4249.231	261.1277	1.954511	0.818603	0.181397	1.414258
16992	-3999.491	-4260.722	261.2309	1.851256	0.676143	0.323857	1.414258
16998	-3983.46	-4244.426	260.9668	1.898213	0.653245	0.346755	1.577439
17004	-3986.27	-4247.309	261.0389	1.971137	0.622226	0.377774	1.469474
17010	-3987.389	-4248.335	260.9456	1.859984	0.59441	0.40559	1.620668
17016	-4011.192	-4272.094	260.9021	1.819848	0.617671	0.382329	1.680655
17022	-3991.705	-4252.974	261.2685	1.911282	0.733637	0.266363	1.337617
17028	-3992.451	-4253.323	260.8729	1.814033	0.606487	0.393513	1.705544
17034	-3993.429	-4254.082	260.6535	1.814033	0.695244	0.304756	1.858012
17040	-3984.407	-4245.441	261.0345	1.821922	0.646783	0.353217	1.583746
17046	-3992.144	-4253.061	260.9178	1.938602	0.646783	0.353217	1.583746
17052	-4001.352	-4262.219	260.8672	1.794176	0.735463	0.264537	1.723557
17058	-4007.436	-4268.35	260.9141	1.887608	0.752181	0.247819	1.623485
17064	-4000.888	-4261.789	260.9005	1.804927	0.649239	0.350761	1.692398
17070	-3991.606	-4252.587	260.9809	1.837206	0.695587	0.304413	1.611625
17076	-4002.967	-4263.943	260.9759	1.842224	0.77998	0.22002	1.611625
17082	-4007.088	-4268.084	260.9969	1.841412	0.707805	0.292195	1.596962
17088	-3981.242	-4242.181	260.9398	1.86364	0.628282	0.371718	1.622211
17094	-3995.967	-4257.039	261.072	1.939921	0.60111	0.39889	1.468089
17100	-4005.222	-4266.657	261.4356	2.294052	0.577372	0.422628	0.8148239
17106	-3992.84	-4254.309	261.4694	2.29683	0.577372	0.422628	0.7649067
17112	-3979.816	-4241.3	261.4841	2.258609	0.608174	0.391826	0.7976992
17118	-3981.784	-4243.204	261.4201	2.206836	0.727202	0.272798	0.9349225
17124	-3968.501	-4229.946	261.445	2.181922	0.614863	0.385137	0.9349225
17130	-3977.813	-4239.214	261.4013	2.175169	0.614863	0.385137	0.9875235
17136	-3971.206	-4232.514	261.3076	2.190652	0.612429	0.387571	1.063878
17142	-3970.496	-4231.836	261.3406	2.07323	0.66406	0.33594	1.141188
17148	-3985.735	-4246.978	261.2425	2.14776	0.62174	0.37826	1.161954
17154	-3984.966	-4246.335	261.3689	2.096872	0.753782	0.246218	1.094103
17160	-3984.079	-4245.414	261.3347	2.032035	0.655134	0.344866	1.18245
17166	-3996.052	-4257.418	261.3658	2.054016	0.841837	0.158163	1.135788
17172	-3984.926	-4246.374	261.4475	2.168734	0.784753	0.215247	0.9463164
17178	-3984.89	-4246.257	261.3674	2.06897	0.732511	0.267489	1.120934
17184	-3988.96	-4250.203	261.243	2.127891	0.655116	0.344884	1.178863
17190	-4007.44	-4268.16	260.7195	1.73588	0.729261	0.270739	1.866365
17196	-4006.884	-4267.411	260.5265	1.652767	0.599292	0.400708	2.051771
17202	-4000.359	-4261.738	261.379	2.175533	0.617643	0.382357	1.009492
17208	-3987.23	-4248.609	261.379	2.175533	0.725086	0.274914	1.009492
17214	-3997.584	-4258.848	261.2644	2.045466	0.743817	0.256183	1.231078
17220	-3990.582	-4251.959	261.3767	2.142998	0.702245	0.297755	1.043492
17226	-3987.951	-4249.309	261.3574	2.138718	0.672609	0.327391	1.065867
17232	-3988.604	-4249.962	261.3574	2.138718	0.743906	0.256094	1.065867
17238	-3986.218	-4247.523	261.305	2.191185	0.743906	0.256094	1.065867
17244	-3981.274	-4242.7	261.4262	2.156127	0.71874	0.28126	0.9815511
17250	-3993.192	-4254.533	261.3406	2.475724	0.686031	0.313969	0.6839463
17256	-3993.555	-4254.882	261.3274	2.498319	0.714431	0.285569	0.6657161
17262	-3992.447	-4253.861	261.4139	2.25598	0.710227	0.289773	0.887312
17268	-3991.581	-4253.04	261.4587	2.274509	0.746625	0.253375	0.8101602
17274	-3977.526	-4238.917	261.3916	2.283529	0.736116	0.263884	0.8812693
17280	-3980.734	-4242.134	261.3995	2.30034	0.709912	0.290088	0.8520444
17286	-3974.529	-4235.898	261.3686	2.30034	0.670878	0.329122	0.8883949
17292	-3992.313	-4253.727	261.4137	2.294389	0.661672	0.338328	0.8420908
17298	-3978.644	-4240.069	261.4244	2.294389	0.694473	0.305527	0.8287051
17304	-3963.582	-4224.985	261.4034	2.225767	0.687523	0.312477	0.9325597
17310	-3965.902	-4227.282	261.3803	2.041137	0.591619	0.408381	1.134368
17316	-3989.213	-4250.587	261.3736	2.047865	0.550686	0.449314	1.134368
17322	-3977.502	-4238.773	261.2707	1.972001	0.662101	0.337899	1.286731
17328	-3975.991	-4237.43	261.4387	1.973627	0.588373	0.411627	1.14245
17334	-3984.711	-4246.09	261.3787	2.132938	0.693498	0.306502	1.05115
17340	-3984.161	-4245.533	261.3721	2.132938	0.704197	0.295803	1.057469
17346	-3974.706	-4235.946	261.24	2.056507	0.695911	0.304089	1.242216
17352	-3954.446	-4215.814	261.3677	2.056507	0.653248	0.346752	1.131855
17358	-3956.842	-4218.265	261.4229	2.266031	0.698017	0.301983	0.8651453
17364	-3960.601	-4221.997	261.3952	2.293409	0.668121	0.331879	0.8655848
17370	-3974.029	-4235.45	261.4205	2.281515	0.725779	0.274221	0.8494666
17376	-3974.226	-4235.629	261.4031	2.239	0.620694	0.379306	0.9184205
17382	-3970.736	-4232.119	261.3834	2.228454	0.669257	0.330743	0.9510238
17388	-3978.067	-4239.466	261.3989	2.228454	0.743864	0.256136	0.9344597
17394	-3978.562	-4239.851	261.2893	2.217672	0.713647	0.286353	1.05565
17400	-3965.198	-4226.606	261.4088	2.221243	0.659369	0.340631	0.9316111
17406	-3967.682	-4229.007	261.3242	2.23158	0.767262	0.232738	1.008298
17412	-3963.183	-4224.502	261.3187	2.23158	0.644303	0.355697	1.01375
17418	-3971.34	-4232.674	261.3346	2.273063	0.749205	0.250795	0.9553697
17424	-3998.446	-4259.554	261.1084	1.94914	0.772936	0.227064	1.433218
17430	-3994.414	-4255.812	261.398	2.307282	0.75474	0.24526	0.8454966
17436	-3989.868	-4251.266	261.398	2.307282	0.63619	0.36381	0.8454966
17442	-3992.696	-4254.142	261.4462	2.259032	0.69161	0.30839	0.8454966
17448	-3981.527	-4242.944	261.4164	2.275852	0.69161	0.30839	0.8612329
17454	-3982.134	-4243.581	261.4468	2.22814	0.647485	0.352515	0.881525
17460	-3974.188	-4235.613	261.4258	2.204019	0.770292	0.229708	0.9318531
17466	-3975.387	-4236.811	261.4239	2.189296	0.770292	0.229708	0.9496308
17472	-3970.15	-4231.586	261.4352	2.254923	0.691634	0.308366	0.8637929
17478	-3978.948	-4240.322	261.3737	2.329053	0.665562	0.334438	0.8485692
17484	-3988.071	-4249.412	261.3408	2.362442	0.75059	0.24941	0.8479746
17490	-3974.031	-4235.387	261.3565	2.29375	0.670948	0.329052	0.9094333
17496	-3975.563	-4236.929	261.3661	2.354877	0.65248	0.34752	0.8259799
17502	-3970.113	-4231.527	261.4144	2.304162	0.723227	0.276773	0.8289587
17508	-3986.585	-4247.978	261.393	2.260897	0.61524	0.38476	0.905363
17514	-3981.605	-4242.989	261.3842	2.347056	0.773543	0.226457	0.8127717
17520	-3968.487	-4229.917	261.4292	2.347056	0.677215	0.322785	0.7502828
17526	-3970.304	-4231.752	261.4485	2.327686	0.661586	0.338414	0.7502828
17532	-3965.737	-4227.122	261.3852	2.406302	0.661586	0.338414	0.7266274
17538	-3964.401	-4225.822	261.4212	2.367991	0.708953	0.291047	0.730283
17544	-3973.135	-4234.511	261.3761	2.329431	0.744077	0.255923	0.8451886
17550	-3980.052	-4241.526	261.4741	2.249142	0.652755	0.347245	0.8230861
17556	-3983.409	-4244.765	261.3558	2.401088	0.721326	0.278674	0.7782654
17562	-3988.31	-4249.645	261.3351	2.417912	0.555288	0.444712	0.7836977
17568	-3983.756	-4245.147	261.3905	2.362422	0.620192	0.379808	0.7836977
17574	-3987.163	-4248.533	261.37	2.342752	0.724367	0.275633	0.8362567
17580	-3985.098	-4246.481	261.383	2.304513	0.62476	0.37524	0.8668843
17586	-4003.699	-4264.987	261.2883	2.190062	0.665766	0.334234	1.082529
17592	-3992.37	-4253.675	261.3048	2.036829	0.668023	0.331977	1.204075
17598	-3989.131	-4250.46	261.3292	2.040104	0.731284	0.268716	1.180226
17604	-3984.851	-4246.289	261.438	2.076146	0.760088	0.239912	1.048766
17610	-3985.969	-4247.323	261.3537	2.078081	0.758281	0.241719	1.125082
17616	-3995.039	-4256.487	261.4484	2.007229	0.696317	0.303683	1.103473
17622	-3994.639	-4255.99	261.3505	2.081659	0.7039	0.2961	1.124736
17628	-3989.672	-4251.058	261.3858	2.081659	0.689235	0.310765	1.092564
17634	-4004.023	-4265.343	261.3194	2.148114	0.783098	0.216902	1.092564
17640	-4003.206	-4263.894	260.6885	1.842747	0.709272	0.290728	1.814234
17646	-3983.713	-4244.382	260.6692	1.862036	0.661887	0.338113	1.814234
17652	-3991.385	-4252.591	261.2066	2.058719	0.682075	0.317925	1.268184
17658	-3999.555	-4260.754	261.1997	2.044337	0.63582	0.36418	1.285632
17664	-3997.137	-4258.377	261.2392	2.101708	0.69759	0.30241	1.204678
17670	-3991.307	-4252.708	261.4013	2.295638	0.637227	0.362773	0.8556041
17676	-3982.258	-4243.714	261.456	2.292194	0.664982	0.335018	0.7902852
17682	-3987.637	-4248.979	261.3423	2.292194	0.679193	0.320807	0.926778
17688	-3999.512	-4260.976	261.464	2.189873	0.715528	0.284472	0.9054956
17694	-4001.46	-4262.806	261.3462	2.129815	0.626999	0.373001	1.084721
17700	-3980.327	-4241.759	261.4316	2.180148	0.71611	0.28389	0.951082
17706	-3977.108	-4238.338	261.2299	2.123725	0.67652	0.32348	1.193801
17712	-3993.762	-4254.938	261.1763	2.020753	0.576239	0.423761	1.323736
17718	-3981.464	-4242.737	261.2731	1.994892	0.750468	0.249532	1.265942
17724	-4001.13	-4262.347	261.2171	1.923152	0.754128	0.245872	1.368948
17730	-3998.821	-4260.098	261.2767	1.97446	0.652733	0.347267	1.279804
17736	-3997.926	-4259.185	261.2593	1.994307	0.678116	0.321884	1.277786
17742	-3994.854	-4256.183	261.3295	2.037579	0.729324	0.270676	1.182179
17748	-3982.077	-4243.405	261.3289	2.038186	0.677857	0.322143	1.182179
17754	-3984.69	-4245.874	261.1833	1.895772	0.737388	0.262612	1.416643
17760	-3969.567	-4230.571	261.0041	1.894343	0.722768	0.277232	1.552843
17766	-3994.479	-4255.22	260.7412	1.747125	0.746307	0.253693	1.843813
17772	-3986.917	-4247.64	260.7225	1.763378	0.676516	0.323484	1.845488
17778	-3977.502	-4238.153	260.6509	1.729473	0.723165	0.276835	1.91731
17784	-3986.804	-4247.481	260.677	1.755712	0.723165	0.276835	1.881825
17790	-4001.372	-4262.528	261.1562	1.841814	0.631705	0.368295	1.478543
17796	-4007.198	-4267.93	260.732	1.891553	0.631705	0.368295	1.750077
17802	-4002.244	-4263.193	260.9483	1.800638	0.53225	0.46775	1.661424
17808	-4009.052	-4270.071	261.0193	1.729631	0.612125	0.387875	1.661424
17814	-4001.099	-4262.284	261.1847	1.946454	0.705312	0.294688	1.376094
17820	-3993.618	-4254.681	261.0626	1.959224	0.798034	0.201966	1.460529
17826	-3997.874	-4258.86	260.9853	2.018248	0.695438	0.304562	1.474395
17832	-3986.963	-4248.083	261.1199	1.969363	0.732201	0.267799	1.408751
17838	-4007.067	-4268.295	261.228	1.99739	0.712654	0.287346	1.300841
17844	-4007.148	-4268.478	261.3298	2.059462	0.657077	0.342923	1.162874
17850	-3997.582	-4258.974	261.3922	1.976382	0.663944	0.336056	1.180909
17856	-3995.656	-4257.051	261.3948	2.177613	0.659025	0.340975	0.9916083
17862	-4004.375	-4265.825	261.4501	2.104449	0.674814	0.325186	1.009533
17868	-4004.133	-4265.519	261.3859	2.257949	0.616996	0.383004	0.9165021
17874	-3992.089	-4253.517	261.4285	2.162802	0.723732	0.276268	0.9724231
17880	-3983.006	-4244.362	261.3557	2.162802	0.795126	0.204874	1.044599
17886	-3978.64	-4239.967	261.3271	2.200726	0.775086	0.224914	1.035653
17892	-3979.181	-4240.551	261.3706	2.120251	0.689563	0.310437	1.070811
17898	-3973.783	-4235.224	261.4415	2.107306	0.667647	0.332353	1.015196
17904	-3978.01	-4239.324	261.3138	2.071225	0.664002	0.335998	1.166531
17910	-3982.319	-4243.646	261.3269	2.071225	0.660442	0.339558	1.155028
17916	-3989.642	-4250.872	261.2296	2.018663	0.722645	0.277355	1.282177
17922	-3991.946	-4253	261.0535	2.026913	0.668419	0.331581	1.415613
17928	-3998.007	-4259.147	261.1399	1.879974	0.77117	0.22883	1.46201
17934	-4001.272	-4262.658	261.3858	2.285838	0.736597	0.263403	0.8853201
17940	-4001.981	-4262.899	260.9181	1.725238	0.659207	0.340793	1.736266
17946	-3988.404	-4249.601	261.1972	2.008755	0.782141	0.217859	1.316623
17952	-3990.657	-4251.981	261.3234	2.095496	0.650987	0.349013	1.13661
17958	-3988.784	-4250.135	261.3512	2.126343	0.660959	0.339041	1.083271
17964	-3985.44	-4246.815	261.3744	2.103099	0.660959	0.339041	1.083271
17970	-3993.068	-4254.35	261.2818	2.101392	0.763376	0.236624	1.168168
17976	-3992.411	-4253.715	261.3045	2.07842	0.690636	0.309364	1.168416
17982	-3997.602	-4258.923	261.3211	2.250128	0.640625	0.359375	0.9928673
17988	-3982.52	-4243.869	261.3496	2.246878	0.775824	0.224176	0.9670477
17994	-3988.445	-4249.786	261.3402	2.258318	0.775824	0.224176	0.9649645
18000	-3988.403	-4249.826	261.4238	2.154367	0.692082	0.307918	0.9858655
18006	-3987.627	-4248.98	261.3538	2.255631	0.706065	0.293935	0.9535555
18012	-3987.238	-4248.593	261.3548	2.225875	0.633489	0.366511	0.9832852
18018	-3993.666	-4255.037	261.371	2.267004	0.670781	0.329219	0.9230088
18024	-3982.51	-4243.935	261.4253	2.201674	0.669919	0.330081	0.9348892
18030	-3991.462	-4252.72	261.2587	2.171304	0.700143	0.299857	1.126653
18036	-3986.836	-4248.118	261.2817	2.117719	0.792826	0.207174	1.153948
18042	-3978.7	-4240.027	261.3273	2.117719	0.764412	0.235588	1.113074
18048	-3985.704	-4246.989	261.285	2.038038	0.744743	0.255257	1.219883
18054	-3983.808	-4245.077	261.2692	2.053874	0.635469	0.364531	1.219883
18060	-3979.024	-4240.279	261.2546	2.103341	0.632656	0.367344	1.190074
18066	-3976.411	-4237.612	261.201	2.110881	0.633034	0.366966	1.229347
18072	-3987.981	-4249.172	261.1914	2.052108	0.628026	0.371974	1.286076
18078	-3991.301	-4252.636	261.3353	2.16838	0.731024	0.268976	1.058765
18084	-4003.138	-4264.497	261.3592	2.214561	0.729369	0.270631	0.9903235
18090	-3995.338	-4256.684	261.3458	2.214561	0.692527	0.307473	1.003753
18096	-4002.762	-4264.175	261.4136	2.214561	0.66135	0.33865	0.9336488
18102	-3996.905	-4258.098	261.1927	1.955956	0.7636	0.2364	1.362293
18108	-3979.539	-4240.638	261.0989	1.86473	0.69784	0.30216	1.504472
18114	-3982.366	-4243.448	261.0821	1.869639	0.715377	0.284623	1.513318
18120	-3994.568	-4255.579	261.0116	1.894929	0.658177	0.341823	1.546889
18126	-3991.433	-4252.33	260.8972	1.855111	0.705219	0.294781	1.659015
18132	-3980.266	-4240.944	260.6777	1.848192	0.74858	0.25142	1.81792
18138	-3988.148	-4249.16	261.0122	1.795976	0.654021	0.345979	1.618831
18144	-3974.799	-4235.913	261.1146	1.875219	0.749097	0.250903	1.484757
18150	-3972.812	-4233.918	261.106	1.940249	0.741799	0.258201	1.441906
18156	-3979.694	-4240.952	261.2585	1.940249	0.634642	0.365358	1.322394
18162	-3983.561	-4244.823	261.262	1.95804	0.65175	0.34825	1.305183
18168	-3986.094	-4247.363	261.269	1.905571	0.748476	0.251524	1.34176
18174	-3984.393	-4245.619	261.2257	1.894132	0.612362	0.387638	1.38493
18180	-3979.184	-4240.532	261.3476	1.963443	0.575625	0.424375	1.230055
18186	-3988.59	-4249.831	261.2408	2.024191	0.710887	0.289113	1.268476
18192	-3980.789	-4242.022	261.233	1.944412	0.610591	0.389409	1.339451
18198	-3987.466	-4248.716	261.2497	1.927728	0.778838	0.221162	1.339451
18204	-3974.924	-4236.247	261.3226	1.948814	0.646633	0.353367	1.263171
18210	-3988.342	-4249.561	261.2194	1.922334	0.679106	0.320894	1.367739
18216	-3990.888	-4251.995	261.1069	1.921521	0.647807	0.352193	1.455496
18222	-3981.437	-4242.706	261.2693	2.03121	0.684797	0.315203	1.238926
18228	-3977.27	-4238.517	261.247	2.02958	0.710744	0.289256	1.258865
18234	-3974.856	-4236.11	261.2534	2.097868	0.657869	0.342131	1.195803
18240	-3980.148	-4241.561	261.4131	2.201721	0.810526	0.189474	0.9478381
18246	-4002.31	-4263.689	261.3787	2.132647	0.68875	0.31125	1.051441
18252	-4003.186	-4264.138	260.9516	1.851875	0.64106	0.35894	1.622202
18258	-4005.274	-4266.141	260.8669	1.936585	0.78802	0.21198	1.622202
18264	-3986.118	-4246.909	260.7911	1.782356	0.722341	0.277659	1.785031
18270	-4002.802	-4263.368	260.5659	1.732888	0.725991	0.274009	1.97221
18276	-4002.579	-4263.607	261.0278	1.798202	0.772248	0.227752	1.605859
18282	-3992.822	-4253.528	260.7064	1.916006	0.600368	0.399632	1.750941
18288	-3989.998	-4251.162	261.1637	1.916006	0.697183	0.302817	1.416165
18294	-4003.894	-4265.138	261.2441	2.000379	0.686006	0.313994	1.28534
18300	-3994.518	-4255.783	261.2653	1.979108	0.631124	0.368876	1.28534
18306	-3993.462	-4254.627	261.1643	2.02316	0.667761	0.332239	1.331464
18312	-3980.289	-4241.6	261.3118	2.091085	0.651383	0.348617	1.150857
18318	-4003.703	-4265.015	261.3118	2.091085	0.627114	0.372886	1.150857
18324	-4004.125	-4265.142	261.0174	1.885351	0.739355	0.260645	1.549719
18330	-3989.832	-4251.088	261.2558	2.084412	0.761641	0.238359	1.205335
18336	-3998.057	-4259.424	261.3672	2.170724	0.724546	0.275454	1.025818
18342	-3981.987	-4243.275	261.2881	2.029688	0.678715	0.321285	1.224371
18348	-3979.031	-4240.107	261.0757	1.989583	0.678715	0.321285	1.427261
18354	-3995.061	-4256.163	261.1014	1.963917	0.652206	0.347794	1.427261
18360	-3985.432	-4246.764	261.3321	2.080621	0.673876	0.326124	1.142098
18366	-3984.573	-4245.886	261.3132	2.080621	0.679128	0.320872	1.158851
18372	-3981.833	-4243.179	261.3457	2.14539	0.679128	0.320872	1.070581
18378	-3996.82	-4258.183	261.3631	2.128056	0.581902	0.418098	1.070581
18384	-3989.402	-4250.739	261.337	2.190544	0.586316	0.413684	1.035924
18390	-3991.127	-4252.545	261.4173	2.159886	0.590584	0.409416	0.986767
18396	-3990.565	-4251.944	261.3782	2.129044	0.681942	0.318058	1.055329
18402	-3985.429	-4246.823	261.3941	2.208121	0.685709	0.314291	0.9610794
18408	-3984.484	-4245.925	261.4404	2.333718	0.652847	0.347153	0.7534332
18414	-3992.809	-4254.217	261.4087	2.379716	0.750594	0.249406	0.7314678
18420	-3990.034	-4251.427	261.3928	2.409127	0.675489	0.324511	0.7093861
18426	-3976.92	-4238.252	261.3322	2.448162	0.700527	0.299473	0.7440169
18432	-3990.399	-4251.779	261.3801	2.275903	0.560731	0.439269	0.9030952
18438	-3999.888	-4261.288	261.4002	2.275903	0.734795	0.265205	0.8801905
18444	-3982.758	-4244.157	261.3991	2.276982	0.693523	0.306477	0.8801905
18450	-3981.086	-4242.499	261.4138	2.183294	0.749585	0.250415	0.9664376
18456	-3983.946	-4245.335	261.3891	2.183294	0.765839	0.234161	0.9916259
18462	-3985.257	-4246.619	261.3615	2.232262	0.501153	0.498847	0.9698598
18468	-3974.91	-4236.193	261.2831	2.232262	0.634655	0.365345	1.047628
18474	-3970.531	-4231.92	261.3897	2.201841	0.634655	0.365345	0.9721182
18480	-4000.148	-4261.472	261.3243	2.090819	0.732852	0.267148	1.140019
18486	-3994.169	-4255.409	261.2394	2.042293	0.703455	0.296545	1.254585
18492	-3989.678	-4250.908	261.2308	2.042293	0.660468	0.339532	1.261709
18498	-3983.279	-4244.457	261.1786	1.961648	0.660468	0.339532	1.368909
18504	-3973.829	-4235.134	261.3055	2.023624	0.697305	0.302695	1.214768
18510	-3977.553	-4238.914	261.361	2.025649	0.806807	0.193193	1.165113
18516	-3994.018	-4255.355	261.3368	2.006336	0.78852	0.21148	1.202799
18522	-4000.705	-4262.036	261.3307	2.037262	0.607088	0.392912	1.181385
18528	-3990.396	-4251.757	261.3616	2.006396	0.612014	0.387986	1.181385
18534	-3981.271	-4242.617	261.3453	2.198568	0.648312	0.351688	1.020019
18540	-3988	-4249.384	261.3836	2.297279	0.722635	0.277365	0.87463
18546	-3984.802	-4246.197	261.3944	2.286485	0.63065	0.36935	0.87463
18552	-4009.127	-4270.611	261.4846	2.302065	0.691821	0.308179	0.7343274
18558	-4003.433	-4264.766	261.3329	2.212327	0.786545	0.213455	1.018665
18564	-3993.434	-4254.769	261.3352	2.3484	0.633084	0.366916	0.8714042
18570	-3979.829	-4241.223	261.3948	2.264442	0.703632	0.296368	0.8993856
18576	-3991.219	-4252.6	261.3817	2.3239	0.698756	0.301244	0.845141
18582	-3995.989	-4257.154	261.1657	1.956278	0.743496	0.256504	1.383257
18588	-3994.221	-4255.446	261.2245	1.932024	0.72151	0.27849	1.356085
18594	-3993.474	-4254.935	261.4606	2.172177	0.645719	0.354281	0.9286635
18600	-3982.309	-4243.663	261.3544	2.250911	0.721038	0.278962	0.9578888
18606	-3977.653	-4238.992	261.3386	2.203118	0.759724	0.240276	1.022169
18612	-3984.945	-4246.261	261.3164	2.186175	0.746401	0.253599	1.05981
18618	-3977.822	-4239.113	261.2913	2.147906	0.657836	0.342164	1.118412
18624	-3990.791	-4252.116	261.3256	2.147906	0.726718	0.273282	1.086991
18630	-3986.065	-4247.466	261.4005	2.121512	0.748501	0.251499	1.041279
18636	-3992.15	-4253.575	261.4246	2.060131	0.720173	0.279827	1.076601
18642	-3982.138	-4243.515	261.3762	2.02781	0.745364	0.254636	1.149835
18648	-3981.568	-4242.845	261.2774	2.003644	0.717072	0.282928	1.255147
18654	-3992.856	-4254.096	261.2393	2.027171	0.71646	0.28354	1.267234
18660	-3999.441	-4260.81	261.369	2.027171	0.71646	0.28354	1.156816
18666	-3978.068	-4239.422	261.3535	2.043346	0.710496	0.289504	1.15616
18672	-3975.307	-4236.506	261.1992	2.042087	0.765325	0.234675	1.287896
18678	-3973.194	-4234.514	261.3205	2.042087	0.696253	0.303747	1.18606
18684	-3987.406	-4248.771	261.3648	2.114999	0.696253	0.303747	1.081166
18690	-3985.392	-4246.662	261.27	2.12334	0.7609	0.2391	1.159296
18696	-3977.369	-4238.638	261.2691	1.959576	0.621298	0.378702	1.298198
18702	-3990.952	-4252.275	261.3234	1.986772	0.774334	0.225666	1.230747
18708	-3991.097	-4252.338	261.2407	2.061149	0.721171	0.278829	1.23776
18714	-3983.622	-4244.967	261.3449	2.049161	0.721171	0.278829	1.158679
18720	-3982.001	-4243.29	261.2895	2.030186	0.635038	0.364962	1.222771
18726	-3967.597	-4229.003	261.4068	2.058489	0.669597	0.330403	1.094588
18732	-3987.641	-4248.971	261.3295	2.15524	0.751968	0.248032	1.076584
18738	-3982.917	-4244.247	261.3297	2.15524	0.676242	0.323758	1.076415
18744	-3975.526	-4236.908	261.3826	2.080886	0.676242	0.323758	1.096279
18750	-3980.008	-4241.364	261.3562	2.228271	0.757497	0.242503	0.9793642
18756	-3985.703	-4247.141	261.4383	2.260468	0.673569	0.326431	0.8534209
18762	-3984.934	-4246.334	261.3993	2.29793	0.740239	0.259761	0.8552683
18768	-3982.87	-4244.255	261.3855	2.29793	0.651367	0.348633	0.8716019
18774	-3981.183	-4242.52	261.3368	2.327631	0.651367	0.348633	0.8936128
18780	-3993.448	-4254.82	261.3715	2.292832	0.676593	0.323407	0.8936128
18786	-3971.73	-4233.144	261.4139	2.292832	0.682806	0.317194	0.8436918
18792	-3975.81	-4237.206	261.3956	2.292685	0.682806	0.317194	0.8658903
18798	-3979.611	-4241	261.3892	2.335397	0.734488	0.265512	0.8213025
18804	-3974.054	-4235.435	261.3806	2.38373	0.749799	0.250201	0.7676369
18810	-3995.145	-4256.513	261.3675	2.422795	0.711072	0.288928	0.7285191
18816	-4003.14	-4264.524	261.3845	2.40668	0.641695	0.358305	0.7270609
18822	-3985.505	-4246.86	261.3543	2.479352	0.600806	0.399194	0.6491859
18828	-3993.65	-4254.995	261.3456	2.479352	0.600806	0.399194	0.6673773
18834	-3995.152	-4256.515	261.3632	2.456503	0.644776	0.355224	0.6774927
18840	-3992.064	-4253.509	261.4451	2.345267	0.777664	0.222336	0.7283825
18846	-3986.813	-4248.242	261.4289	2.301867	0.537464	0.462536	0.8133582
18852	-3978.035	-4239.459	261.4241	2.301867	0.683554	0.316446	0.8196354
18858	-3981	-4242.451	261.4506	2.223298	0.6557	0.3443	0.8827576
18864	-3982.796	-4244.183	261.3866	2.220356	0.662284	0.337716	0.9561438
18870	-3974.885	-4236.292	261.4078	2.199159	0.708336	0.291664	0.9561438
18876	-3991.968	-4253.348	261.3801	2.282804	0.717116	0.282884	0.8953113
18882	-3990.542	-4252.004	261.4618	2.201059	0.737236	0.262764	0.8953113
18888	-3989.38	-4250.671	261.2907	2.166706	0.663989	0.336011	1.101818
18894	-3990.919	-4251.648	260.7282	1.751703	0.66898	0.33102	1.8496
18900	-3993.697	-4254.682	260.985	1.832133	0.66898	0.33102	1.61231
18906	-3997.444	-4258.413	260.9688	1.842836	0.66898	0.33102	1.616308
18912	-3991.132	-4252.545	261.4129	2.169349	0.676364	0.323636	0.9817103
18918	-3995.466	-4256.742	261.2752	2.186927	0.676364	0.323636	1.097482
18924	-3993.478	-4254.026	260.5475	1.756627	0.605878	0.394122	1.968675
18930	-3989.911	-4251.202	261.2907	2.110747	0.577972	0.422028	1.152164
18936	-3999.519	-4260.726	261.207	2.019743	0.698783	0.301217	1.299727
18942	-3997.272	-4258.492	261.2197	2.012578	0.622659	0.377341	1.295249
18948	-3989.83	-4251.065	261.2355	1.996774	0.641383	0.358617	1.295249
18954	-3987.979	-4249.247	261.2678	1.964509	0.641383	0.358617	1.295249
18960	-3988.851	-4249.481	260.63	1.743396	0.673537	0.326463	1.922043
18966	-3993.382	-4253.835	260.4529	1.768049	0.62751	0.37249	2.024158
18972	-3995.718	-4256.438	260.7201	1.827078	0.62751	0.37249	1.803223
18978	-3983.451	-4244.158	260.7068	1.827286	0.685767	0.314233	1.812312
18984	-4001.874	-4262.613	260.739	1.724149	0.658157	0.341843	1.861019
18990	-3994.34	-4254.968	260.6288	1.860518	0.645761	0.354239	1.843142
18996	-3986.847	-4247.708	260.8604	1.770249	0.653554	0.346446	1.74512
19002	-4005.549	-4266.305	260.7552	1.781089	0.653554	0.346446	1.81077
19008	-3989.721	-4250.07	260.3483	1.729509	0.653554	0.346446	2.11846
19014	-3993.248	-4254.085	260.8375	1.765753	0.672429	0.327571	1.764267
19020	-3991.516	-4252.211	260.695	1.755387	0.672429	0.327571	1.869782
19026	-4005.242	-4265.975	260.7334	1.743157	0.669757	0.330243	1.851847
19032	-3987.695	-4248.437	260.7419	1.800032	0.669757	0.330243	1.80688
19038	-3987.346	-4248.113	260.767	1.814227	0.761737	0.238263	1.779662
19044	-3992.221	-4253.143	260.9226	1.856596	0.755804	0.244196	1.639717
19050	-3982.47	-4243.377	260.9075	1.829485	0.755804	0.244196	1.66994
19056	-3980.813	-4241.721	260.9075	1.829485	0.604698	0.395302	1.66994
19062	-3988.21	-4249.464	261.254	2.01478	0.64227	0.35773	1.265323
19068	-3987.189	-4248.437	261.2479	2.02089	0.599471	0.400529	1.265323
19074	-3977.31	-4238.225	260.9146	1.829697	0.662034	0.337966	1.664723
19080	-3982.879	-4243.681	260.8023	1.669531	0.632799	0.367201	1.855107
19086	-3989.848	-4250.46	260.6118	1.814767	0.696542	0.303458	1.886
19092	-3991.589	-4252.412	260.8236	1.836836	0.735148	0.264852	1.724178
19098	-3983.408	-4244.206	260.7979	1.786942	0.662934	0.337066	1.777093
19104	-3982.461	-4243.369	260.9076	1.800859	0.672997	0.327003	1.690238
19110	-3983.098	-4243.808	260.7101	1.773431	0.768146	0.231854	1.847062
19116	-3989.35	-4249.995	260.6456	1.735606	0.732092	0.267908	1.916776
19122	-3998.368	-4258.477	260.1096	1.729197	0.698467	0.301533	2.273245
19128	-3999.16	-4259.158	259.9985	1.688605	0.681612	0.318388	2.36992
19134	-4004.962	-4266.335	261.3732	1.983308	0.668097	0.331903	1.19136
19140	-3984.715	-4246.153	261.4383	2.063961	0.721179	0.278821	1.060134
19146	-3979.167	-4240.543	261.3762	2.06147	0.721179	0.278821	1.119788
19152	-3988.744	-4250.194	261.4505	2.051415	0.614889	0.385111	1.060454
19158	-3983.577	-4244.978	261.401	2.047936	0.736815	0.263185	1.109559
19164	-3991.126	-4252.387	261.2607	1.9216	0.718639	0.281361	1.335609
19170	-3986.749	-4247.882	261.1332	2.049022	0.687221	0.312779	1.335609
19176	-3981.895	-4243.204	261.3085	1.963247	0.655649	0.344351	1.262889
19182	-3991.986	-4253.152	261.1667	2.016931	0.673846	0.326154	1.334485
19188	-3987.959	-4249.162	261.2029	1.980741	0.673846	0.326154	1.334485
19194	-3981.155	-4242.372	261.2171	1.995972	0.727244	0.272756	1.310845
19200	-3971.442	-4232.438	260.9952	1.900828	0.752328	0.247672	1.554692
19206	-3979.135	-4240.299	261.1648	1.989682	0.614974	0.385026	1.357726
19212	-3977.737	-4238.96	261.2227	1.949885	0.593887	0.406113	1.343362
19218	-3998.287	-4259.471	261.184	1.754825	0.593887	0.406113	1.522939
19224	-3982.054	-4243.118	261.0648	1.900305	0.615676	0.384324	1.503344
19230	-3981.508	-4242.691	261.1826	1.900305	0.634859	0.365141	1.413716
19236	-4002.145	-4263.217	261.0717	1.885849	0.627849	0.372151	1.508967
19242	-3994.431	-4255.807	261.3758	2.028498	0.696227	0.303773	1.149582
19248	-3992.578	-4253.973	261.395	2.068748	0.687482	0.312518	1.096008
19254	-4001.924	-4261.331	259.4073	1.484214	0.725892	0.274108	2.862046
19260	-3991.68	-4250.833	259.1526	1.458694	0.671423	0.328577	3.030843
19266	-3983.808	-4243.074	259.2662	1.482147	0.659458	0.340542	2.94855
19272	-3993.29	-4254.626	261.336	2.231647	0.73021	0.26979	0.9964582
19278	-3988.014	-4249.217	261.2028	2.143032	0.707138	0.292862	1.200469
19284	-3993.328	-4254.639	261.3109	1.995067	0.663878	0.336122	1.234308
19290	-3989.889	-4251.278	261.389	2.140593	0.663878	0.336122	1.033934
19296	-3994.728	-4255.956	261.2281	2.242198	0.644007	0.355993	1.089995
19302	-3990.532	-4251.92	261.3883	2.326729	0.666234	0.333766	0.8334579
19308	-4001.135	-4262.54	261.4052	2.292176	0.710675	0.289325	0.8551184
19314	-3985.989	-4247.354	261.365	2.167577	0.745842	0.254158	1.031032
19320	-4010.363	-4271.667	261.3039	2.122347	0.745842	0.254158	1.130093
19326	-3999.76	-4261.078	261.3177	2.091225	0.653069	0.346931	1.145464
19332	-4009.044	-4270.506	261.4621	2.140668	0.644574	0.355426	0.9604896
19338	-4012.125	-4273.547	261.4224	2.120924	0.649812	0.350188	1.020513
19344	-4008.019	-4269.16	261.1409	2.127306	0.66632	0.33368	1.265794
19350	-3988.409	-4249.769	261.3603	2.048651	0.732853	0.267147	1.14546
19356	-3987.47	-4248.85	261.3799	2.164168	0.680944	0.319056	1.019857
19362	-3991.109	-4252.554	261.4459	2.21472	0.716443	0.283557	0.8978953
19368	-3989.265	-4250.641	261.3765	2.284053	0.585829	0.414171	0.8978953
19374	-3991.226	-4252.691	261.4644	2.008633	0.654663	0.345337	1.08747
19380	-3996.021	-4257.338	261.3169	1.924495	0.66152	0.33848	1.287831
19386	-3998.947	-4260.206	261.2586	1.981046	0.660348	0.339652	1.289225
19392	-3986.905	-4248.253	261.3482	1.942453	0.651612	0.348388	1.247123
19398	-3990.027	-4251.005	260.9778	1.850413	0.689045	0.310955	1.604267
19404	-3987.548	-4248.55	261.0023	1.825968	0.700542	0.299458	1.604267
19410	-4000.647	-4261.788	261.1411	1.962645	0.74896	0.25104	1.397536
19416	-3995.868	-4256.757	260.8887	1.818823	0.724337	0.275663	1.690902
19422	-3997.875	-4259.088	261.2124	1.850123	0.563208	0.436792	1.429436
19428	-3991.997	-4253.087	261.0899	1.756868	0.563208	0.436792	1.590773
19434	-3987.055	-4247.946	260.8917	1.789713	0.636316	0.363684	1.709408
19440	-3978.263	-4239.347	261.0841	1.789713	0.741018	0.258982	1.570987
19446	-3985.625	-4246.651	261.0256	1.871088	0.741018	0.258982	1.554161
19452	-3999.054	-4260.303	261.2487	2.08031	0.664698	0.335302	1.214875
19458	-3993.027	-4254.286	261.2592	2.058083	0.56349	0.43651	1.22476
19464	-3974.882	-4236.161	261.2788	2.03849	0.798761	0.201239	1.22476
19470	-3980.654	-4241.819	261.1657	2.03849	0.600649	0.399351	1.31802
19476	-3980.031	-4241.313	261.2826	1.96746	0.635125	0.364875	1.280727
19482	-3979.792	-4241.049	261.2563	1.993732	0.700544	0.299456	1.280727
19488	-3975.649	-4236.792	261.1421	1.933264	0.692054	0.307946	1.419547
19494	-3981.717	-4242.809	261.0923	1.97241	0.704498	0.295502	1.427707
19500	-3994.872	-4256.035	261.1636	1.949434	0.656076	0.343924	1.390253
19506	-3994.839	-4256.18	261.341	1.989973	0.599331	0.400669	1.2132
19512	-3974.5	-4235.689	261.1885	1.947806	0.650808	0.349192	1.372057
19518	-3978.109	-4239.27	261.1609	1.975402	0.632689	0.367311	1.372057
19524	-3987.784	-4248.818	261.0339	1.944429	0.728547	0.271453	1.493387
19530	-3991.406	-4252.524	261.118	1.973615	0.702047	0.297953	1.406967
19536	-3977.938	-4239.078	261.1408	1.936775	0.64545	0.35455	1.417802
19542	-3991.932	-4253.248	261.3156	1.999764	0.678027	0.321973	1.226418
19548	-3982.975	-4244.15	261.1744	1.960827	0.736218	0.263782	1.372899
19554	-3976.737	-4237.861	261.1235	2.011702	0.707343	0.292657	1.372899
19560	-3982.448	-4243.723	261.2752	1.987774	0.696989	0.303011	1.27011
19566	-3984.654	-4245.861	261.207	2.120359	0.673657	0.326343	1.216243
19572	-3984.435	-4245.887	261.452	2.087766	0.687914	0.312086	1.024051
19578	-3988.238	-4249.577	261.3388	2.049003	0.633126	0.366874	1.164161
19584	-3980.964	-4242.311	261.3472	2.216875	0.677097	0.322903	0.9999871
19590	-4002.627	-4263.995	261.3677	2.19894	0.73783	0.26217	0.9974236
19596	-3989.86	-4251.217	261.3568	2.237741	0.73783	0.26217	0.9690812
19602	-3984.661	-4246.006	261.3452	2.014651	0.629943	0.370057	1.188443
19608	-3975.79	-4237.093	261.3026	2.050725	0.605209	0.394791	1.194026
19614	-3988.919	-4250.286	261.3675	2.085203	0.733814	0.266186	1.106097
19620	-3988.319	-4249.616	261.2976	2.061747	0.733814	0.266186	1.188902
19626	-3997.561	-4258.862	261.3017	2.109192	0.661708	0.338292	1.143784
19632	-3985.295	-4246.536	261.2409	2.118344	0.713687	0.286313	1.18895
19638	-3987.205	-4248.585	261.3804	2.109706	0.719861	0.280139	1.071523
19644	-3976.428	-4237.812	261.3833	2.137778	0.68268	0.31732	1.042162
19650	-3970.893	-4232.177	261.284	2.131986	0.584221	0.415779	1.139206
19656	-3970.079	-4231.36	261.2804	2.052547	0.679814	0.320186	1.211502
19662	-3966.064	-4227.429	261.3646	2.05923	0.650149	0.349851	1.132259
19668	-3966.243	-4227.527	261.2837	2.119731	0.72954	0.27046	1.150416
19674	-3969.908	-4231.22	261.3118	2.15884	0.797628	0.202372	1.089627
19680	-3975.3	-4236.674	261.3746	2.095138	0.739606	0.260394	1.090446
19686	-3973.599	-4234.98	261.3808	2.062558	0.739337	0.260663	1.114663
19692	-3977.554	-4238.917	261.3636	2.071371	0.605794	0.394206	1.122211
19698	-3982.431	-4243.743	261.3122	2.091656	0.671527	0.328473	1.149975
19704	-3987.665	-4249.079	261.4144	2.091656	0.692192	0.307808	1.056498
19710	-3979.99	-4241.316	261.326	2.047622	0.721647	0.278353	1.176547
19716	-3980.918	-4242.431	261.5133	2.017933	0.721647	0.278353	1.032305
19722	-3973.168	-4234.606	261.4388	2.1804	0.704161	0.295839	0.943169
19728	-3994.545	-4255.904	261.3589	2.226117	0.658195	0.341805	0.9788588
19734	-3978.503	-4239.901	261.398	2.235217	0.658195	0.341805	0.9281715
19740	-3986.399	-4247.503	261.1046	1.888121	0.674251	0.325749	1.482612
19746	-3992.432	-4253.542	261.1093	1.86298	0.754985	0.245015	1.49792
19752	-3977.758	-4238.843	261.0847	1.88815	0.573953	0.426047	1.497534
19758	-3978.178	-4239.257	261.0792	1.925308	0.786437	0.213563	1.473697
19764	-3974.26	-4235.453	261.1931	1.883583	0.722364	0.277636	1.418476
19770	-3977.616	-4238.809	261.1933	1.883422	0.635595	0.364405	1.418476
19776	-3968.639	-4229.862	261.2235	2.047565	0.732582	0.267418	1.263419
19782	-3961.012	-4222.312	261.2998	2.047565	0.766339	0.233661	1.199219
19788	-3992.124	-4253.273	261.1496	1.98519	0.613779	0.386221	1.373202
19794	-3994.444	-4255.767	261.3231	2.219713	0.55282	0.44718	1.021058
19800	-3998.247	-4259.575	261.3279	2.219713	0.55282	0.44718	1.016361
19806	-3995.46	-4256.712	261.2523	2.230872	0.692749	0.307251	1.07798
19812	-3987.399	-4248.565	261.1663	2.145365	0.707887	0.292113	1.229565
19818	-3998.213	-4259.406	261.1921	2.057981	0.670311	0.329689	1.280743
19824	-3988.874	-4249.989	261.115	2.001175	0.590094	0.409906	1.387829
19830	-3989.403	-4250.517	261.1143	1.799103	0.622997	0.377003	1.541817
19836	-3988.867	-4249.991	261.1239	1.921878	0.781112	0.218888	1.442238
19842	-3988.478	-4249.673	261.1943	2.137509	0.722146	0.277854	1.212478
19848	-3993.712	-4255.025	261.3131	2.143486	0.64804	0.35196	1.102564
19854	-4003.039	-4264.366	261.3276	2.129039	0.64804	0.35196	1.102564
19860	-4004.138	-4265.332	261.1941	2.040182	0.597595	0.402405	1.293641
19866	-3987.654	-4248.818	261.1636	2.010502	0.701454	0.298546	1.342158
19872	-3980.407	-4241.399	260.9915	1.975278	0.701454	0.298546	1.502074
19878	-3983.857	-4244.883	261.0263	1.929823	0.701454	0.298546	1.510088
19884	-3995.53	-4256.96	261.4294	2.195704	0.693206	0.306794	0.936871
19890	-3995.505	-4256.768	261.2632	1.995088	0.708616	0.291384	1.274004
19896	-3992.909	-4254.218	261.3086	1.94961	0.692727	0.307273	1.274004
19902	-3983.352	-4244.622	261.2696	2.045544	0.64225	0.35775	1.226561
19908	-3980.383	-4241.684	261.3013	2.045544	0.68534	0.31466	1.199618
19914	-3981.039	-4242.331	261.2921	2.021264	0.710669	0.289331	1.22812
19920	-3985.134	-4246.285	261.1503	2.019533	0.710669	0.289331	1.345523
19926	-3984.343	-4245.562	261.2183	2.02332	0.699766	0.300234	1.287616
19932	-3971.381	-4232.709	261.3278	2.037273	0.717083	0.282917	1.183907
19938	-3976.021	-4237.391	261.3696	2.120077	0.717083	0.282917	1.071962
19944	-3978.784	-4240.106	261.3217	2.134732	0.711567	0.288433	1.102693
19950	-3980.837	-4242.25	261.4129	2.097318	0.68324	0.31676	1.0525
19956	-3975.411	-4236.747	261.3364	2.097318	0.643463	0.356537	1.123366
19962	-3962.731	-4224.049	261.3176	2.116076	0.643463	0.356537	1.123366
19968	-3965.965	-4227.293	261.3284	2.056626	0.575147	0.424853	1.166538
19974	-3984.188	-4245.51	261.3218	2.136731	0.793627	0.206373	1.100811
19980	-3973.252	-4234.632	261.3794	2.148812	0.711204	0.288796	1.035291
19986	-3980.092	-4241.524	261.4317	2.148812	0.691379	0.308621	0.9834508
19992	-3981.103	-4242.527	261.4233	2.18206	0.691379	0.308621	0.9578541
19998	-3972.933	-4234.369	261.4362	2.157394	0.60729	0.39271	0.9700569
20004	-3987.355	-4248.812	261.4574	2.234578	0.680076	0.319924	0.8615143
20010	-3976.77	-4238.175	261.4049	2.209652	0.694242	0.305758	0.9480985
20016	-3965.841	-4227.163	261.3222	2.048556	0.728355	0.271645	1.178985
20022	-3995.745	-4256.893	261.1487	2.018429	0.750801	0.249199	1.347691
20028	-3978.027	-4239.289	261.2619	1.966148	0.661016	0.338984	1.298723
20034	-3971.312	-4232.521	261.2087	2.019254	0.795327	0.204673	1.298782
20040	-3963.006	-4224.241	261.2359	2.071611	0.693632	0.306368	1.233056
20046	-3975.695	-4236.983	261.2886	2.198577	0.648367	0.351633	1.074278
20052	-3984.199	-4245.507	261.3077	2.23269	0.634782	0.365218	1.023472
20058	-3973.193	-4234.629	261.4363	2.104009	0.634782	0.365218	1.023472
20064	-3968.051	-4229.469	261.4178	2.208569	0.711179	0.288821	0.9355368
20070	-3982.748	-4244.078	261.3304	2.246174	0.669829	0.330171	0.9874786
20076	-3989.306	-4250.64	261.3338	2.27821	0.727503	0.272497	0.950882
20082	-3987.057	-4248.432	261.3752	2.236761	0.755952	0.244048	0.950882
20088	-3980.457	-4241.843	261.3863	2.257142	0.684318	0.315682	0.9170421
20094	-3985.397	-4246.783	261.3863	2.257142	0.665902	0.334098	0.9170421
20100	-3987.936	-4249.386	261.4502	2.257142	0.734447	0.265553	0.8429109
20106	-3994.167	-4255.605	261.4386	2.327232	0.698382	0.301618	0.7655842
20112	-3980.404	-4241.79	261.3861	2.318774	0.76507	0.23493	0.8459651
20118	-3976.136	-4237.539	261.4029	2.367017	0.765929	0.234071	0.7596582
20124	-3975.417	-4236.832	261.4157	2.367017	0.720837	0.279163	0.7404188
20130	-3986.274	-4247.635	261.3609	2.420873	0.720837	0.279163	0.7419227
20136	-3982.39	-4243.794	261.4032	2.351533	0.720837	0.279163	0.7812076
20142	-3981.226	-4242.547	261.3218	2.432929	0.666807	0.333193	0.7812076
20148	-3990.06	-4251.428	261.3683	2.369671	0.680737	0.319263	0.8039186
20154	-3984.705	-4246.127	261.422	2.316021	0.675075	0.324925	0.8039186
20160	-3985.736	-4247.115	261.3791	2.295771	0.768724	0.231276	0.881599
20166	-3986.922	-4248.352	261.43	2.244357	0.72461	0.27539	0.8822298
20172	-3976.922	-4238.366	261.4443	2.244357	0.712395	0.287605	0.8654823
20178	-3988.624	-4249.99	261.3659	2.226866	0.734769	0.265231	0.9709166
20184	-3989.521	-4250.914	261.3925	2.208048	0.667278	0.332722	0.9628646
20190	-3995.48	-4256.928	261.4478	2.209173	0.615843	0.384157	0.9019582
20196	-3995.656	-4257.045	261.3887	2.268236	0.772491	0.227509	0.9019582
20202	-3984.568	-4245.923	261.3549	2.234895	0.591098	0.408902	0.9739622
20208	-3990.507	-4251.802	261.2941	2.160729	0.751169	0.248831	1.104157
20214	-3986.416	-4247.531	261.1151	2.00276	0.531761	0.468239	1.38651
20220	-3996.093	-4257.275	261.1817	2.040525	0.772506	0.227494	1.303436
20226	-4003.23	-4264.458	261.2279	2.039464	0.771121	0.228879	1.266452
20232	-4006.164	-4267.672	261.5077	2.06098	0.6922	0.3078	0.9954148
20238	-4005.82	-4267.158	261.3376	2.14302	0.615653	0.384347	1.080371
20244	-4006.913	-4268.213	261.3003	2.084057	0.672053	0.327947	1.16713
20250	-3993.572	-4254.756	261.1839	2.12333	0.781959	0.218041	1.233301
20256	-4001.459	-4262.701	261.2424	2.06476	0.705212	0.294788	1.233301
20262	-3984.763	-4246.074	261.3116	2.07575	0.749721	0.250279	1.164565
20268	-3985.524	-4246.688	261.1636	1.998964	0.749721	0.250279	1.3513
20274	-3980.55	-4241.768	261.2173	2.063399	0.705052	0.294948	1.255397
20280	-3986.759	-4248.069	261.31	1.986537	0.716153	0.283847	1.242201
20286	-3980.47	-4241.725	261.255	2.101729	0.69572	0.30428	1.191121
20292	-3977.668	-4238.956	261.2882	2.079447	0.751803	0.248197	1.181656
20298	-3972.479	-4233.812	261.3328	2.086952	0.666293	0.333707	1.135846
20304	-3976.101	-4237.313	261.2128	2.028802	0.596677	0.403323	1.287655
20310	-3986.921	-4248.195	261.2741	2.148584	0.704133	0.295867	1.133225
20316	-3986.119	-4247.392	261.273	2.159708	0.71714	0.28286	1.124248
20322	-3976.128	-4237.417	261.2889	2.121156	0.71714	0.28286	1.144494
20328	-3989.493	-4250.805	261.3114	2.121156	0.684274	0.315726	1.124398
20334	-3981.918	-4243.068	261.1499	2.03603	0.660309	0.339691	1.332668
20340	-3981.857	-4242.908	261.0516	2.021119	0.706661	0.293339	1.421546
20346	-4002.249	-4263.333	261.0839	1.988845	0.610651	0.389349	1.421546
20352	-3993.853	-4255.125	261.2726	2.030634	0.576319	0.423681	1.236642
20358	-3978.858	-4240.118	261.2604	2.03112	0.692886	0.307114	1.246444
20364	-4007.57	-4268.896	261.3263	2.057086	0.676902	0.323098	1.16797
20370	-3984.814	-4246.156	261.3412	2.120267	0.6384	0.3616	1.098061
20376	-3983.27	-4244.588	261.3178	2.182166	0.681663	0.318337	1.062246
20382	-3993.966	-4255.212	261.2461	1.97228	0.626603	0.373397	1.306517
20388	-3977.66	-4238.759	261.0984	1.882949	0.684867	0.315133	1.491146
20394	-3988.359	-4249.367	261.008	1.88976	0.682206	0.317794	1.55337
20400	-3990.214	-4251.443	261.2292	2.145976	0.768744	0.231256	1.175166
20406	-3988.766	-4249.986	261.2203	2.202392	0.720572	0.279428	1.133197
20412	-4004.289	-4265.371	261.0828	1.971428	0.680591	0.319409	1.43577
20418	-4006.741	-4268.026	261.2847	2.041397	0.680591	0.319409	1.217345
20424	-3989.328	-4250.675	261.3465	2.270475	0.667371	0.332629	0.9455669
20430	-3981.575	-4242.889	261.3143	2.268568	0.692665	0.307335	0.9810725
20436	-3987.272	-4248.638	261.3659	2.234771	0.601208	0.398792	0.9627404
20442	-3992.246	-4253.617	261.3703	2.24066	0.692616	0.307384	0.9519023
20448	-3979.871	-4241.268	261.3974	2.235306	0.64182	0.35818	0.9287648
20454	-3988.635	-4250.043	261.4081	2.22967	0.64182	0.35818	0.9231799
20460	-3980.561	-4241.972	261.4108	2.244086	0.728115	0.271885	0.9043318
20466	-3994.284	-4255.659	261.3752	2.231045	0.69704	0.30296	0.9568706
20472	-3992.146	-4253.478	261.3325	2.252672	0.648141	0.351859	0.9787372
20478	-3989.322	-4250.698	261.3759	2.252672	0.704029	0.295971	0.9332059
20484	-3983.864	-4245.262	261.3977	2.26309	0.745677	0.254323	0.8976887
20490	-3992.258	-4253.648	261.3893	2.314143	0.713936	0.286064	0.8477093
20496	-3991.582	-4253.028	261.4467	2.256787	0.713936	0.286064	0.8477093
20502	-3985.227	-4246.625	261.398	2.243883	0.719707	0.280293	0.9186723
20508	-3985.241	-4246.684	261.443	2.259402	0.682548	0.317452	0.8489512
20514	-3988.305	-4249.732	261.4262	2.238097	0.682548	0.317452	0.8936776
20520	-3974.761	-4236.235	261.4735	2.238097	0.648076	0.351924	0.8377257
20526	-3970.769	-4232.154	261.3851	2.236868	0.717824	0.282176	0.9402758
20532	-3988.02	-4249.424	261.4047	2.221453	0.716178	0.283822	0.935802
20538	-3985.442	-4246.699	261.2567	2.161357	0.716178	0.283822	1.137379
20544	-3996.643	-4258.006	261.3629	2.078942	0.600495	0.399505	1.115955
20550	-3987.975	-4249.379	261.4044	2.037441	0.755633	0.244367	1.115955
20556	-3990.754	-4252.097	261.3435	1.988818	0.746268	0.253732	1.21201
20562	-3979.052	-4240.278	261.2259	2.019195	0.702999	0.297001	1.284762
20568	-3984.272	-4245.62	261.3482	2.037988	0.769859	0.230141	1.165542
20574	-3982.573	-4243.899	261.3267	2.029604	0.736171	0.263829	1.191532
20580	-3974.066	-4235.332	261.2659	2.068009	0.788984	0.211016	1.21069
20586	-3989.952	-4251.204	261.2528	2.115997	0.684155	0.315845	1.180663
20592	-3996.235	-4257.551	261.3157	2.070286	0.824314	0.175686	1.165728
20598	-4001.691	-4262.921	261.2306	2.140736	0.693313	0.306687	1.17848
20604	-3992.414	-4253.617	261.2029	2.059845	0.664196	0.335804	1.270328
20610	-3995.978	-4257.135	261.1571	2.034866	0.681365	0.318635	1.327806
20616	-3989.038	-4250.246	261.2073	1.984671	0.680607	0.319393	1.327806
20622	-3982.387	-4243.643	261.2565	2.051171	0.699485	0.300515	1.232897
20628	-3992.073	-4253.38	261.3064	2.074407	0.723963	0.276037	1.170274
20634	-3981.889	-4243.141	261.2518	2.083387	0.723963	0.276037	1.20957
20640	-3977.857	-4239.214	261.3571	2.137599	0.62278	0.37722	1.067224
20646	-3971.514	-4232.827	261.3132	2.184438	0.693609	0.306391	1.064431
20652	-3980.794	-4242.173	261.3796	2.184438	0.693609	0.306391	1.000092
20658	-3995.48	-4256.833	261.353	2.199498	0.664813	0.335187	1.011534
20664	-4001.476	-4262.351	260.8748	1.895306	0.701457	0.298543	1.646244
20670	-3989.238	-4250.567	261.3298	2.189601	0.727493	0.272507	1.043775
20676	-3997.583	-4258.937	261.3543	2.246175	0.648248	0.351752	0.962924
20682	-3986.981	-4248.341	261.3599	2.240518	0.658441	0.341559	0.962924
20688	-3982.668	-4244.152	261.485	2.176223	0.749364	0.250636	0.8972383
20694	-3984.93	-4246.318	261.388	2.189806	0.780225	0.219775	0.9861847
20700	-3986.827	-4248.195	261.3685	2.116847	0.69457	0.30543	1.07596
20706	-3988.994	-4250.358	261.3643	2.171073	0.673745	0.326255	1.028306
20712	-3979.315	-4240.56	261.2459	2.09102	0.721316	0.278684	1.208104
20718	-3982.9	-4244.243	261.3435	2.017591	0.607909	0.392091	1.187327
20724	-3994.111	-4254.98	260.8684	1.821636	0.71708	0.28292	1.703322
20730	-3996.41	-4257.763	261.3527	1.977628	0.670083	0.329917	1.21376
20736	-3989.782	-4251.065	261.2829	2.021306	0.716177	0.283823	1.235843
20742	-4001.461	-4262.706	261.2453	1.932983	0.647526	0.352474	1.338788
20748	-3998.807	-4260.139	261.3326	2.08791	0.647526	0.352474	1.135205
20754	-3989.883	-4251.3	261.416	2.047489	0.714083	0.285917	1.096215
20760	-3979.421	-4240.855	261.4346	2.01495	0.7039	0.2961	1.109032
20766	-3985.612	-4247.017	261.4049	2.090148	0.796808	0.203192	1.066864
20772	-3976.816	-4238.132	261.3156	2.095328	0.717112	0.282888	1.143687
20778	-3987.369	-4248.828	261.4591	2.175518	0.717112	0.282888	0.9266829
20784	-4007.5	-4268.853	261.3533	2.21518	0.743359	0.256641	0.9956015
20790	-3998.145	-4259.474	261.3292	2.157961	0.686877	0.313123	1.074301
20796	-3987.21	-4248.494	261.284	2.150152	0.789866	0.210134	1.122956
20802	-4005.566	-4266.971	261.4045	2.122391	0.766992	0.233008	1.036512
20808	-3998.019	-4259.285	261.2655	2.041533	0.766992	0.233008	1.233388
20814	-3996.969	-4258.232	261.2628	2.086588	0.676893	0.323107	1.197475
20820	-3993.066	-4254.329	261.2628	2.086588	0.708472	0.291528	1.197475
20826	-4000.731	-4262.006	261.2749	2.1031	0.735504	0.264496	1.172726
20832	-3988.588	-4249.942	261.3536	2.068075	0.679696	0.320304	1.134175
20838	-3992.061	-4253.238	261.177	2.068075	0.716774	0.283226	1.284792
20844	-3990.494	-4251.483	260.9894	1.881974	0.778698	0.221302	1.572754
20850	-3987.874	-4248.506	260.6326	1.773134	0.695102	0.304898	1.900151
20856	-3984.57	-4245.526	260.9559	1.782961	0.697383	0.302617	1.668596
20862	-3992.246	-4253.247	261.0005	1.803061	0.648758	0.351242	1.622171
20868	-3983.93	-4244.638	260.7086	1.87297	0.648758	0.351242	1.779424
20874	-3981.987	-4242.913	260.9262	1.835663	0.648758	0.351242	1.652172
20880	-3976.287	-4237.22	260.9336	1.82828	0.770095	0.229905	1.652172
20886	-3973.622	-4234.653	261.0312	1.883493	0.772024	0.227976	1.540846
20892	-3983.351	-4244.696	261.3446	1.984529	0.643997	0.356003	1.214708
20898	-3983.479	-4244.622	261.1433	1.955149	0.667087	0.332913	1.401667
20904	-3980.168	-4241.33	261.162	2.002953	0.666335	0.333665	1.349414
20910	-3966.85	-4228.124	261.2734	2.03904	0.666335	0.333665	1.228906
20916	-3979.888	-4241.071	261.1829	2.005805	0.69537	0.30463	1.33048
20922	-3971.561	-4232.886	261.3255	2.005805	0.692238	0.307762	1.212898
20928	-3969.913	-4231.16	261.2463	2.000879	0.598297	0.401703	1.283112
20934	-3969.155	-4230.364	261.2088	1.987877	0.726412	0.273588	1.324094
20940	-3990.646	-4252.023	261.377	2.00867	0.779644	0.220356	1.166038
20946	-3979.704	-4241.05	261.3465	1.988209	0.726234	0.273766	1.210022
20952	-3991.52	-4252.886	261.3665	2.222016	0.615644	0.384356	0.9752568
20958	-3998.265	-4259.709	261.4444	2.228322	0.633226	0.366774	0.8840529
20964	-3998.144	-4259.419	261.2752	2.083825	0.654209	0.345791	1.189188
20970	-3990.209	-4251.424	261.2145	2.058286	0.654209	0.345791	1.26202
20976	-3999.872	-4261.006	261.1336	1.977163	0.698277	0.301723	1.392069
20982	-3988.048	-4249.272	261.2246	2.110678	0.683621	0.316379	1.209524
20988	-3987.833	-4249.121	261.2875	2.039564	0.740887	0.259113	1.216461
20994	-3989.433	-4250.857	261.4245	2.019365	0.673241	0.326759	1.114208
21000	-3980.447	-4241.824	261.3771	2.077939	0.673241	0.326759	1.103998
21006	-3982.455	-4243.764	261.3094	2.111508	0.734327	0.265673	1.134812
21012	-3983.443	-4244.886	261.4433	2.078215	0.636472	0.363528	1.0417
21018	-3995.046	-4256.347	261.301	1.997671	0.636472	0.363528	1.240481
21024	-4002.646	-4264.018	261.3719	2.079806	0.769381	0.230619	1.107079
21030	-3985.507	-4246.806	261.2982	2.04668	0.707224	0.292776	1.201285
21036	-3979.256	-4240.583	261.3271	1.930151	0.707224	0.292776	1.274811
21042	-3986.952	-4248.359	261.4079	2.20421	0.83428	0.16572	0.950743
21048	-3977.746	-4239.218	261.4716	2.183173	0.736298	0.263702	0.9044522
21054	-4004.659	-4265.812	261.1531	1.904867	0.683186	0.316814	1.432896
21060	-3993.314	-4254.681	261.3668	2.369718	0.722481	0.277519	0.8058671
21066	-3999.234	-4260.579	261.3443	2.410797	0.715254	0.284746	0.7806875
21072	-4001.526	-4263.002	261.4758	2.318685	0.610248	0.389752	0.7218145
21078	-3990.315	-4251.717	261.4016	2.32261	0.673175	0.326825	0.8218638
21084	-3991.987	-4253.433	261.446	2.256302	0.681241	0.318759	0.8490516
21090	-3982.597	-4244.096	261.499	2.246372	0.704818	0.295182	0.7940547
21096	-3991.463	-4252.872	261.4094	2.280431	0.745248	0.254752	0.8640832
21102	-3992.763	-4254.158	261.3958	2.129582	0.732592	0.267408	1.037971
21108	-3993.558	-4255.01	261.4521	2.163195	0.661826	0.338174	0.9473169
21114	-3995.345	-4256.77	261.4253	2.151999	0.606472	0.393528	0.9866524
21120	-3982.665	-4244.071	261.4057	2.157734	0.760135	0.239865	1.000608
21126	-3988.447	-4249.721	261.2736	2.078688	0.64527	0.35473	1.194956
21132	-3986.66	-4247.917	261.2568	2.029248	0.742241	0.257759	1.251
21138	-3994.376	-4255.769	261.3936	2.035515	0.71081	0.28919	1.127493
21144	-3984.449	-4245.724	261.2745	2.170515	0.772281	0.227719	1.113081
21150	-3984.412	-4245.776	261.3635	2.170515	0.732967	0.267033	1.029598
21156	-3992.895	-4254.284	261.3893	2.194247	0.65861	0.34139	0.9803875
21162	-3985.836	-4246.826	260.99	1.87987	0.654884	0.345116	1.573901
21168	-3991.573	-4252.627	261.0541	1.966792	0.608673	0.391327	1.461267
21174	-3981.912	-4243.233	261.3215	2.017178	0.663679	0.336321	1.206601
21180	-3977.502	-4238.903	261.4014	2.161361	0.719404	0.280596	1.001329
21186	-3976.403	-4237.752	261.3491	2.224902	0.719404	0.280596	0.9899982
21192	-3996.738	-4258.136	261.3985	2.223716	0.749395	0.250605	0.9399672
21198	-3980.773	-4242.162	261.389	2.213974	0.753925	0.246075	0.9602643
21204	-3990.367	-4251.791	261.4232	2.255614	0.673491	0.326509	0.8769903
21210	-3981.585	-4243.008	261.4232	2.255614	0.675133	0.324867	0.8769903
21216	-3987.425	-4248.874	261.4498	2.250616	0.572018	0.427982	0.8514302
21222	-4008.328	-4269.404	261.0761	1.972802	0.684384	0.315616	1.43988
21228	-3988.964	-4250.162	261.1982	2.006806	0.71477	0.28523	1.317336
21234	-3993.808	-4255.129	261.321	2.006806	0.682392	0.317608	1.215834
21240	-3993.868	-4254.999	261.1306	2.029598	0.785588	0.214412	1.35319
21246	-4000.146	-4261.362	261.2162	2.01106	0.575204	0.424796	1.299327
21252	-3990.815	-4251.993	261.1771	2.050179	0.575204	0.424796	1.299327
21258	-3994.078	-4255.483	261.4056	2.058716	0.825382	0.174618	1.09545
21264	-3989.414	-4250.653	261.2393	2.018484	0.79764	0.20236	1.274394
21270	-3984.795	-4245.971	261.1763	1.978296	0.670126	0.329874	1.357577
21276	-3990.085	-4251.378	261.2929	1.861778	0.728772	0.271228	1.357577
21282	-3979.009	-4240.117	261.1076	1.847732	0.665782	0.334218	1.510683
21288	-3984.807	-4245.885	261.0785	1.876793	0.739589	0.260411	1.510683
21294	-4002.092	-4263.129	261.0365	1.904242	0.739589	0.260411	1.521546
21300	-3995.112	-4255.975	260.8623	1.792111	0.641125	0.358875	1.728418
21306	-4003.537	-4264.328	260.7907	1.792111	0.730347	0.269653	1.778525
21312	-3995.711	-4255.928	260.2165	1.59381	0.660565	0.339435	2.291505
21318	-4002.295	-4262.804	260.5087	1.618702	0.629026	0.370974	2.085974
21324	-3996.82	-4257.69	260.8707	1.797227	0.629026	0.370974	1.718943
21330	-3997.284	-4258.219	260.9345	1.816129	0.564256	0.435744	1.660214
21336	-4006.894	-4267.817	260.9229	1.778584	0.564161	0.435839	1.695229
21342	-3999.549	-4260.512	260.9627	1.773695	0.667303	0.332697	1.670337
21348	-3988.125	-4249.208	261.0837	1.833402	0.676277	0.323723	1.539059
21354	-3985.208	-4246.251	261.0423	1.796922	0.703932	0.296068	1.596234
21360	-3998.082	-4259.068	260.9864	1.826302	0.575581	0.424419	1.615515
21366	-3992.182	-4253.261	261.0784	1.905619	0.74887	0.25113	1.489132
21372	-3993.794	-4254.989	261.1949	1.905619	0.712434	0.287566	1.399997
21378	-3987.668	-4249.001	261.3324	1.882364	0.67701	0.32299	1.309456
21384	-3974.841	-4236.245	261.4037	2.254582	0.713728	0.286272	0.9004909
21390	-4000.699	-4262.049	261.3498	2.365405	0.844991	0.155009	0.8331422
21396	-3981.655	-4243.06	261.4051	2.323039	0.741834	0.258166	0.8167603
21402	-3980.28	-4241.629	261.3492	2.15891	0.645651	0.354349	1.054582
21408	-3975.308	-4236.53	261.2221	2.165865	0.654758	0.345242	1.163976
21414	-3974.244	-4235.627	261.3826	2.165865	0.738598	0.261402	1.015527
21420	-3974.775	-4236.167	261.3914	2.127488	0.751814	0.248186	1.044278
21426	-3975.907	-4237.348	261.4406	2.078232	0.700785	0.299215	1.044278
21432	-3978.238	-4239.427	261.1893	2.1688	0.769889	0.230111	1.189981
21438	-3979.106	-4240.326	261.2208	2.055994	0.675328	0.324672	1.258687
21444	-3990.596	-4251.633	261.0375	1.908253	0.712505	0.287495	1.517769
21450	-3987.642	-4249.061	261.4187	2.267525	0.676438	0.323562	0.8683079
21456	-3988.771	-4250.264	261.4933	2.192987	0.657305	0.342695	0.8683079
21462	-3995.033	-4256.502	261.4692	2.114834	0.657305	0.342695	0.9798142
21468	-3984.936	-4246.246	261.3105	2.114834	0.710125	0.289875	1.130855
21474	-3992.82	-4254.2	261.3801	2.122354	0.600848	0.399152	1.059953
21480	-3993.086	-4254.46	261.3742	2.100996	0.737591	0.262409	1.08545
21486	-3991.928	-4253.333	261.4049	2.210291	0.717069	0.282931	0.947454
21492	-3996.069	-4257.544	261.4748	2.200753	0.764445	0.235555	0.8807994
21498	-4009.49	-4270.907	261.4167	2.085314	0.675741	0.324259	1.060349
21504	-3987.845	-4249.247	261.4021	2.065277	0.675741	0.324259	1.092671
21510	-3990.017	-4251.411	261.3933	2.059414	0.660033	0.339967	1.106086
21516	-4003.78	-4265.157	261.3774	2.081742	0.69204	0.30796	1.100276
21522	-3999.237	-4260.472	261.2347	2.090121	0.69204	0.30796	1.218393
21528	-4006.727	-4267.984	261.2569	2.055962	0.690009	0.309991	1.228559
21534	-3997.688	-4259.094	261.4067	2.115341	0.660637	0.339363	1.041213
21540	-3988.381	-4249.682	261.3011	2.115341	0.660637	0.339363	1.138831
21546	-3988.759	-4249.982	261.2232	2.020307	0.747399	0.252601	1.286138
21552	-3989.19	-4250.396	261.2057	1.922037	0.628467	0.371533	1.378741
21558	-3992.719	-4253.792	261.0729	1.945849	0.646064	0.353936	1.462889
21564	-3990.653	-4251.945	261.2921	2.141248	0.738261	0.261739	1.123668
21570	-3988.526	-4249.956	261.4295	2.141248	0.727673	0.272327	0.9933303
21576	-3962.708	-4224.041	261.3329	2.219118	0.727673	0.272327	1.012015
21582	-3969.842	-4231.174	261.3321	2.229619	0.728256	0.271744	1.002322
21588	-3972.166	-4233.59	261.424	2.160724	0.651378	0.348622	0.9791147
21594	-3976.494	-4237.837	261.3429	2.197885	0.656622	0.343378	1.023017
21600	-4004.265	-4265.673	261.4072	2.134166	0.736234	0.263766	1.022458
21606	-4001.373	-4262.714	261.3408	2.060998	0.674532	0.325468	1.15178
21612	-3989.334	-4250.604	261.2697	2.146029	0.722619	0.277381	1.139489
21618	-3986.783	-4248.116	261.3328	2.028836	0.649063	0.350937	1.186924
21624	-3987.819	-4249.221	261.4022	2.058185	0.633826	0.366174	1.099114
21630	-3977.58	-4238.916	261.3357	2.058163	0.633826	0.366174	1.158839
21636	-3977.657	-4239.096	261.4383	2.058163	0.657689	0.342311	1.06554
21642	-3976.286	-4237.587	261.3009	2.1858	0.669019	0.330981	1.074745
21648	-3978.138	-4239.569	261.4312	2.133237	0.6917	0.3083	0.9996064
21654	-3977.352	-4238.71	261.3578	2.206703	0.714208	0.285792	0.9996064
21660	-3969.34	-4230.634	261.2942	2.224769	0.742512	0.257488	1.044166
21666	-3987.901	-4249.17	261.2694	2.266942	0.676673	0.323327	1.027373
21672	-3988.73	-4250.054	261.3238	2.151227	0.699271	0.300729	1.085577
21678	-3994.541	-4255.941	261.4007	2.163514	0.766583	0.233417	0.9999006
21684	-3987.51	-4248.825	261.3152	2.194938	0.753754	0.246246	1.05258
21690	-3989.415	-4250.81	261.3957	2.192159	0.670564	0.329436	0.9759179
21696	-3989.658	-4251.024	261.3662	2.302261	0.748047	0.251953	0.8889475
21702	-3985.051	-4246.378	261.3266	2.478588	0.678332	0.321668	0.703805
21708	-3981.948	-4243.231	261.2825	2.562454	0.642503	0.357497	0.6228125
21714	-3979.153	-4240.461	261.3083	2.536703	0.662316	0.337684	0.6228125
21720	-3977.681	-4238.991	261.31	2.470477	0.701118	0.298882	0.7438967
21726	-3987.672	-4248.981	261.3088	2.471606	0.71542	0.28458	0.7438967
21732	-3988.619	-4249.968	261.349	2.450495	0.761049	0.238951	0.7135908
21738	-3986.65	-4248.012	261.3624	2.462371	0.761049	0.238951	0.6676454
21744	-3983.192	-4244.61	261.418	2.374683	0.650015	0.349985	0.7246809
21750	-3973.209	-4234.578	261.3689	2.374683	0.646203	0.353797	0.7965352
21756	-3973.687	-4234.996	261.3087	2.515038	0.754958	0.245042	0.6697917
21762	-3976.343	-4237.665	261.322	2.496625	0.69014	0.30986	0.6795395
21768	-3973.87	-4235.175	261.3053	2.496625	0.73007	0.26993	0.7094156
21774	-3980.175	-4241.465	261.29	2.50843	0.73007	0.26993	0.7153847
21780	-3987.261	-4248.248	260.9866	1.864739	0.62035	0.37965	1.587425
21786	-3997.325	-4258.33	261.0043	1.943081	0.738787	0.261213	1.516595
21792	-3998.524	-4259.522	260.9982	1.858005	0.596523	0.403477	1.583906
21798	-4003.711	-4264.662	260.951	1.956418	0.681256	0.318744	1.546239
21804	-4005.745	-4267.084	261.3384	2.48284	0.650467	0.349533	0.6745648
21810	-3991.828	-4253.194	261.3664	2.423101	0.64426	0.35574	0.7298282
21816	-3992.592	-4253.93	261.3376	2.449019	0.64426	0.35574	0.7344145
21822	-3986.651	-4248	261.3495	2.417087	0.788808	0.211192	0.7644793
21828	-3980.58	-4242.012	261.432	2.307271	0.731617	0.268383	0.8022539
21834	-3994.935	-4256.244	261.3085	2.448476	0.648916	0.351084	0.7781257
21840	-3984.519	-4245.89	261.3708	2.307115	0.6987	0.3013	0.878072
21846	-3990.607	-4252.026	261.4189	2.202074	0.578462	0.421538	0.9413257
21852	-3983.712	-4245.131	261.4189	2.202074	0.760291	0.239709	0.9413257
21858	-3995.347	-4256.728	261.3811	2.187199	0.644551	0.355449	0.995738
21864	-3989.541	-4250.9	261.3582	2.192059	0.682741	0.317259	1.013753
21870	-3993.707	-4255.063	261.3557	2.131149	0.723889	0.276111	1.07462
21876	-4009.099	-4270.392	261.2928	2.191881	0.759691	0.240309	1.076616
21882	-3996.558	-4257.944	261.3863	2.323297	0.707816	0.292184	0.8401844
21888	-3993.268	-4254.636	261.3684	2.264226	0.707816	0.292184	0.9287479
21894	-3983.336	-4244.756	261.4209	2.210196	0.747656	0.252344	0.9304734
21900	-3987.489	-4248.865	261.3762	2.254842	0.703162	0.296838	0.9304734
21906	-4004.173	-4265.606	261.433	2.284783	0.710916	0.289084	0.8299177
21912	-4005.769	-4267.136	261.3679	2.336459	0.630937	0.369063	0.846651
21918	-3984.516	-4245.878	261.362	2.354605	0.646964	0.353036	0.831504
21924	-3994.969	-4256.374	261.4055	2.346793	0.664517	0.335483	0.7845746
21930	-3994.329	-4255.735	261.4056	2.391307	0.641457	0.358543	0.7177642
21936	-3994.369	-4255.757	261.3877	2.409206	0.681882	0.318118	0.7177642
21942	-3995.245	-4256.652	261.407	2.409206	0.591883	0.408117	0.6841637
21948	-3996.845	-4258.169	261.3245	2.338259	0.64139	0.35861	0.8954756
21954	-4007.668	-4269.071	261.4032	2.2889	0.662735	0.337265	0.8613696
21960	-3994.188	-4255.647	261.4588	2.305168	0.612671	0.387329	0.7682803
21966	-3997.404	-4258.797	261.393	2.305168	0.746183	0.253817	0.8541125
21972	-3986.722	-4248.14	261.4177	2.240021	0.764935	0.235065	0.9011097
21978	-3984.498	-4245.852	261.3537	2.240554	0.636399	0.363601	0.9693328
21984	-4000.294	-4261.689	261.3954	2.202997	0.625613	0.374387	0.9650565
21990	-4009.991	-4271.363	261.3716	2.064489	0.666149	0.333851	1.121158
21996	-4012.294	-4273.569	261.275	2.024818	0.664741	0.335259	1.239512
22002	-3984.942	-4246.261	261.3188	2.104027	0.745853	0.254147	1.133076
22008	-3981.043	-4242.464	261.4206	2.186419	0.690134	0.309866	0.9560914
22014	-3989.956	-4251.376	261.4206	2.186419	0.642537	0.357463	0.9560914
22020	-3986.784	-4248.234	261.4496	2.077938	0.620903	0.379097	1.035874
22026	-3983.376	-4244.767	261.3913	2.051608	0.701181	0.298819	1.11504
22032	-3978.453	-4239.822	261.3695	2.137313	0.616718	0.383282	1.055747
22038	-3978.142	-4239.455	261.3126	2.137313	0.616718	0.383282	1.108682
22044	-3974.572	-4235.825	261.2532	1.929587	0.718852	0.281148	1.335155
22050	-3989.595	-4250.541	260.9455	1.930316	0.734401	0.265599	1.569539
22056	-3976.373	-4237.32	260.9464	1.864731	0.741684	0.258316	1.61669
22062	-3992.468	-4253.574	261.1059	1.907901	0.652533	0.347467	1.466606
22068	-3991.859	-4253.234	261.3752	2.037907	0.59018	0.40982	1.141773
22074	-3992.956	-4254.186	261.2297	2.122856	0.64403	0.35597	1.194742
22080	-3977.048	-4238.362	261.3143	1.926659	0.754076	0.245924	1.28821
22086	-3982.12	-4243.575	261.4549	2.023195	0.716723	0.283277	1.082738
22092	-3975.945	-4237.333	261.3878	2.071921	0.716723	0.283277	1.099671
22098	-3981.075	-4242.367	261.2919	2.050743	0.621655	0.378345	1.203213
22104	-3991.915	-4253.272	261.3575	2.035775	0.759537	0.240463	1.159368
22110	-3983.833	-4245.075	261.2416	1.997215	0.670166	0.329834	1.289909
22116	-3979.836	-4241.141	261.3052	2.033178	0.714299	0.285701	1.206865
22122	-3981.749	-4243.163	261.4144	2.01625	0.656524	0.343476	1.126132
22128	-3977.078	-4238.417	261.3387	2.079105	0.651517	0.348483	1.137579
22134	-3985.273	-4246.656	261.3836	2.067758	0.691405	0.308595	1.107331
22140	-3981.376	-4242.638	261.2621	2.086573	0.725352	0.274648	1.198051
22146	-3987.187	-4248.402	261.2149	2.021256	0.838144	0.161856	1.292101
22152	-3993.918	-4255.145	261.2273	1.944112	0.713915	0.286085	1.344283
22158	-3993.784	-4254.91	261.1254	2.04306	0.662698	0.337302	1.346577
22164	-3992.123	-4253.407	261.2844	2.02376	0.692806	0.307194	1.232436
22170	-3996.121	-4257.432	261.3105	1.994792	0.640142	0.359858	1.234926
22176	-4000.303	-4261.469	261.1653	2.076832	0.692521	0.307479	1.287201
22182	-4011.956	-4273.325	261.3696	2.208321	0.773213	0.226787	0.986078
22188	-4012.769	-4274.134	261.3655	2.21245	0.683949	0.316051	0.986078
22194	-3992.594	-4253.961	261.3669	2.119173	0.702202	0.297798	1.07532
22200	-3990.976	-4252.25	261.2739	2.058139	0.637156	0.362844	1.21228
22206	-3979.793	-4241.019	261.2259	1.928191	0.713925	0.286075	1.358023
22212	-3991.277	-4252.23	260.9526	1.860148	0.703854	0.296146	1.61551
22218	-3984.816	-4245.536	260.72	1.676446	0.692292	0.307708	1.906451
22224	-3986.428	-4247.156	260.7287	1.732354	0.676286	0.323714	1.862473
22230	-3980.759	-4241.598	260.8393	1.78331	0.706232	0.293768	1.7508
22236	-3971.7	-4232.285	260.5849	1.78331	0.680798	0.319202	1.925531
22242	-3975.808	-4236.551	260.7434	1.839259	0.730863	0.269137	1.778674
22248	-3982.007	-4242.539	260.532	1.766012	0.690362	0.309638	1.972758
22254	-3983.426	-4244.067	260.6413	1.754766	0.715755	0.284245	1.906705
22260	-3994.509	-4255.218	260.7085	1.754245	0.687084	0.312916	1.861293
22266	-3981.633	-4242.467	260.8338	1.778541	0.67321	0.32679	1.757921
22272	-3986.618	-4247.425	260.8073	1.805112	0.733494	0.266506	1.757921
22278	-3984.352	-4245.138	260.7864	1.809081	0.706091	0.293909	1.769728
22284	-3986.838	-4248.181	261.343	2.24763	0.718366	0.281634	0.973118
22290	-3991.284	-4252.611	261.3276	2.272134	0.669621	0.330379	0.9637263
22296	-3990.323	-4251.603	261.2793	2.319874	0.669621	0.330379	0.9642781
22302	-4004.522	-4265.866	261.3444	2.353603	0.751056	0.248944	0.8543633
22308	-3997.269	-4258.64	261.3711	2.354489	0.698005	0.301995	0.8200866
22314	-3986.999	-4248.404	261.4052	2.297419	0.729881	0.270119	0.848699
22320	-4000.859	-4262.281	261.4224	2.309318	0.663992	0.336008	0.8121552
22326	-3990.871	-4252.177	261.3062	2.325541	0.778775	0.221225	0.9297489
22332	-3982.597	-4243.877	261.2802	2.244386	0.718587	0.281413	1.038729
22338	-3994.749	-4256.133	261.3834	2.159937	0.65181	0.34819	1.020545
22344	-3988.489	-4249.904	261.4149	2.128408	0.673427	0.326573	1.020545
22350	-4000.564	-4261.947	261.3838	2.398629	0.598597	0.401403	0.7408408
22356	-3978.82	-4240.21	261.3895	2.401583	0.793844	0.206156	0.7273538
22362	-3988.493	-4249.724	261.2316	1.976598	0.719395	0.280605	1.314815
22368	-3998.831	-4260.126	261.2949	1.976598	0.638419	0.361581	1.26309
22374	-3992.907	-4254.144	261.2366	2.011993	0.654193	0.345807	1.281962
22380	-3999.619	-4260.74	261.1206	1.969071	0.656346	0.343654	1.408475
22386	-3994.694	-4256.024	261.3294	2.048419	0.626499	0.373501	1.172837
22392	-3996.147	-4257.463	261.3161	2.099652	0.626499	0.373501	1.139446
22398	-3987.411	-4248.808	261.3962	2.090041	0.690846	0.309154	1.075114
22404	-3979.282	-4240.514	261.232	2.079633	0.690846	0.309154	1.229551
22410	-3975.261	-4236.573	261.3121	2.056222	0.649293	0.350707	1.181093
22416	-4004.615	-4265.925	261.3101	2.015909	0.649293	0.350707	1.21744
22422	-3988.789	-4250.085	261.2961	2.015909	0.544637	0.455363	1.229244
22428	-3979.43	-4240.599	261.1695	2.003204	0.699299	0.300701	1.343247
22434	-3989.275	-4250.471	261.1955	2.003204	0.693421	0.306579	1.322454
22440	-3979.68	-4241.077	261.3972	2.003204	0.736118	0.263882	1.153012
22446	-3993.85	-4255.165	261.3152	2.085255	0.643851	0.356149	1.153012
22452	-4004.131	-4265.464	261.3323	2.062961	0.62938	0.37062	1.157539
22458	-3991.613	-4252.868	261.2551	2.062961	0.731956	0.268044	1.22415
22464	-3989.19	-4250.349	261.1596	2.084772	0.631709	0.368291	1.285362
22470	-3975.164	-4236.373	261.2091	2.035281	0.644635	0.355365	1.285362
22476	-3983.518	-4244.855	261.3369	2.064561	0.735775	0.264225	1.152109
22482	-3987.786	-4249.177	261.3909	2.085755	0.70213	0.29787	1.084045
22488	-3992.297	-4253.649	261.3523	1.998665	0.70213	0.29787	1.196121
22494	-3981.562	-4242.926	261.3647	2.071771	0.798659	0.201341	1.120846
22500	-3982.962	-4244.462	261.4994	2.093308	0.656571	0.343429	0.9709309
22506	-3978.113	-4239.459	261.3469	2.138971	0.736011	0.263989	1.07553
22512	-3987.258	-4248.678	261.4206	2.172229	0.64408	0.35592	0.9708164
22518	-3978.448	-4239.854	261.4066	2.164606	0.782683	0.217317	0.9928523
22524	-3985.194	-4246.617	261.4238	2.138894	0.766998	0.233002	1.001369
22530	-3982.85	-4244.288	261.4383	2.153209	0.669428	0.330572	0.9721368
22536	-3977.951	-4239.315	261.3647	2.237496	0.723651	0.276349	0.9610809
22542	-3972.41	-4233.838	261.4284	2.148593	0.743701	0.256299	0.9870386
22548	-3979.487	-4240.924	261.4372	2.247212	0.629325	0.370675	0.8704888
22554	-3992.002	-4253.385	261.3836	2.281428	0.676779	0.323221	0.8928718
22560	-3990.152	-4251.582	261.4292	2.261323	0.640153	0.359847	0.8632836
22566	-3985.574	-4247.02	261.4465	2.236958	0.708691	0.291309	0.8715514
22572	-3983.84	-4245.233	261.3932	2.198397	0.650715	0.349285	0.9720644
22578	-3996.405	-4257.857	261.4524	2.048228	0.658224	0.341776	1.061683
22584	-3997.282	-4258.565	261.2831	2.170877	0.741559	0.258441	1.104967
22590	-3983.039	-4244.441	261.4024	2.170877	0.741559	0.258441	0.9907717
22596	-3983.825	-4245.247	261.422	2.170877	0.724334	0.275666	0.9708071
22602	-3983.15	-4244.515	261.3649	2.16195	0.730046	0.269954	1.036591
22608	-3993.504	-4254.877	261.3734	2.112485	0.660541	0.339459	1.075468
22614	-3992.144	-4253.577	261.4329	2.088187	0.725514	0.274486	1.04216
22620	-4001.171	-4262.609	261.4375	2.344889	0.655097	0.344903	0.7408962
22626	-3993.184	-4254.579	261.3949	2.412048	0.744102	0.255898	0.7008426
22632	-3987.268	-4248.675	261.4069	2.383913	0.770004	0.229996	0.7276733
22638	-3990.029	-4251.475	261.4457	2.34718	0.65479	0.34521	0.7244357
22644	-3982.155	-4243.536	261.3801	2.411249	0.747523	0.252477	0.7268642
22650	-3990.953	-4252.337	261.3838	2.40759	0.607519	0.392481	0.7268642
22656	-3994.813	-4256.221	261.4087	2.382664	0.638953	0.361047	0.7268642
22662	-3982.181	-4243.575	261.3946	2.400345	0.606684	0.393316	0.7210568
22668	-3992.562	-4253.977	261.4151	2.400345	0.700653	0.299347	0.6854852
22674	-3993	-4254.463	261.463	2.312369	0.659783	0.340217	0.7515206
22680	-3988.653	-4250.09	261.437	2.316285	0.659783	0.340217	0.7832365
22686	-3993.174	-4254.675	261.5008	2.213594	0.597597	0.402403	0.8342178
22692	-3980.699	-4242.116	261.4166	2.19087	0.706691	0.293309	0.9555971
22698	-3977.861	-4239.273	261.4117	2.193221	0.639632	0.360368	0.9582461
22704	-3982.861	-4244.273	261.4117	2.193221	0.716019	0.283981	0.9582461
22710	-3988.849	-4250.256	261.4067	2.078039	0.68234	0.31766	1.076592
22716	-3984.935	-4246.228	261.2935	2.095284	0.649188	0.350812	1.163253
22722	-3994.823	-4256.195	261.3719	2.111959	0.678464	0.321536	1.07734
22728	-3996.182	-4257.361	261.1783	2.111959	0.642491	0.357509	1.247472
22734	-3988.755	-4250.077	261.3213	2.161994	0.672003	0.327997	1.077894
22740	-3988.111	-4249.49	261.3785	2.181779	0.644154	0.355846	1.003835
22746	-3989.315	-4250.728	261.4128	2.214824	0.709005	0.290995	0.9341632
22752	-3988.049	-4249.347	261.2984	2.181794	0.734961	0.265039	1.080784
22758	-3998.344	-4259.671	261.3272	2.128052	0.760462	0.239538	1.103828
22764	-3988.42	-4249.721	261.3014	2.153809	0.718041	0.281959	1.103828
22770	-3993.327	-4254.662	261.3344	2.074808	0.725842	0.274158	1.145275
22776	-3997.478	-4258.859	261.3805	2.129568	0.71396	0.28604	1.052647
22782	-3993.687	-4255.01	261.323	2.077807	0.674719	0.325281	1.152726
22788	-3995.912	-4257.241	261.3296	2.102094	0.765309	0.234691	1.125137
22794	-4000.47	-4261.811	261.341	2.122594	0.759494	0.240506	1.096122
22800	-3996.251	-4257.641	261.3896	2.122594	0.663627	0.336373	1.050668
22806	-3982.653	-4244.034	261.3819	2.130297	0.626509	0.373491	1.050668
22812	-3980.143	-4241.442	261.2988	2.064269	0.728842	0.271158	1.185641
22818	-3992.88	-4254.151	261.2712	2.091906	0.689024	0.310976	1.185641
22824	-3999.299	-4260.508	261.2093	2.091906	0.666106	0.333894	1.238304
22830	-3996.031	-4257.28	261.2489	2.091906	0.632037	0.367963	1.204833
22836	-4000.429	-4261.735	261.3053	2.091906	0.616196	0.383804	1.155899
22842	-3997.847	-4259.167	261.3201	2.091906	0.680776	0.319224	1.142733
22848	-3987.296	-4248.625	261.3288	2.176959	0.680776	0.319224	1.05673
22854	-3982.611	-4243.995	261.3843	2.12152	0.678175	0.321825	1.05673
22860	-3983.069	-4244.446	261.3761	2.158905	0.588824	0.411176	1.028728
22866	-3981.802	-4243.163	261.3616	2.123874	0.7566	0.2434	1.075839
22872	-3991.538	-4252.875	261.3375	2.115351	0.656767	0.343233	1.106003
22878	-3992.165	-4253.518	261.3524	2.057819	0.671166	0.328834	1.14432
22884	-3998.167	-4259.527	261.3598	2.046921	0.673803	0.326197	1.147443
22890	-3995.526	-4256.649	261.1225	1.968998	0.591188	0.408812	1.407048
22896	-3983.167	-4244.273	261.1067	1.984764	0.651263	0.348737	1.407048
22902	-4003.243	-4264.296	261.0526	1.868823	0.670073	0.329927	1.535906
22908	-4022.693	-4283.688	260.9948	1.926627	0.639975	0.360025	1.535906
22914	-4002.094	-4263.069	260.9758	1.926627	0.755366	0.244634	1.549974
22920	-4004.093	-4265.147	261.0537	1.848608	0.616971	0.383029	1.550061
22926	-3991.17	-4252.149	260.9786	1.914413	0.624984	0.375016	1.556896
22932	-3978.746	-4239.639	260.8927	2.00577	0.691312	0.308688	1.552857
22938	-3984.142	-4245.308	261.166	2.060839	0.641613	0.358387	1.299712
22944	-3991.811	-4253.005	261.194	2.071983	0.641613	0.358387	1.267606
22950	-3998.823	-4260.17	261.347	1.95803	0.733338	0.266662	1.235105
22956	-3996.883	-4258.054	261.1711	1.954084	0.709824	0.290176	1.380777
22962	-3993.6	-4254.727	261.1271	1.985735	0.662494	0.337506	1.390414
22968	-3988.67	-4250.072	261.4019	1.966048	0.695109	0.304891	1.181437
22974	-3978.492	-4239.83	261.3376	2.030371	0.742212	0.257788	1.181437
22980	-4011.153	-4272.422	261.2687	2.003901	0.678343	0.321657	1.262125
22986	-3991.125	-4252.454	261.329	2.100081	0.614056	0.385944	1.127519
22992	-4013.371	-4274.713	261.3426	2.093383	0.581472	0.418528	1.121253
22998	-3998.593	-4259.962	261.3691	1.966093	0.591516	0.408484	1.209618
23004	-3985.165	-4246.41	261.2452	2.043257	0.606204	0.393796	1.248956
23010	-3979.256	-4240.312	261.056	1.936183	0.681896	0.318104	1.483015
23016	-3986.858	-4247.905	261.047	1.922045	0.710987	0.289013	1.500379
23022	-4005.588	-4266.895	261.3074	1.965954	0.649169	0.350831	1.261515
23028	-4001.271	-4262.584	261.3127	1.874997	0.740572	0.259428	1.33124
23034	-4003.495	-4264.475	260.9798	1.749531	0.661817	0.338183	1.67541
23040	-3990.859	-4251.455	260.5958	1.81681	0.764693	0.235307	1.895502
23046	-3969.694	-4230.426	260.7314	1.747168	0.660542	0.339458	1.850465
23052	-3973.752	-4234.536	260.7841	1.796393	0.660542	0.339458	1.780113
23058	-3969.439	-4230.09	260.6512	1.728379	0.746851	0.253149	1.917874
23064	-3978.946	-4239.918	260.9721	1.78773	0.73591	0.26409	1.653609
23070	-3978.625	-4239.486	260.8611	1.794196	0.6556	0.3444	1.727831
23076	-3978.914	-4239.579	260.6651	1.721447	0.74543	0.25457	1.913176
23082	-3996.776	-4257.695	260.9191	1.75306	0.724491	0.275509	1.715946
23088	-3997.055	-4257.941	260.8868	1.841541	0.724491	0.275509	1.676116
23094	-4011.095	-4271.992	260.897	1.775442	0.679939	0.320061	1.71572
23100	-4002.016	-4263.323	261.3071	2.000705	0.732754	0.267246	1.232794
23106	-3981.854	-4243.073	261.2185	1.992226	0.698207	0.301793	1.312734
23112	-3988.688	-4249.86	261.1716	1.978526	0.701421	0.298579	1.361113
23118	-3997.87	-4258.864	260.9946	1.876907	0.645827	0.354173	1.572676
23124	-3986.027	-4247.212	261.1858	2.050175	0.741178	0.258822	1.292238
23130	-3999.922	-4261.077	261.155	2.08101	0.628333	0.371667	1.292238
23136	-3989.104	-4250.322	261.2181	2.017937	0.744188	0.255812	1.292238
23142	-4000.083	-4261.367	261.2833	2.057286	0.680611	0.319389	1.204946
23148	-3997.454	-4258.643	261.1888	2.116806	0.674576	0.325424	1.234642
23154	-4016.336	-4277.667	261.3307	2.169655	0.732723	0.267277	1.061925
23160	-3999.926	-4261.289	261.3635	2.128748	0.555774	0.444226	1.06954
23166	-3990.07	-4251.486	261.4163	2.116027	0.739097	0.260903	1.031291
23172	-3995.082	-4256.443	261.3615	2.141737	0.739097	0.260903	1.059143
23178	-3990.85	-4252.183	261.3332	2.170064	0.803776	0.196224	1.059143
23184	-4001.91	-4263.074	261.1641	1.900074	0.713282	0.286718	1.42817
23190	-3984.058	-4245.383	261.3248	2.042313	0.696234	0.303766	1.182123
23196	-3994.9	-4256.184	261.2841	2.12416	0.696234	0.303766	1.146134
23202	-4004.218	-4265.331	261.113	2.009685	0.627584	0.372416	1.382709
23208	-3985.234	-4246.412	261.1774	2.009685	0.665998	0.334002	1.331753
23214	-3996.38	-4257.459	261.079	1.999629	0.70474	0.29526	1.416997
23220	-3995.293	-4256.696	261.4028	2.322284	0.726763	0.273237	0.8206594
23226	-3998.127	-4259.638	261.5113	2.213832	0.631624	0.368376	0.8206594
23232	-4000.921	-4262.075	261.1535	2.127983	0.656819	0.343181	1.254818
23238	-3979.025	-4240.251	261.2259	2.055585	0.712263	0.287737	1.254818
23244	-3978.638	-4239.799	261.1614	2.081591	0.788859	0.211141	1.286483
23250	-3975.708	-4236.892	261.1841	2.058911	0.741553	0.258447	1.286483
23256	-3977.707	-4238.818	261.1114	2.031768	0.64395	0.35605	1.366623
23262	-3970.345	-4231.614	261.2695	2.048722	0.640287	0.359713	1.224004
23268	-3987.431	-4248.79	261.3595	2.047767	0.595668	0.404332	1.146977
23274	-3989.583	-4250.957	261.3738	1.986959	0.664717	0.335283	1.187618
23280	-3991.385	-4252.494	261.1089	2.0277	0.596305	0.403695	1.371816
23286	-3978.468	-4239.616	261.1484	2.0277	0.666474	0.333526	1.340498
23292	-3983.38	-4244.62	261.2397	1.986458	0.687947	0.312053	1.300255
23298	-3986.615	-4247.818	261.2038	1.996097	0.70544	0.29456	1.321446
23304	-3984.878	-4246.225	261.3476	2.115088	0.689382	0.310618	1.097001
23310	-3978.632	-4239.95	261.3185	2.060864	0.672123	0.327877	1.17154
23316	-4004.298	-4265.539	261.2411	2.038847	0.705631	0.294369	1.256072
23322	-3998.439	-4259.636	261.1976	2.004383	0.705631	0.294369	1.319815
23328	-4006.366	-4267.36	260.9935	1.988123	0.705631	0.294369	1.490904
23334	-3995.224	-4256.621	261.397	2.273741	0.648208	0.351792	0.8863776
23340	-3984.543	-4245.95	261.4071	2.242115	0.648208	0.351792	0.9106377
23346	-3993.547	-4255.053	261.5059	2.172214	0.612904	0.387096	0.877896
23352	-3970.373	-4231.778	261.4053	2.301073	0.612904	0.387096	0.8441715
23358	-3976.757	-4238.16	261.4035	2.189927	0.592364	0.407636	0.9701718
23364	-3982.153	-4243.449	261.2955	2.176674	0.592364	0.407636	1.088212
23370	-3984.786	-4246.066	261.2801	2.204279	0.686018	0.313982	1.076893
23376	-3983.453	-4244.826	261.3732	2.204279	0.721088	0.278912	0.9865645
23382	-3990.021	-4251.474	261.4528	2.185402	0.721088	0.278912	0.9227099
23388	-3974.711	-4236.04	261.329	2.134008	0.706695	0.293305	1.096652
23394	-3981.861	-4243.159	261.2981	2.136654	0.712396	0.287604	1.122448
23400	-3999.604	-4260.991	261.3876	2.04709	0.757566	0.242434	1.122448
23406	-3992.19	-4253.531	261.3417	2.093009	0.830742	0.169258	1.122448
23412	-3986.631	-4247.945	261.3142	2.018019	0.761255	0.238745	1.212081
23418	-3977.009	-4238.319	261.3102	2.022094	0.752504	0.247496	1.212081
23424	-3993.511	-4254.828	261.3165	2.022094	0.627136	0.372864	1.20666
23430	-3991.795	-4253.149	261.3542	2.213639	0.584654	0.415346	0.9962235
23436	-3994.475	-4255.904	261.429	2.099076	0.687265	0.312735	1.035402
23442	-3988.221	-4249.479	261.2583	2.13633	0.653243	0.346757	1.158175
23448	-3984.586	-4245.822	261.2357	2.055506	0.586284	0.413716	1.246646
23454	-3990.995	-4252.258	261.2625	2.038284	0.668845	0.331155	1.238677
23460	-3989.434	-4250.718	261.2838	2.016977	0.664225	0.335775	1.238677
23466	-3976.32	-4237.509	261.1897	2.111095	0.747656	0.252344	1.238677
23472	-3979.517	-4240.581	261.0644	2.019183	0.644181	0.355819	1.413134
23478	-3987.307	-4248.429	261.122	1.974676	0.614909	0.385091	1.403025
23484	-3979.306	-4240.509	261.203	1.97041	0.647962	0.352038	1.342709
23490	-3969.861	-4231.188	261.3267	2.055299	0.734464	0.265536	1.16923
23496	-3975.474	-4236.741	261.2671	2.114884	0.626694	0.373306	1.16923
23502	-3984.831	-4246.125	261.2947	2.246984	0.697795	0.302205	1.02218
23508	-3980.508	-4241.874	261.366	2.246984	0.778686	0.221314	0.9498535
23514	-3972.614	-4233.958	261.3443	2.005702	0.772945	0.227055	1.196924
23520	-3978.627	-4239.945	261.3176	2.135991	0.752528	0.247472	1.105326
23526	-3981.711	-4242.959	261.2482	2.073018	0.668964	0.331036	1.221443
23532	-3997.711	-4258.997	261.2858	2.035434	0.636415	0.363585	1.221443
23538	-3988.193	-4249.46	261.267	2.0856	0.723283	0.276717	1.194726
23544	-4000.915	-4262.064	261.1494	2.089417	0.681452	0.318548	1.289907
23550	-4008.874	-4270.008	261.1337	2.011001	0.632439	0.367561	1.365436
23556	-4006.388	-4267.544	261.1559	1.964564	0.67277	0.32723	1.384439
23562	-3997.808	-4259.191	261.3827	2.127281	0.692359	0.307641	1.052749
23568	-3995.107	-4256.378	261.2709	1.971056	0.655166	0.344834	1.28737
23574	-3984.653	-4245.951	261.2985	2.005171	0.747147	0.252853	1.236291
23580	-3990.157	-4251.343	261.1864	1.986717	0.684167	0.315833	1.342943
23586	-3985.775	-4246.878	261.1027	2.020341	0.714431	0.285569	1.382476
23592	-3993.276	-4254.434	261.1582	1.964815	0.655779	0.344221	1.382476
23598	-3981.831	-4242.617	260.7857	1.845371	0.701555	0.298445	1.744841
23604	-4004.229	-4264.9	260.6712	1.748676	0.610076	0.389924	1.890528
23610	-3987.769	-4248.664	260.8945	1.827626	0.612224	0.387776	1.680523
23616	-3982.118	-4242.976	260.858	1.878056	0.679023	0.320977	1.670636
23622	-3983.304	-4244.145	260.8413	1.89469	0.679023	0.320977	1.670636
23628	-3984.301	-4245.393	261.0913	1.972393	0.679023	0.320977	1.428494
23634	-3998.471	-4259.646	261.175	2.061998	0.659965	0.340035	1.29144
23640	-3977.201	-4238.496	261.2952	2.029449	0.69862	0.30138	1.218563
23646	-3971.585	-4232.859	261.2741	2.068959	0.703246	0.296754	1.202905
23652	-3978.385	-4239.574	261.1887	2.060615	0.709462	0.290538	1.281314
23658	-3987.743	-4248.996	261.2534	2.109777	0.706531	0.293469	1.185548
23664	-3979.345	-4240.633	261.2877	2.035882	0.643813	0.356187	1.219455
23670	-3983.771	-4245.037	261.2652	2.017988	0.687368	0.312632	1.253343
23676	-3988.34	-4249.639	261.2995	1.989803	0.720756	0.279244	1.248284
23682	-3986.886	-4248.235	261.3491	1.996572	0.691495	0.308505	1.200604
23688	-3974.418	-4235.816	261.3984	2.030551	0.669795	0.330205	1.12766
23694	-3970.819	-4232.106	261.2873	2.148002	0.669795	0.330205	1.121889
23700	-3985.784	-4247.07	261.2861	2.176885	0.669795	0.330205	1.096726
23706	-3989.306	-4250.771	261.4659	2.19393	0.681395	0.318605	0.8988051
23712	-3984.378	-4245.691	261.3132	2.19393	0.680516	0.319484	1.055485
23718	-3976.033	-4237.417	261.3838	2.149999	0.704038	0.295962	1.029857
23724	-3976.428	-4237.736	261.3084	2.015465	0.604281	0.395719	1.219207
23730	-3966.844	-4228.085	261.241	1.891978	0.648255	0.351745	1.37465
23736	-3966.559	-4227.92	261.3607	2.154829	0.673104	0.326896	1.047431
23742	-3975.42	-4236.796	261.376	2.091263	0.661707	0.338293	1.092739
23748	-3988.44	-4249.816	261.376	2.091263	0.755577	0.244423	1.092739
23754	-3970.873	-4232.274	261.4009	2.091263	0.742431	0.257569	1.069653
23760	-3974.248	-4235.649	261.4011	2.091263	0.704762	0.295238	1.069432
23766	-3978.345	-4239.717	261.372	2.141131	0.72656	0.27344	1.049778
23772	-3997.369	-4258.774	261.4055	2.042991	0.717787	0.282213	1.10993
23778	-3983.846	-4245.167	261.3214	2.042991	0.743851	0.256149	1.184512
23784	-3994.78	-4256.086	261.3051	1.994053	0.65634	0.34366	1.240032
23790	-3984.491	-4245.716	261.2248	2.019216	0.65634	0.34366	1.285705
23796	-3985.929	-4247.114	261.1848	2.014342	0.528897	0.471103	1.322075
23802	-3987.931	-4249.15	261.2182	2.084183	0.752626	0.247374	1.237308
23808	-3995.659	-4256.708	261.049	1.863596	0.77496	0.22504	1.542421
23814	-3995.222	-4256.467	261.2454	1.895288	0.747706	0.252294	1.368599
23820	-3987.779	-4248.941	261.1613	1.97934	0.620697	0.379303	1.368599
23826	-3981.138	-4242.274	261.1357	2.015269	0.722951	0.277049	1.360454
23832	-3982.244	-4243.357	261.1127	1.942855	0.705933	0.294067	1.434776
23838	-3987.285	-4248.423	261.1386	1.922401	0.618258	0.381742	1.430601
23844	-3994.091	-4254.928	260.8363	1.84106	0.618258	0.381742	1.712306
23850	-3995.678	-4256.902	261.2238	1.899869	0.583587	0.416413	1.381988
23856	-4005.135	-4266.512	261.3767	2.103632	0.586145	0.413855	1.080624
23862	-4004.927	-4266.104	261.177	2.10437	0.586145	0.413855	1.254906
23868	-3995.412	-4256.677	261.2656	2.062024	0.754293	0.245707	1.216031
23874	-3998.931	-4260.279	261.3479	2.23249	0.714353	0.285647	0.9835547
23880	-3989.724	-4251.084	261.3596	2.105121	0.696398	0.303602	1.095092
23886	-3981.395	-4242.797	261.4021	2.186049	0.725772	0.274228	0.9756586
23892	-3967.484	-4228.827	261.3434	2.186049	0.571174	0.428826	1.034031
23898	-3987.154	-4248.384	261.23	2.108858	0.729946	0.270054	1.206487
23904	-3984.275	-4245.551	261.2758	2.063054	0.730242	0.269758	1.206487
23910	-3975.01	-4236.382	261.3723	2.091131	0.623352	0.376648	1.096283
23916	-3976.226	-4237.643	261.4174	2.147863	0.656416	0.343584	0.9987884
23922	-3976.669	-4238.09	261.4219	2.147863	0.722388	0.277612	0.9943275
23928	-3973.375	-4234.794	261.4195	2.185033	0.66238	0.33762	0.9586637
23934	-3968.063	-4229.401	261.3382	2.115364	0.64492	0.35508	1.105343
23940	-3973.188	-4234.578	261.3898	2.107054	0.64492	0.35508	1.065165
23946	-3977.396	-4238.742	261.3462	2.127288	0.723964	0.276036	1.087048
23952	-3977.952	-4239.189	261.2379	2.096626	0.612846	0.387154	1.21016
23958	-3973.288	-4234.4	261.1116	1.99554	0.612846	0.387154	1.394887
23964	-3976.132	-4237.286	261.1544	1.952703	0.751253	0.248747	1.394887
23970	-4001.38	-4262.125	260.7456	1.812178	0.78867	0.21133	1.795909
23976	-3995.09	-4256.016	260.9259	1.831979	0.78867	0.21133	1.655017
23982	-3986.093	-4247.397	261.3036	2.067314	0.751348	0.248652	1.178883
23988	-3979.521	-4240.893	261.3719	2.000501	0.748896	0.251104	1.177593
23994	-4006.399	-4267.467	261.0677	1.869788	0.643868	0.356132	1.523962
24000	-3977.946	-4239.178	261.2315	1.974763	0.625365	0.374635	1.316351
24006	-3962.743	-4223.989	261.2462	1.974763	0.679197	0.320803	1.304465
24012	-3972.989	-4234.221	261.2321	1.988858	0.614376	0.385624	1.304465
24018	-3973.751	-4235.075	261.3233	1.988858	0.677329	0.322671	1.229137
24024	-3971.004	-4232.049	261.045	1.901689	0.683649	0.316351	1.517133
24030	-3987.723	-4248.893	261.1702	1.981434	0.824079	0.175921	1.359973
24036	-3994.67	-4255.254	260.5844	1.758832	0.675385	0.324615	1.942374
24042	-4004.406	-4265.092	260.6854	1.739463	0.723456	0.276544	1.88715
24048	-3998.731	-4259.442	260.7108	1.714045	0.69088	0.30912	1.88715
24054	-3988.529	-4249.253	260.7236	1.727507	0.731698	0.268302	1.869281
24060	-4011.61	-4272.472	260.8618	1.83887	0.783889	0.216111	1.695757
24066	-4003.411	-4264.162	260.7507	1.784504	0.725495	0.274505	1.81152
24072	-4021.702	-4282.821	261.1191	1.938356	0.652191	0.347809	1.433276
24078	-4015.038	-4276.348	261.3095	2.075196	0.668062	0.331938	1.166813
24084	-3994.399	-4255.664	261.2655	2.093681	0.638253	0.361747	1.188994
24090	-3988.432	-4249.794	261.3616	2.047299	0.638253	0.361747	1.145571
24096	-4001.234	-4262.671	261.4374	2.083385	0.808595	0.191405	1.042418
24102	-3991.124	-4252.601	261.4771	2.13565	0.73463	0.26537	0.9500609
24108	-3993.406	-4254.696	261.2898	2.221076	0.727725	0.272275	1.051882
24114	-3968.812	-4230.138	261.3258	2.154404	0.700213	0.299787	1.080772
24120	-3989.998	-4251.424	261.4259	2.054358	0.700213	0.299787	1.080772
24126	-3980.072	-4241.348	261.2752	2.017813	0.677883	0.322117	1.245192
24132	-3977.948	-4239.251	261.3033	1.98973	0.677883	0.322117	1.245192
24138	-3991.409	-4252.793	261.3842	2.101031	0.734461	0.265539	1.076106
24144	-3973.814	-4235.109	261.2954	2.202118	0.734461	0.265539	1.064553
24150	-3977.025	-4238.4	261.3748	2.123184	0.617278	0.382722	1.064161
24156	-3977.313	-4238.611	261.2973	2.072672	0.735304	0.264696	1.17965
24162	-3973.098	-4234.457	261.359	2.058773	0.746335	0.253665	1.137625
24168	-3973.486	-4234.681	261.1952	2.058773	0.668701	0.331299	1.277529
24174	-3979.254	-4240.496	261.2418	1.994134	0.722131	0.277869	1.292254
24180	-3983.74	-4244.934	261.1943	1.922103	0.722131	0.277869	1.387626
24186	-3997.99	-4259.377	261.3868	2.006853	0.746334	0.253666	1.158995
24192	-3985.494	-4246.684	261.1902	1.922524	0.683893	0.316107	1.39052
24198	-3986.401	-4247.709	261.3083	1.949519	0.762006	0.237994	1.274358
24204	-3992.056	-4253.347	261.2908	1.977871	0.700811	0.299189	1.265447
24210	-3984.58	-4245.849	261.2698	1.958752	0.69397	0.30603	1.298324
24216	-3979.393	-4240.576	261.1833	1.958752	0.657491	0.342509	1.367487
24222	-3997.362	-4258.603	261.2409	1.963485	0.657491	0.342509	1.317883
24228	-4010.187	-4271.303	261.116	1.961244	0.740931	0.259069	1.41809
24234	-3992.941	-4253.993	261.0524	1.864747	0.697315	0.302685	1.539034
24240	-3990.288	-4251.22	260.9317	1.868951	0.726119	0.273881	1.624246
24246	-3985.392	-4246.42	261.0287	1.852224	0.737398	0.262602	1.565805
24252	-3998.363	-4259.278	260.9152	1.819715	0.737398	0.262602	1.671413
24258	-4004.03	-4265.18	261.1501	1.913982	0.713904	0.286096	1.428195
24264	-3996.485	-4257.636	261.1509	1.893943	0.713904	0.286096	1.442966
24270	-3988.185	-4249.412	261.2272	2.140682	0.7589	0.2411	1.181472
24276	-3982.838	-4244.041	261.2026	2.045733	0.7589	0.2411	1.282154
24282	-3982.515	-4243.751	261.236	2.025956	0.666779	0.333221	1.270951
24288	-3983.71	-4244.987	261.2763	1.985643	0.674394	0.325606	1.270951
24294	-3975.331	-4236.621	261.2897	2.050148	0.663984	0.336016	1.205643
24300	-3969.373	-4230.57	261.1968	2.11252	0.663984	0.336016	1.231502
24306	-3974.521	-4235.739	261.2174	2.091911	0.555542	0.444458	1.231502
24312	-3974.957	-4236.152	261.1945	2.114796	0.638209	0.361791	1.231502
24318	-3984.44	-4245.781	261.3416	2.085783	0.612413	0.387587	1.129062
24324	-3982.79	-4244.134	261.3443	2.136033	0.709362	0.290638	1.080671
24330	-3992.432	-4253.72	261.2883	2.136033	0.72268	0.27732	1.131769
24336	-3994.741	-4256.08	261.3388	2.110016	0.645349	0.354651	1.109645
24342	-3987.757	-4249.162	261.4057	2.077702	0.704693	0.295307	1.077802
24348	-3997.713	-4259.141	261.4279	2.055473	0.66819	0.33181	1.077802
24354	-3997.575	-4259.017	261.442	2.061937	0.612859	0.387141	1.058509
24360	-3999.702	-4260.747	261.0448	1.865009	0.617098	0.382902	1.544503
24366	-3995.073	-4255.999	260.9264	1.803009	0.771821	0.228179	1.675317
24372	-4010.375	-4271.301	260.9262	1.803254	0.637812	0.362188	1.675317
24378	-3999.929	-4260.918	260.9895	1.74	0.658721	0.341279	1.675317
24384	-3997.56	-4258.749	261.1891	1.800557	0.658721	0.341279	1.484874
24390	-4009.369	-4270.505	261.136	1.772833	0.620294	0.379706	1.545243
24396	-3993.827	-4254.755	260.9274	1.829814	0.630299	0.369701	1.655461
24402	-4007.489	-4268.327	260.838	1.848086	0.740337	0.259663	1.706094
24408	-3990.073	-4251.08	261.0073	1.929404	0.679482	0.320518	1.524572
24414	-3994.562	-4255.778	261.2162	2	0.679482	0.320518	1.308309
24420	-3999.135	-4260.453	261.3175	1.910752	0.749859	0.250141	1.29856
24426	-3995.684	-4256.755	261.0719	1.894633	0.631987	0.368013	1.502285
24432	-3998.471	-4258.78	260.3086	1.680635	0.73747	0.26253	2.176254
24438	-3995.409	-4256.134	260.7256	1.679002	0.780743	0.219257	1.900881
24444	-3999.059	-4259.187	260.1281	1.667963	0.793283	0.206717	2.300586
24450	-3986.933	-4247.193	260.2598	1.545696	0.619211	0.380789	2.294593
24456	-3988.24	-4248.655	260.415	1.56654	0.678078	0.321922	2.181215
24462	-3992.061	-4252.366	260.3052	1.615563	0.678078	0.321922	2.220536
24468	-3993.508	-4254.025	260.5172	1.789707	0.723799	0.276201	1.966794
24474	-3995.858	-4256.56	260.7022	1.774131	0.748825	0.251175	1.851993
24480	-4006.514	-4267.755	261.2406	1.920514	0.724514	0.275486	1.352407
24486	-4007.814	-4269.023	261.2095	1.95167	0.652785	0.347215	1.352407
24492	-4007.731	-4269.036	261.3048	1.956913	0.741464	0.258536	1.271184
24498	-4000.517	-4261.885	261.3679	2.039067	0.686248	0.313752	1.147198
24504	-3990.122	-4251.471	261.3495	2.039067	0.762904	0.237096	1.163427
24510	-4000.198	-4261.559	261.3614	2.108844	0.691981	0.308019	1.090039
24516	-4002.812	-4264.049	261.2375	2.052232	0.779917	0.220083	1.247944
24522	-3993.31	-4254.726	261.4156	2.102983	0.725847	0.274153	1.044513
24528	-3995.974	-4257.211	261.2371	2.012428	0.700377	0.299623	1.28116
24534	-3990.133	-4251.416	261.2821	1.982607	0.668217	0.331783	1.268691
24540	-3982.823	-4244.185	261.3626	2.084067	0.713938	0.286062	1.111643
24546	-3972.749	-4234.02	261.271	2.134428	0.640067	0.359933	1.148563
24552	-3977.857	-4239.166	261.3081	2.036645	0.716383	0.283617	1.20145
24558	-3972.201	-4233.447	261.2464	2.036645	0.68943	0.31057	1.253489
24564	-3970.581	-4231.926	261.3449	2.094022	0.677012	0.322988	1.118634
24570	-3987.275	-4248.55	261.275	2.039745	0.722862	0.277138	1.226907
24576	-3983.289	-4244.686	261.3964	2.03228	0.786295	0.213705	1.127853
24582	-3996.308	-4257.53	261.222	2.03228	0.786295	0.213705	1.277295
24588	-4009.998	-4271.221	261.2225	2.03228	0.786295	0.213705	1.276888
24594	-4001.671	-4262.87	261.1994	2.000434	0.623805	0.376195	1.32154
24600	-3982.742	-4243.927	261.1846	1.950866	0.759262	0.240738	1.372673
24606	-3996.013	-4257.28	261.2677	1.948834	0.633886	0.366114	1.308029
24612	-3997.847	-4259.181	261.3336	2.04147	0.687874	0.312126	1.175252
24618	-3992.967	-4254.225	261.2577	2.147421	0.691875	0.308125	1.148919
24624	-3990.443	-4251.834	261.3913	2.165875	0.655186	0.344814	1.006856
24630	-3997.854	-4258.959	261.1054	2.085714	0.664353	0.335647	1.328497
24636	-3999.278	-4260.501	261.2232	2.079068	0.644713	0.355287	1.237397
24642	-3985.155	-4246.493	261.3381	2.093919	0.644713	0.355287	1.124833
24648	-3994.739	-4256.062	261.3234	2.108677	0.644713	0.355287	1.124833
24654	-3992.069	-4253.062	260.9936	1.822641	0.699513	0.300487	1.612975
24660	-3993.423	-4254.501	261.0778	2.01831	0.699513	0.300487	1.403475
24666	-3994.906	-4256.15	261.2437	1.993327	0.699513	0.300487	1.291356
24672	-3984.295	-4245.312	261.0172	1.968017	0.699513	0.300487	1.488238
24678	-3991.193	-4252.432	261.239	2.031751	0.655532	0.344468	1.263684
24684	-3994.038	-4255.218	261.1799	2.000961	0.708973	0.291027	1.336737
24690	-3982.944	-4244.001	261.0567	2.011691	0.635454	0.364546	1.424922
24696	-3982.003	-4243.255	261.2518	1.993173	0.658302	0.341698	1.284868
24702	-3982.285	-4243.57	261.285	2.037384	0.669242	0.330758	1.220433
24708	-3984.326	-4245.622	261.2952	2.01318	0.76725	0.23275	1.232312
24714	-4000.003	-4261.334	261.3318	2.11279	0.736396	0.263604	1.113526
24720	-3985.18	-4246.575	261.3958	2.190168	0.658596	0.341404	0.9779084
24726	-3985.099	-4246.525	261.426	2.190168	0.628001	0.371999	0.9464212
24732	-3985.221	-4246.659	261.4379	2.185925	0.649902	0.350098	0.9382956
24738	-3990.166	-4251.63	261.4638	2.167649	0.649902	0.350098	0.9300851
24744	-3994.196	-4255.615	261.4195	2.200703	0.641672	0.358328	0.9421196
24750	-3998.702	-4260.117	261.4156	2.204602	0.684281	0.315719	0.9421196
24756	-4000.575	-4262.017	261.4418	2.204602	0.611558	0.388442	0.9137086
24762	-3992.288	-4253.697	261.4088	2.196674	0.768	0.232	0.9577021
24768	-3992.124	-4253.59	261.4659	2.226595	0.746478	0.253522	0.8609116
24774	-4004.542	-4265.98	261.4374	2.215485	0.708786	0.291214	0.9065145
24780	-4002.844	-4264.315	261.4709	2.263969	0.722477	0.277523	0.8080812
24786	-3984.57	-4245.944	261.3737	2.328031	0.645723	0.354277	0.8497642
24792	-3977.464	-4238.916	261.4516	2.250159	0.705162	0.294838	0.8497642
24798	-3976.118	-4237.548	261.4301	2.250159	0.793894	0.206106	0.8753095
24804	-3977.144	-4238.606	261.4617	2.250159	0.73848	0.26152	0.8373783
24810	-3984.139	-4245.596	261.4576	2.255767	0.737414	0.262586	0.8355289
24816	-3984.755	-4246.172	261.4166	2.253611	0.705068	0.294932	0.8869619
24822	-3984.21	-4245.608	261.3987	2.256	0.691789	0.308211	0.9044644
24828	-3993.762	-4255.205	261.4422	2.229792	0.715012	0.284988	0.884883
24834	-3993.721	-4255.154	261.4324	2.239658	0.684735	0.315265	0.884883
24840	-3986.972	-4248.375	261.4036	2.268462	0.720445	0.279555	0.884883
24846	-3993.169	-4254.591	261.4217	2.219451	0.699049	0.300951	0.9194977
24852	-4010.918	-4272.407	261.4891	2.058184	0.625231	0.374769	1.016705
24858	-4013.56	-4274.973	261.4138	2.143421	0.625231	0.374769	1.006823
24864	-4005.099	-4266.453	261.3532	2.178938	0.661806	0.338194	1.031474
24870	-3985.462	-4246.847	261.3851	2.147022	0.709638	0.290362	1.031474
24876	-4000.552	-4261.958	261.4067	2.146332	0.709638	0.290362	1.010999
24882	-3987.808	-4249.164	261.3559	2.118397	0.593932	0.406068	1.086277
24888	-3988.183	-4249.656	261.4733	2.239493	0.712719	0.287281	0.8362735
24894	-3978.101	-4239.501	261.3996	2.262436	0.66399	0.33601	0.8962632
24900	-3994.978	-4256.434	261.4557	2.218083	0.66399	0.33601	0.8828817
24906	-3996.705	-4258.081	261.3764	2.034302	0.664037	0.335963	1.143919
24912	-3986.245	-4247.396	261.1513	1.989533	0.615697	0.384303	1.368453
24918	-3974.874	-4236.223	261.3497	2.064771	0.620365	0.379635	1.14057
24924	-3981.329	-4242.679	261.3497	2.064771	0.71761	0.28239	1.14057
24930	-3976.87	-4238.334	261.4632	2.1105	0.741705	0.258295	0.9902952
24936	-3986.65	-4248.075	261.4246	2.118744	0.75674	0.24326	1.020489
24942	-3986.674	-4247.986	261.3123	2.233419	0.76835	0.23165	1.018244
24948	-3999.257	-4260.709	261.452	2.201254	0.739732	0.260268	0.9061867
24954	-3995.164	-4256.561	261.3973	2.149982	0.615723	0.384277	1.016649
24960	-4024.341	-4285.453	261.1124	1.996945	0.626382	0.373618	1.393171
24966	-3991.261	-4252.244	260.9826	1.885956	0.76064	0.23936	1.574861
24972	-3991.685	-4252.604	260.9193	1.741445	0.693133	0.306867	1.723985
24978	-3995.457	-4256.054	260.5973	1.749327	0.693133	0.306867	1.940117
24984	-3993.154	-4253.766	260.6119	1.820415	0.755715	0.244285	1.882047
24990	-3987.681	-4248.907	261.2258	2.026329	0.708913	0.291087	1.278994
24996	-3984.905	-4246.092	261.1876	1.940171	0.662982	0.337018	1.378725
25002	-3993.704	-4254.843	261.1393	1.940171	0.654951	0.345049	1.416359
25008	-3995.645	-4256.708	261.0632	1.867422	0.686377	0.313623	1.529086
25014	-3983.594	-4244.698	261.1041	1.843083	0.761312	0.238688	1.516735
25020	-3994.708	-4255.777	261.0696	1.832032	0.761312	0.238688	1.55054
25026	-3982.83	-4243.416	260.5862	1.769334	0.761312	0.238688	1.934076
25032	-3985.724	-4246.795	261.0712	1.796414	0.730289	0.269711	1.57555
25038	-3992.302	-4253.347	261.0453	1.803294	0.728366	0.271634	1.589415
25044	-3985.361	-4246.438	261.0766	1.83132	0.656006	0.343994	1.545854
25050	-3995.046	-4255.718	260.6721	1.718898	0.69586	0.30414	1.910134
25056	-3988.772	-4249.421	260.6484	1.726475	0.667635	0.332365	1.921012
25062	-3990.979	-4251.587	260.608	1.703982	0.645973	0.354027	1.963398
25068	-3989.602	-4250.194	260.592	1.719924	0.597436	0.402564	1.963398
25074	-3997.942	-4258.366	260.4248	1.664491	0.624099	0.375901	2.110951
25080	-3996.066	-4257.1	261.0336	1.78434	0.693011	0.306989	1.611725
25086	-3993.995	-4254.915	260.9202	1.78434	0.644631	0.355369	1.693072
25092	-3989.262	-4250.083	260.8209	1.682543	0.628874	0.371126	1.833382
25098	-3994.013	-4254.914	260.9013	1.763751	0.595103	0.404897	1.720996
25104	-3992.287	-4252.771	260.4835	1.759459	0.628405	0.371595	2.009544
25110	-3993.246	-4253.784	260.5381	1.636731	0.745996	0.254004	2.054698
25116	-3995.892	-4256.091	260.1995	1.620879	0.671928	0.328072	2.285068
25122	-3999.741	-4260.316	260.5751	1.635057	0.70172	0.29828	2.031299
25128	-4011.013	-4271.826	260.8129	1.795162	0.639103	0.360897	1.760927
25134	-3999.059	-4259.978	260.9188	1.960178	0.772421	0.227579	1.567168
25140	-3986.88	-4247.842	260.9619	1.935911	0.7397	0.2603	1.553376
25146	-3996.682	-4257.567	260.885	1.85265	0.685933	0.314067	1.6695
25152	-3989.858	-4250.74	260.8819	1.834534	0.760834	0.239166	1.684564
25158	-3995.256	-4256.267	261.0112	1.834534	0.679722	0.320278	1.591554
25164	-3998.926	-4259.858	260.9317	1.88392	0.667058	0.332942	1.613418
25170	-4006.902	-4267.865	260.9631	1.878276	0.611427	0.388573	1.594735
25176	-4008.097	-4269.339	261.2422	1.833825	0.842778	0.157222	1.419016
25182	-4003.122	-4264.232	261.1102	1.971362	0.602384	0.397616	1.414743
25188	-4004.027	-4265.106	261.0785	2.000401	0.695663	0.304337	1.416789
25194	-3999.788	-4260.953	261.1659	1.903292	0.704419	0.295581	1.424247
25200	-3984.705	-4245.893	261.1882	1.982294	0.704419	0.295581	1.344957
25206	-3999.597	-4260.789	261.1925	1.969159	0.72411	0.27589	1.352034
25212	-3995.318	-4256.292	260.9739	1.966551	0.782181	0.217819	1.521778
25218	-3992.942	-4253.92	260.9774	1.865837	0.690979	0.309021	1.593331
25224	-3987.973	-4248.688	260.7149	1.875949	0.674388	0.325612	1.772905
25230	-3989.309	-4250.069	260.7601	1.833262	0.674388	0.325612	1.771186
25236	-3986.694	-4247.582	260.8881	1.969322	0.633444	0.366556	1.582973
25242	-3982.674	-4243.571	260.8965	1.960923	0.596548	0.403452	1.582973
25248	-3996.532	-4257.543	261.0114	1.88128	0.699927	0.300073	1.557157
25254	-3994.553	-4255.592	261.0389	1.997815	0.740977	0.259023	1.449185
25260	-4005.893	-4267.169	261.2763	1.948912	0.728415	0.271585	1.301037
25266	-3998.483	-4259.702	261.2184	2.026695	0.728415	0.271585	1.284778
25272	-4010.238	-4271.345	261.1066	1.974698	0.762381	0.237619	1.414934
25278	-4004.557	-4265.671	261.1136	1.890364	0.703905	0.296095	1.474066
25284	-3982.677	-4243.936	261.2592	2.094205	0.788465	0.211535	1.194023
25290	-3985.483	-4246.849	261.3666	1.985892	0.731103	0.268897	1.194777
25296	-3978.932	-4240.188	261.2558	1.985892	0.742825	0.257175	1.2876
25302	-3992.766	-4254.022	261.2558	1.985892	0.72915	0.27085	1.2876
25308	-3992.027	-4253.182	261.1558	1.985892	0.657196	0.342804	1.367811
25314	-3999.627	-4260.928	261.3008	1.971342	0.693407	0.306593	1.262518
25320	-3999.556	-4260.89	261.3343	2.00477	0.685241	0.314759	1.206304
25326	-4003.862	-4265.183	261.321	2.018	0.652786	0.347214	1.206304
25332	-3991.233	-4252.517	261.284	1.995599	0.699181	0.300819	1.256389
25338	-3987.053	-4248.315	261.2613	2.047381	0.671023	0.328977	1.232072
25344	-3979.238	-4240.519	261.281	1.973583	0.733348	0.266652	1.277055
25350	-3991.683	-4252.87	261.1869	2.067635	0.69833	0.30167	1.277055
25356	-3985.463	-4246.736	261.2737	2.15858	0.69833	0.30167	1.124648
25362	-4009.534	-4270.819	261.285	2.146527	0.737869	0.262131	1.125327
25368	-3989.315	-4250.71	261.3955	2.142076	0.737869	0.262131	1.026163
25374	-4009.502	-4270.801	261.2991	2.118784	0.713041	0.286959	1.137567
25380	-3996.152	-4257.42	261.2679	2.057774	0.700417	0.299583	1.217724
25386	-3983.398	-4244.678	261.2799	2.057774	0.771105	0.228895	1.207443
25392	-4020.366	-4281.57	261.2038	1.967158	0.622656	0.377344	1.344655
25398	-3988.892	-4250.091	261.1984	1.921253	0.711571	0.288429	1.385103
25404	-4004.794	-4266.09	261.2957	2.072821	0.77145	0.22855	1.180969
25410	-4000.672	-4261.877	261.2052	2.06322	0.796197	0.203803	1.265628
25416	-4002.695	-4264.022	261.327	2.064227	0.770438	0.229562	1.161141
25422	-3988.949	-4250.251	261.3027	2.004665	0.721014	0.278986	1.233179
25428	-3988.128	-4249.469	261.3411	1.965483	0.674408	0.325592	1.233796
25434	-3992.163	-4253.555	261.392	2.122395	0.634975	0.365025	1.048543
25440	-4010.888	-4272.325	261.4374	2.082036	0.567548	0.432452	1.043703
25446	-4001.522	-4262.793	261.2718	2.082036	0.608942	0.391058	1.193655
25452	-3989.925	-4251.139	261.2136	2.025135	0.608942	0.391058	1.290012
25458	-4001.794	-4263.177	261.3832	2.025135	0.656719	0.343281	1.145986
25464	-3995.544	-4256.994	261.4496	2.113993	0.628688	0.371312	1.000501
25470	-3999.401	-4260.08	260.6796	1.826406	0.770046	0.229954	1.831678
25476	-4001.094	-4262.024	260.9293	1.927881	0.72305	0.27695	1.583194
25482	-3999.652	-4260.889	261.2374	2.021365	0.660399	0.339601	1.273564
25488	-4011.621	-4272.74	261.1191	1.971141	0.651209	0.348791	1.408004
25494	-3989.33	-4250.541	261.211	1.891643	0.697413	0.302587	1.398371
25500	-3996.452	-4257.221	260.7682	1.845067	0.550692	0.449308	1.757269
25506	-3985.675	-4246.579	260.9044	1.848624	0.720267	0.279733	1.658505
25512	-3983.599	-4244.326	260.7276	1.874662	0.637088	0.362912	1.764961
25518	-3993.165	-4253.847	260.6823	1.751641	0.641128	0.358872	1.880946
25524	-3996.768	-4258.017	261.2493	2.104287	0.73609	0.26391	1.193833
25530	-3997.212	-4258.452	261.2401	2.083191	0.591119	0.408881	1.219718
25536	-3996.659	-4257.937	261.2777	2.063365	0.591119	0.408881	1.204572
25542	-3996.309	-4257.554	261.2452	2.123631	0.748324	0.251676	1.180641
25548	-4000.103	-4261.537	261.434	2.126107	0.609784	0.390216	1.004024
25554	-3988.864	-4250.285	261.4207	2.257406	0.749994	0.250006	0.8778182
25560	-4001.841	-4263.215	261.3734	2.210757	0.707656	0.292344	0.9796894
25566	-3992.562	-4253.995	261.4328	2.210757	0.749411	0.250589	0.9168846
25572	-3986.541	-4247.93	261.3891	2.354968	0.700838	0.299162	0.7958438
25578	-3983.784	-4245.129	261.3444	2.24075	0.674081	0.325919	0.9787313
25584	-3987.081	-4248.5	261.4192	2.139095	0.720285	0.279715	1.005789
25590	-3974.116	-4235.475	261.3587	2.077613	0.712943	0.287057	1.121028
25596	-3981.279	-4242.546	261.267	2.037707	0.638978	0.361022	1.23539
25602	-3980.027	-4241.201	261.1737	1.982461	0.664162	0.335838	1.356347
25608	-3977.801	-4238.866	261.0652	1.982461	0.669537	0.330463	1.440793
25614	-3972.065	-4233.276	261.2117	1.970604	0.667807	0.332193	1.335541
25620	-3992.683	-4253.737	261.0541	1.925861	0.668012	0.331988	1.492152
25626	-3995.457	-4256.562	261.1053	1.95958	0.689966	0.310034	1.427616
25632	-3982.104	-4243.213	261.109	1.94969	0.627101	0.372899	1.432329
25638	-3985.73	-4247.084	261.3537	1.979646	0.752777	0.247223	1.211197
25644	-4004.912	-4266.118	261.2059	2.033654	0.710417	0.289583	1.289293
25650	-4003.813	-4264.856	261.043	1.921367	0.697423	0.302577	1.503878
25656	-3998.968	-4259.858	260.8899	1.879233	0.673144	0.326856	1.646928
25662	-4006.708	-4267.779	261.0711	1.87123	0.606789	0.393211	1.52038
25668	-3997.023	-4258.132	261.1096	1.832685	0.73415	0.26585	1.52038
25674	-4006.58	-4267.596	261.0165	1.984661	0.757515	0.242485	1.476182
25680	-3999.103	-4260.254	261.1505	1.947428	0.718017	0.281983	1.402079
25686	-3988.247	-4249.229	260.9824	1.905598	0.743001	0.256999	1.560583
25692	-3993.571	-4254.596	261.0249	1.877027	0.69821	0.30179	1.550338
25698	-3995.089	-4255.918	260.8288	1.857701	0.69821	0.30179	1.705841
25704	-3981.823	-4242.658	260.8353	1.827514	0.744278	0.255722	1.722564
25710	-3994.46	-4255.714	261.2535	2.120602	0.745111	0.254889	1.176056
25716	-3997.609	-4258.897	261.2887	2.085458	0.712703	0.287297	1.176056
25722	-3995.921	-4257.131	261.2106	2.135254	0.697224	0.302776	1.200485
25728	-3999.265	-4260.42	261.1558	2.087852	0.690603	0.309397	1.286018
25734	-3996.25	-4257.447	261.1966	1.945749	0.708368	0.291632	1.367256
25740	-3999.498	-4260.833	261.3349	1.882407	0.747571	0.252429	1.307454
25746	-4001.507	-4262.904	261.3977	1.944219	0.679045	0.320955	1.203848
25752	-3980.858	-4242.014	261.1562	1.943715	0.668792	0.331208	1.400468
25758	-3978.251	-4239.371	261.12	1.88006	0.705756	0.294244	1.477048
25764	-3988.678	-4249.824	261.1457	1.936552	0.693483	0.306517	1.414185
25770	-3988.063	-4249.338	261.2747	1.929109	0.768947	0.231053	1.318316
25776	-3984.204	-4245.548	261.3439	2.038129	0.811507	0.188493	1.169149
25782	-3991.35	-4252.701	261.3513	1.99524	0.739206	0.260794	1.19993
25788	-3987.757	-4249.138	261.3809	1.965891	0.61557	0.38443	1.199663
25794	-3986.272	-4247.474	261.2019	1.965891	0.639074	0.360926	1.347147
25800	-3979.754	-4240.974	261.2197	1.992135	0.693394	0.306606	1.31185
25806	-3989.144	-4250.392	261.2483	2.015232	0.602436	0.397564	1.269621
25812	-3994.161	-4255.429	261.2674	2.022498	0.75476	0.24524	1.247808
25818	-3978.047	-4239.353	261.3059	2.022598	0.716488	0.283512	1.215256
25824	-3976.721	-4238.112	261.3911	2.048621	0.726122	0.273878	1.117951
25830	-3976.865	-4238.113	261.2482	2.009586	0.831576	0.168424	1.27435
25836	-3980.777	-4242.03	261.2525	2.005285	0.642034	0.357966	1.27435
25842	-3984.726	-4245.922	261.1957	2.005285	0.79363	0.20637	1.320632
25848	-3985.44	-4246.639	261.1989	2.025075	0.601303	0.398697	1.302048
25854	-3999.345	-4260.696	261.3512	2.165151	0.497637	0.502363	1.046714
25860	-3988.572	-4249.897	261.3258	2.082049	0.728702	0.271298	1.146454
25866	-3992.893	-4254.292	261.3987	2.040668	0.691953	0.308047	1.118263
25872	-3990.678	-4252.084	261.4065	2.202056	0.718307	0.281693	0.9545104
25878	-3999.162	-4260.548	261.3854	2.223094	0.65026	0.34974	0.9545104
25884	-3993.574	-4254.954	261.3796	2.256361	0.677215	0.322785	0.9251903
25890	-3986.001	-4247.377	261.3758	2.193417	0.677215	0.322785	0.9948417
25896	-4001.031	-4262.324	261.2935	2.255208	0.617734	0.382266	1.015233
25902	-3996.086	-4257.443	261.357	2.275093	0.652537	0.347463	0.9293306
25908	-3992.671	-4254.027	261.3568	2.269238	0.61856	0.38144	0.9358724
25914	-3999.283	-4260.576	261.2935	2.235614	0.673681	0.326319	1.034411
25920	-4003.1	-4264.478	261.3779	1.969079	0.714985	0.285015	1.199554
25926	-3992.871	-4254.245	261.3738	1.996048	0.765612	0.234388	1.17983
25932	-3993.113	-4254.37	261.2572	2.049865	0.741206	0.258794	1.233406
25938	-3997.367	-4258.645	261.2787	1.943871	0.698206	0.301794	1.303163
25944	-3989.372	-4250.492	261.1198	1.87374	0.722951	0.277049	1.481964
25950	-3998.738	-4259.88	261.1411	1.852387	0.612297	0.387703	1.481964
25956	-3997.549	-4258.53	260.9802	1.853001	0.744662	0.255338	1.600679
25962	-3988.004	-4249.129	261.1249	1.923048	0.747887	0.252113	1.440608
25968	-3981.77	-4242.833	261.0625	1.875673	0.74571	0.25429	1.523433
25974	-3986.805	-4247.643	260.8377	1.809095	0.668621	0.331379	1.733817
25980	-3980.181	-4241.303	261.1217	1.830932	0.643338	0.356662	1.512668
25986	-3982.773	-4243.705	260.9317	1.796065	0.789615	0.210385	1.676542
25992	-3990.203	-4251.128	260.925	1.855998	0.691103	0.308897	1.638407
25998	-3983.965	-4245.011	261.0459	1.834784	0.713138	0.286862	1.565971
26004	-3980.726	-4241.746	261.0201	1.86053	0.786849	0.213151	1.565971
26010	-3984.764	-4245.591	260.827	1.994228	0.701322	0.298678	1.60934
26016	-3985.602	-4246.551	260.9495	1.89755	0.701322	0.298678	1.590598
26022	-3974.581	-4235.741	261.1598	1.962275	0.749766	0.250234	1.38324
26028	-3996.449	-4257.654	261.2051	1.948878	0.678324	0.321676	1.358072
26034	-3993.192	-4254.272	261.0799	1.948878	0.667415	0.332585	1.455235
26040	-4001.361	-4262.539	261.1778	1.989031	0.627966	0.372034	1.347876
26046	-3995.563	-4256.744	261.1813	1.951228	0.647347	0.352653	1.37503
26052	-3972.67	-4233.692	261.0215	1.918198	0.683956	0.316044	1.522307
26058	-3975.308	-4236.393	261.0854	1.918198	0.675753	0.324247	1.474393
26064	-3995.515	-4256.542	261.0278	1.874503	0.567887	0.432113	1.550049
26070	-3991.722	-4252.894	261.172	1.915623	0.532535	0.467465	1.410081
26076	-3998.893	-4259.999	261.1064	1.924885	0.619437	0.380563	1.453354
26082	-3995.774	-4257.079	261.3046	1.908995	0.749812	0.250188	1.310415
26088	-3982.566	-4243.761	261.1947	1.902827	0.693677	0.306323	1.402377
26094	-3995.592	-4256.758	261.1664	2.223028	0.727128	0.272872	1.162679
26100	-4000.11	-4261.387	261.2768	2.208642	0.715712	0.284288	1.075914
26106	-3993.769	-4255.053	261.2837	2.083539	0.706204	0.293796	1.182033
26112	-3984.748	-4245.975	261.2267	2.024777	0.616163	0.383837	1.279542
26118	-3979.935	-4241.139	261.2034	2.019599	0.657795	0.342205	1.302818
26124	-3989.72	-4250.874	261.1547	2.068282	0.650976	0.349024	1.302818
26130	-3986.169	-4247.402	261.2331	2.056647	0.710149	0.289851	1.247921
26136	-3992.401	-4253.688	261.2872	2.002568	0.685555	0.314445	1.247921
26142	-3985.994	-4247.244	261.2507	2.079757	0.678274	0.321726	1.213586
26148	-3995.436	-4256.742	261.3062	2.024262	0.640843	0.359157	1.213586
26154	-3985.587	-4246.671	261.0838	2.024262	0.631203	0.368797	1.394195
26160	-3983.128	-4244.266	261.1383	2.063694	0.604722	0.395278	1.319741
26166	-4010.469	-4271.619	261.1491	2.052897	0.700726	0.299274	1.319741
26172	-3998.072	-4259.19	261.1181	2.09023	0.700726	0.299274	1.314667
26178	-4009.649	-4271.045	261.3959	2.112443	0.689307	0.310693	1.054278
26184	-4003.803	-4265.187	261.3842	2.218375	0.739178	0.260822	0.9607569
26190	-4003.565	-4264.886	261.3206	2.151751	0.732522	0.267478	1.088036
26196	-4000.705	-4262.041	261.336	2.151983	0.669176	0.330824	1.073501
26202	-3986.684	-4248.043	261.3583	2.184303	0.669176	0.330824	1.021234
26208	-3990.138	-4251.53	261.3923	2.150301	0.783912	0.216088	1.021234
26214	-3987.513	-4248.874	261.3613	2.179697	0.607214	0.392786	1.0228
26220	-3989.87	-4250.842	260.9717	1.915361	0.725938	0.274062	1.561288
26226	-4007.724	-4268.779	261.0545	2.093724	0.779255	0.220745	1.36266
26232	-4005.847	-4266.913	261.0667	1.912609	0.655806	0.344194	1.492678
26238	-3994.17	-4255.162	260.9918	1.78498	0.698414	0.301586	1.64142
26244	-3988.884	-4249.843	260.9587	1.75341	0.691433	0.308567	1.687633
26250	-3972.735	-4233.799	261.0643	1.785829	0.705381	0.294619	1.58835
26256	-3995.443	-4256.264	260.8207	1.782053	0.705381	0.294619	1.764628
26262	-3987.831	-4248.556	260.7242	1.760323	0.658317	0.341683	1.846387
26268	-3993.573	-4254.279	260.7058	1.702298	0.716265	0.283735	1.898509
26274	-3987.025	-4247.344	260.3191	1.664148	0.722503	0.277497	2.180123
26280	-3989.478	-4250.022	260.5446	1.664148	0.697056	0.302944	2.032208
26286	-3985.198	-4245.523	260.3254	1.61846	0.697056	0.302944	2.205622
26292	-3994.994	-4255.202	260.2076	1.623232	0.697056	0.302944	2.278387
26298	-3988.825	-4249.141	260.3159	1.685264	0.666363	0.333637	2.168494
26304	-3974.694	-4235.092	260.3977	1.675544	0.69016	0.30984	2.12148
26310	-3986.454	-4247.029	260.5755	1.61884	0.783317	0.216683	2.041763
26316	-3982.86	-4243.264	260.4038	1.678558	0.583388	0.416612	2.115503
26322	-3983.694	-4244.119	260.4245	1.680062	0.634183	0.365817	2.10096
26328	-3985.483	-4246.089	260.6058	1.764067	0.649448	0.350552	1.924419
26334	-3977.05	-4237.673	260.6225	1.747376	0.708394	0.291606	1.924419
26340	-3984.543	-4245.291	260.7479	1.821547	0.678385	0.321615	1.787837
26346	-3990.356	-4251.419	261.0633	1.857144	0.636905	0.363095	1.536645
26352	-3982.392	-4243.456	261.0633	1.857144	0.728542	0.271458	1.536645
26358	-3972.871	-4234.03	261.1587	1.864121	0.727254	0.272746	1.459805
26364	-3984.828	-4245.787	260.9593	1.806496	0.613508	0.386492	1.649356
26370	-3995.71	-4256.375	260.6643	1.74421	0.690197	0.309803	1.898229
26376	-3992.463	-4252.925	260.4612	1.641556	0.558373	0.441627	2.102129
26382	-4000.659	-4261.793	261.134	1.795226	0.687333	0.312667	1.530129
26388	-3996.517	-4257.554	261.0367	1.866348	0.687333	0.312667	1.549444
26394	-3997.753	-4258.375	260.6227	1.806615	0.684707	0.315293	1.884113
26400	-4003.051	-4263.88	260.8285	1.786603	0.61852	0.38148	1.756025
26406	-3988.197	-4249.021	260.8239	1.72925	0.711407	0.288593	1.799142
26412	-3983.785	-4244.638	260.8523	1.705367	0.692154	0.307846	1.795964
26418	-3986.254	-4246.947	260.6935	1.701324	0.689991	0.310009	1.907535
26424	-3983.619	-4244.025	260.4059	1.675438	0.683221	0.316779	2.116151
26430	-3977.62	-4238.039	260.4187	1.610454	0.668656	0.331344	2.150292
26436	-3966.757	-4227.137	260.3807	1.71494	0.675099	0.324901	2.106796
26442	-3970.405	-4231.025	260.6204	1.756621	0.675099	0.324901	1.919619
26448	-3981.158	-4241.783	260.6254	1.751569	0.628203	0.371797	1.919619
26454	-4004.079	-4264.646	260.5675	1.673458	0.521874	0.478126	2.010847
26460	-3991.336	-4252.015	260.6795	1.695752	0.732342	0.267658	1.920787
26466	-3997.65	-4258.564	260.9143	1.837119	0.590698	0.409302	1.659648
26472	-3986.713	-4247.665	260.9516	1.846706	0.731598	0.268402	1.625957
26478	-3986.541	-4247.718	261.1771	1.847309	0.728721	0.271279	1.458576
26484	-3978.677	-4239.792	261.1152	1.989455	0.67055	0.32945	1.396794
26490	-3980.692	-4241.901	261.2094	2.037342	0.66375	0.33625	1.28342
26496	-3976.019	-4237.223	261.2044	1.90305	0.706357	0.293643	1.394664
26502	-3982.493	-4243.581	261.0879	1.983786	0.625645	0.374355	1.42239
26508	-3984.267	-4245.626	261.3595	2.096944	0.72851	0.27149	1.102738
26514	-3997.873	-4259.245	261.3712	2.162601	0.675101	0.324899	1.029818
26520	-3994.74	-4256.182	261.4416	2.152818	0.673917	0.326083	0.9692274
26526	-3978.366	-4239.688	261.3226	1.99446	0.615742	0.384258	1.224973
26532	-3995.685	-4256.969	261.2846	2.145137	0.781697	0.218303	1.126945
26538	-4010.182	-4271.588	261.4056	2.144097	0.715671	0.284329	1.014333
26544	-4000.356	-4261.61	261.2541	2.148632	0.701562	0.298438	1.150975
26550	-3999.055	-4260.398	261.3428	2.148632	0.766146	0.233854	1.070268
26556	-3984.261	-4245.643	261.3829	2.170209	0.665051	0.334949	1.01096
26562	-3984.003	-4245.33	261.3272	2.2118	0.665051	0.334949	1.024779
26568	-3996.26	-4257.529	261.2687	2.206109	0.698308	0.301692	1.085795
26574	-3995.854	-4257.158	261.3039	2.191116	0.682123	0.317877	1.066916
26580	-4004.129	-4265.343	261.2132	1.989444	0.705539	0.294461	1.319218
26586	-4009.256	-4270.506	261.25	2.063043	0.740056	0.259944	1.228385
26592	-3999.752	-4261.142	261.3902	2.17299	0.632916	0.367084	1.000869
26598	-4013.1	-4274.569	261.4693	2.17299	0.734942	0.265058	0.9182436
26604	-3997.354	-4258.683	261.3281	2.170173	0.638097	0.361903	1.06383
26610	-3983.476	-4244.873	261.3972	2.154176	0.625697	0.374303	1.012671
26616	-3982.389	-4243.785	261.396	2.126247	0.755561	0.244439	1.040991
26622	-4001.575	-4262.654	261.0793	1.989953	0.639803	0.360197	1.424211
26628	-3978.875	-4239.859	260.9836	2.004185	0.733646	0.266354	1.486333
26634	-3987.278	-4248.492	261.2145	1.933224	0.716705	0.283295	1.363051
26640	-3996.579	-4257.908	261.3283	2.016334	0.6978	0.3022	1.201509
26646	-3980.854	-4242.147	261.2936	2.027116	0.659153	0.340847	1.221918
26652	-3986.039	-4247.279	261.2404	1.941794	0.723205	0.276795	1.33565
26658	-3969.734	-4230.72	260.9857	1.946894	0.668738	0.331262	1.527576
26664	-3974.354	-4235.34	260.9857	1.946894	0.767212	0.232788	1.527576
26670	-3978.408	-4239.636	261.2282	1.963826	0.705941	0.294059	1.327806
26676	-3978.078	-4239.161	261.0838	2.112554	0.598659	0.401341	1.324323
26682	-3979.417	-4240.693	261.2766	2.107846	0.586967	0.413033	1.167084
26688	-3990.101	-4251.259	261.1575	2.01656	0.784864	0.215136	1.342112
26694	-3984.075	-4245.43	261.355	2.170085	0.638539	0.361461	1.038294
26700	-3977.253	-4238.633	261.38	2.206416	0.704185	0.295815	0.9773829
26706	-3977.969	-4239.37	261.4011	2.256587	0.686197	0.313803	0.9011838
26712	-4003.39	-4264.704	261.3136	2.351909	0.620324	0.379676	0.8923598
26718	-3989.645	-4251.118	261.473	2.277545	0.730482	0.269518	0.7869733
26724	-4000.916	-4262.198	261.2826	1.994549	0.693385	0.306615	1.258368
26730	-3989.194	-4250.383	261.1887	1.991926	0.703273	0.296727	1.336947
26736	-3988.235	-4249.385	261.1501	2.030518	0.712493	0.287507	1.336947
26742	-3988.176	-4249.601	261.4243	2.373422	0.640253	0.359747	0.7165184
26748	-3999.569	-4260.97	261.4004	2.423316	0.676967	0.323033	0.669779
26754	-3980.482	-4241.581	261.0999	1.88446	0.720203	0.279797	1.488855
26760	-3980.46	-4241.559	261.099	1.885587	0.746531	0.253469	1.488722
26766	-3985.155	-4246.273	261.1175	1.867058	0.682446	0.317554	1.488722
26772	-4003.069	-4264.38	261.3103	2.279736	0.59267	0.40733	0.9736602
26778	-4000.875	-4262.231	261.3562	2.279736	0.641779	0.358221	0.9252293
26784	-4009.761	-4270.983	261.2214	1.958858	0.625994	0.374006	1.337233
26790	-4006.836	-4267.687	260.8514	1.780813	0.650676	0.349324	1.744059
26796	-4007.622	-4267.573	259.9519	1.690558	0.59545	0.40455	2.398157
26802	-3998.819	-4259.277	260.4574	1.75265	0.619121	0.380879	2.03139
26808	-3991.04	-4251.653	260.6131	1.62967	0.619121	0.380879	2.009622
26814	-3994.5	-4254.906	260.406	1.628543	0.604912	0.395088	2.146769
26820	-4016.936	-4278.204	261.2679	2.137855	0.535709	0.464291	1.148341
26826	-3993.176	-4254.511	261.3351	2.255652	0.673508	0.326492	0.9729727
26832	-4007.549	-4268.957	261.4082	2.264393	0.607431	0.392569	0.8841783
26838	-3984.955	-4246.427	261.4727	2.287517	0.755313	0.244687	0.7735201
26844	-3998.768	-4260.217	261.4484	2.330626	0.685562	0.314438	0.7460314
26850	-4005.74	-4267.113	261.3733	2.027251	0.698105	0.301895	1.152928
26856	-4001.742	-4262.984	261.2423	1.985402	0.636615	0.363385	1.299008
26862	-3995.693	-4257.092	261.3988	2.359724	0.742468	0.257532	0.7759171
26868	-3994.398	-4255.845	261.4471	2.311464	0.737247	0.262753	0.7759171
26874	-3996.839	-4258.277	261.4374	2.311464	0.676178	0.323822	0.7893843
26880	-3985.164	-4246.605	261.4411	2.259508	0.666213	0.333787	0.8511337
26886	-3981.952	-4243.381	261.4294	2.300571	0.653579	0.346421	0.8144644
26892	-3999.795	-4261.138	261.3424	2.109367	0.649423	0.350577	1.107008
26898	-3985.926	-4247.172	261.2461	2.004992	0.70888	0.29112	1.279894
26904	-3990.054	-4251.141	261.0868	1.928949	0.641764	0.358236	1.465124
26910	-3990.284	-4251.362	261.0778	1.847924	0.699507	0.300493	1.532686
26916	-4001.891	-4263.031	261.1408	1.801057	0.59426	0.40574	1.520669
26922	-3995.882	-4257.229	261.3467	2.065762	0.682747	0.317253	1.142354
26928	-3991.56	-4252.931	261.3713	2.070415	0.635305	0.364695	1.116087
26934	-3989.941	-4250.69	260.7491	1.686961	0.697009	0.302991	1.879545
26940	-3979.346	-4240.01	260.6643	1.771779	0.740229	0.259771	1.879545
26946	-3992.244	-4253.417	261.1728	1.91609	0.717369	0.282631	1.409083
26952	-3970.638	-4231.887	261.2485	1.91609	0.703396	0.296604	1.349662
26958	-4000.123	-4261.407	261.284	1.885951	0.759441	0.240559	1.345419
26964	-4004.786	-4265.845	261.0588	1.819574	0.665851	0.334149	1.567622
26970	-4005.684	-4266.758	261.0738	1.817028	0.70064	0.29936	1.558481
26976	-3992.774	-4253.684	260.9104	1.817028	0.7746	0.2254	1.676753
26982	-4009.333	-4270.348	261.0142	1.933682	0.754543	0.245457	1.516192
26988	-4003.801	-4264.688	260.8875	1.855621	0.755619	0.244381	1.665549
26994	-3987.41	-4248.226	260.8157	1.788447	0.747313	0.252687	1.763656
27000	-3993.056	-4253.759	260.7039	1.780024	0.790591	0.209409	1.846823
27006	-4000.517	-4261.501	260.9836	1.960685	0.718642	0.281358	1.518877
27012	-4002.409	-4262.388	259.9791	1.499389	0.612025	0.387975	2.50121
27018	-3998.652	-4258.444	259.7926	1.651736	0.645463	0.354537	2.522523
27024	-4008.471	-4269.5	261.0288	1.84044	0.745542	0.254458	1.574373
27030	-4003.363	-4264.578	261.2151	1.961622	0.647774	0.352226	1.339993
27036	-3997.923	-4259.145	261.2229	1.943279	0.711201	0.288799	1.348411
27042	-3997.709	-4258.925	261.2165	1.960191	0.614021	0.385979	1.34006
27048	-4005.374	-4266.536	261.162	1.949429	0.683469	0.316531	1.391572
27054	-4007.373	-4268.415	261.042	1.923213	0.634886	0.365114	1.50323
27060	-4003.419	-4264.476	261.0564	1.921248	0.73195	0.26805	1.49392
27066	-3998.825	-4259.936	261.1111	1.957861	0.73195	0.26805	1.424472
27072	-3992.932	-4254.108	261.1759	1.99469	0.750131	0.249869	1.344888
27078	-4000.696	-4261.723	261.0268	2.106814	0.712186	0.287814	1.374197
27084	-3999.707	-4260.86	261.1526	2.006531	0.680666	0.319334	1.353986
27090	-4001.251	-4262.392	261.1405	1.98713	0.722709	0.277291	1.378881
27096	-4005.942	-4267.273	261.3309	2.064404	0.688588	0.311412	1.157565
27102	-3996.485	-4257.634	261.1491	1.988753	0.748642	0.251358	1.370834
27108	-3986.488	-4247.627	261.1394	2.023945	0.748642	0.251358	1.35064
27114	-3993.288	-4254.732	261.4439	2.031281	0.748642	0.251358	1.085441
27120	-3992.688	-4254.135	261.4476	2.025679	0.690526	0.309474	1.087241
27126	-4000.625	-4261.837	261.2121	1.937367	0.663628	0.336372	1.361684
27132	-3996.335	-4257.752	261.417	2.104738	0.656593	0.343407	1.041496
27138	-3980.284	-4241.598	261.3147	2.079358	0.709781	0.290219	1.158654
27144	-3994.051	-4255.406	261.3546	2.058811	0.729772	0.270228	1.141493
27150	-3987.709	-4249.012	261.3027	2.119719	0.709636	0.290364	1.13345
27156	-3987.401	-4248.747	261.3462	2.137906	0.658121	0.341879	1.077194
27162	-3986.193	-4247.453	261.2606	1.960085	0.6775	0.3225	1.30472
27168	-4008.425	-4269.538	261.1133	1.929311	0.6775	0.3225	1.444678
27174	-3984.025	-4245.19	261.1659	1.996338	0.6775	0.3225	1.351592
27180	-3989.744	-4251.019	261.2746	2.060557	0.672269	0.327731	1.209613
27186	-3986.772	-4248.01	261.2385	2.199404	0.722794	0.277206	1.119541
27192	-3986.994	-4248.444	261.4501	2.199404	0.713776	0.286224	0.9103176
27198	-3992.534	-4253.858	261.324	2.176375	0.650602	0.349398	1.061875
27204	-3982.717	-4244.15	261.4328	2.234436	0.615277	0.384723	0.890352
27210	-4005.465	-4266.883	261.4185	2.215678	0.593789	0.406211	0.927119
27216	-3993.088	-4254.555	261.4667	2.167501	0.685136	0.314864	0.927119
27222	-4006.051	-4267.504	261.453	2.145409	0.632436	0.367564	0.9650338
27228	-4012.093	-4273.599	261.5064	2.101549	0.696624	0.303376	0.9550548
27234	-4000.075	-4261.159	261.0835	1.911701	0.691004	0.308996	1.480686
27240	-3988.275	-4249.4	261.1245	1.82914	0.691004	0.308996	1.511938
27246	-3982.5	-4243.696	261.1964	1.924906	0.686655	0.313345	1.383851
27252	-3984.327	-4245.2	260.8737	1.820229	0.762095	0.237905	1.700544
27258	-3991.88	-4252.8	260.9194	1.774505	0.728468	0.271532	1.700544
27264	-3990.312	-4250.803	260.4908	1.743327	0.714663	0.285337	2.015401
27270	-3971.576	-4232.531	260.9545	1.747794	0.714663	0.285337	1.69465
27276	-3982.381	-4243.298	260.9176	1.759681	0.621679	0.378321	1.712351
27282	-3981.742	-4242.891	261.1488	1.896337	0.683397	0.316603	1.442767
27288	-3974.416	-4235.75	261.3342	1.987389	0.683397	0.316603	1.221107
27294	-4013.578	-4274.387	260.8085	1.818219	0.69608	0.30392	1.747882
27300	-3992.518	-4253.687	261.1689	1.818219	0.671388	0.328612	1.486764
27306	-3982.939	-4244.25	261.3112	1.894037	0.747329	0.252671	1.317175
27312	-3976.573	-4237.773	261.1998	1.97861	0.610561	0.389439	1.338722
27318	-3975.852	-4237.15	261.2989	1.996482	0.670101	0.329899	1.243227
27324	-3986.63	-4247.936	261.3062	2.044621	0.690135	0.309865	1.196194
27330	-4002.055	-4263.339	261.2841	2.01606	0.598389	0.401611	1.239164
27336	-3993.167	-4254.451	261.284	1.996335	0.580323	0.419677	1.255752
27342	-3986.184	-4247.498	261.3138	1.966493	0.681381	0.318619	1.255752
27348	-3992.269	-4253.628	261.3589	1.993798	0.630099	0.369901	1.194619
27354	-4002.49	-4263.661	261.1713	1.927837	0.706873	0.293127	1.401099
27360	-4005.909	-4267.129	261.2202	1.927837	0.621845	0.378155	1.362764
27366	-4005.269	-4266.708	261.4396	1.956405	0.815604	0.184396	1.156898
27372	-3987.632	-4248.964	261.3321	1.94866	0.742476	0.257524	1.255365
27378	-3992.084	-4253.373	261.2892	2.121034	0.665712	0.334288	1.144348
27384	-4000.272	-4261.558	261.2863	1.97561	0.626233	0.373767	1.271019
27390	-3993.765	-4254.973	261.2081	2.036207	0.703639	0.296361	1.28545
27396	-3981.617	-4242.803	261.1858	2.003484	0.753174	0.246826	1.330013
27402	-3980.803	-4242.03	261.2268	2.007917	0.753174	0.246826	1.293291
27408	-3971.533	-4232.838	261.3053	2.042643	0.704317	0.295683	1.198678
27414	-3976.071	-4237.474	261.4035	2.125594	0.682141	0.317859	1.034385
27420	-3981.602	-4243.025	261.423	2.089205	0.746596	0.253404	1.05068
27426	-3989.256	-4250.637	261.3812	2.192267	0.746596	0.253404	0.9906245
27432	-3992.43	-4253.898	261.468	2.155838	0.735567	0.264433	0.9382575
27438	-3985.962	-4247.442	261.4808	2.226373	0.591383	0.408617	0.8431391
27444	-4011.663	-4273.131	261.4683	2.231093	0.719605	0.280395	0.8526021
27450	-4006.477	-4267.942	261.4649	2.220265	0.654362	0.345638	0.8695662
27456	-4003.018	-4264.483	261.4649	2.220265	0.757462	0.242538	0.8695662
27462	-4016.475	-4277.872	261.3969	2.201809	0.742778	0.257222	0.9647794
27468	-4015.59	-4276.967	261.3771	2.210634	0.742778	0.257222	0.9760582
27474	-3996.857	-4258.219	261.3624	2.168334	0.729664	0.270336	1.032858
27480	-3995.724	-4257.045	261.3214	2.147939	0.744651	0.255349	1.090864
27486	-4005.499	-4266.872	261.3734	2.208389	0.645025	0.354975	0.9820928
27492	-3997.144	-4258.241	261.0976	1.827252	0.683458	0.316542	1.53331
27498	-4001.73	-4262.681	260.9509	1.827252	0.669953	0.330047	1.640491
27504	-4013.971	-4274.738	260.7676	1.80026	0.613217	0.386783	1.788942
27510	-4013.46	-4274.768	261.3076	2.063347	0.643029	0.356971	1.178815
27516	-4001.918	-4263.18	261.2616	2.109352	0.643029	0.356971	1.178815
27522	-3990.774	-4251.866	261.0924	1.96675	0.628656	0.371344	1.432038
27528	-3989.74	-4250.881	261.1408	1.958658	0.763509	0.236491	1.400853
27534	-3987.398	-4248.662	261.2645	2.077177	0.653975	0.346025	1.204074
27540	-3984.301	-4245.518	261.2174	2.037991	0.690755	0.309245	1.276375
27546	-3982.27	-4243.523	261.2532	2.038511	0.690755	0.309245	1.24625
27552	-3992.599	-4253.852	261.2532	2.038511	0.690755	0.309245	1.24625
27558	-3991.498	-4252.724	261.2266	2.023463	0.749951	0.250049	1.280692
27564	-3996.884	-4258.126	261.2416	2.023463	0.741281	0.258719	1.268351
27570	-4007.782	-4268.584	260.8019	1.785746	0.716267	0.283733	1.775173
27576	-3986.136	-4247.096	260.96	1.822253	0.603071	0.396929	1.637518
27582	-3992.493	-4253.903	261.4096	2.009932	0.579567	0.420433	1.136041
27588	-4014.92	-4276.225	261.3051	1.908138	0.682299	0.317701	1.310747
27594	-3999.757	-4260.345	260.588	1.597596	0.647067	0.352933	2.047592
27600	-3997.695	-4258.114	260.4193	1.676061	0.657954	0.342046	2.106996
27606	-3999.608	-4259.958	260.3493	1.660168	0.71483	0.28517	2.163086
27612	-3992.979	-4254.064	261.0845	1.88032	0.663926	0.336074	1.50354
27618	-3999.689	-4260.743	261.0539	1.927635	0.664295	0.335705	1.491018
27624	-3989.13	-4250.259	261.1291	1.852413	0.737449	0.262551	1.491018
27630	-3981.067	-4242.068	261.0008	1.777739	0.737449	0.262551	1.640193
27636	-3986.921	-4247.808	260.8867	1.891788	0.68245	0.31755	1.640193
27642	-4001.206	-4262.357	261.1511	1.887374	0.720439	0.279561	1.447819
27648	-4007.079	-4268.152	261.0725	1.966048	0.82296	0.17704	1.447819
27654	-3989.713	-4251.008	261.2949	2.088019	0.736975	0.263025	1.168364
27660	-3985.611	-4247.033	261.422	2.143	0.736975	0.263025	0.9990484
27666	-3978.678	-4239.909	261.2309	1.951016	0.725588	0.274412	1.33588
27672	-3975.321	-4236.577	261.2556	1.971475	0.692024	0.307976	1.299459
27678	-3975.402	-4236.657	261.2556	1.971475	0.726316	0.273684	1.299459
27684	-3985.415	-4246.718	261.3026	2.008389	0.716722	0.283278	1.230056
27690	-3990.118	-4251.644	261.5263	2.008389	0.707789	0.292211	1.028988
27696	-3988.709	-4250.015	261.3062	2.025685	0.536233	0.463767	1.212372
27702	-3990.685	-4252.021	261.3357	1.996226	0.542504	0.457496	1.212372
27708	-3989.733	-4250.994	261.2608	1.993297	0.716611	0.283389	1.277387
27714	-3978.981	-4240.31	261.3289	2.038348	0.72025	0.27975	1.182036
27720	-3996.294	-4257.609	261.3157	2.051585	0.72025	0.27975	1.182036
27726	-3996.024	-4257.51	261.4864	2.036474	0.644493	0.355507	1.040438
27732	-3987.967	-4249.324	261.3567	2.071702	0.698424	0.301576	1.128083
27738	-3978.444	-4239.834	261.3901	1.978828	0.65819	0.34181	1.180617
27744	-3971.191	-4232.525	261.3338	2.050107	0.65819	0.34181	1.16756
27750	-3979.585	-4240.827	261.2423	2.013075	0.733351	0.266649	1.276365
27756	-3995.159	-4256.375	261.2157	2.039713	0.583349	0.416651	1.276365
27762	-3980.094	-4241.396	261.3025	2.060033	0.818905	0.181095	1.186114
27768	-3983.222	-4244.546	261.3241	2.013339	0.670391	0.329609	1.20764
27774	-4007.415	-4268.708	261.2931	2.036783	0.607623	0.392377	1.214097
27780	-3989.522	-4250.864	261.3417	2.092821	0.711224	0.288776	1.122639
27786	-3977.998	-4239.358	261.3609	2.086759	0.637542	0.362458	1.110759
27792	-3977.9	-4239.293	261.3932	2.10628	0.643749	0.356251	1.062722
27798	-3977.676	-4238.967	261.2908	2.060444	0.65469	0.34531	1.195869
27804	-3983.483	-4244.887	261.4042	2.037251	0.65469	0.34531	1.116321
27810	-3983.784	-4245.141	261.3568	2.013004	0.706136	0.293864	1.17983
27816	-3995.703	-4256.909	261.2064	2.002539	0.624612	0.375388	1.314163
27822	-4002.873	-4263.688	260.8154	1.951367	0.725745	0.274255	1.648666
27828	-3986.543	-4246.997	260.4538	1.785435	0.720588	0.279412	2.011999
27834	-3981.679	-4242.183	260.5037	1.735528	0.681567	0.318433	2.011999
27840	-3990.327	-4251.355	261.0282	1.980742	0.685983	0.314017	1.470329
27846	-3981.334	-4242.505	261.1712	1.923478	0.685983	0.314017	1.404599
27852	-3991.484	-4252.23	260.7463	1.834245	0.697101	0.302899	1.780107
27858	-3988.339	-4249.409	261.0692	1.82893	0.632628	0.367372	1.553102
27864	-3985.177	-4246.063	260.886	1.833493	0.760009	0.239991	1.68242
27870	-3989.376	-4250.172	260.7962	1.782118	0.584024	0.415976	1.781636
27876	-3988.049	-4249.205	261.1558	1.882239	0.710453	0.289547	1.448163
27882	-3988.041	-4249.183	261.1418	1.896281	0.757121	0.242879	1.448163
27888	-3986.815	-4248.066	261.2518	1.867362	0.797987	0.202013	1.385452
27894	-3982.581	-4243.8	261.2189	1.9572	0.707098	0.292902	1.340538
27900	-3970.327	-4231.542	261.215	1.980255	0.734725	0.265275	1.325182
27906	-3978.975	-4240.36	261.3846	2.074252	0.786594	0.213406	1.100536
27912	-3988.477	-4249.81	261.3325	2.101345	0.7013	0.2987	1.123253
27918	-3984.601	-4245.931	261.33	2.190819	0.668202	0.331798	1.042422
27924	-3992.634	-4253.957	261.3234	2.105374	0.668202	0.331798	1.127818
27930	-3988.854	-4249.842	260.9887	1.920211	0.718193	0.281807	1.545135
27936	-3983.428	-4244.532	261.1037	2.034588	0.681022	0.318978	1.370504
27942	-3986.954	-4248.11	261.1559	2.116407	0.626517	0.373483	1.2624
27948	-4004.434	-4265.703	261.2687	2.116191	0.635846	0.364154	1.166675
27954	-3995.358	-4256.698	261.3397	2.127338	0.716338	0.283662	1.092949
27960	-3981.363	-4242.718	261.3552	2.112841	0.594517	0.405483	1.092046
27966	-3991.933	-4253.288	261.3552	2.112841	0.712364	0.287636	1.092046
27972	-3989.808	-4251.305	261.497	2.104832	0.712364	0.287636	0.9614754
27978	-3990.282	-4251.7	261.4185	2.167055	0.712364	0.287636	0.9783432
27984	-3976.052	-4237.471	261.4194	2.148365	0.583342	0.416658	0.9963653
27990	-3990.498	-4251.901	261.4036	2.118443	0.662418	0.337582	1.041242
27996	-3996.032	-4257.486	261.454	2.129414	0.624226	0.375774	0.9805117
28002	-4000.648	-4262.064	261.4157	2.167655	0.624226	0.375774	0.9805117
28008	-3986.749	-4248.032	261.2826	2.214695	0.757245	0.242755	1.064752
28014	-4003.011	-4264.387	261.3754	2.300019	0.716105	0.283895	0.8809159
28020	-3991.674	-4253.136	261.4614	2.264968	0.716105	0.283895	0.8190929
28026	-3984.436	-4245.884	261.4477	2.203436	0.694257	0.305743	0.9085441
28032	-3982.513	-4243.878	261.3649	2.184216	0.646862	0.353138	1.014884
28038	-3988.423	-4249.757	261.3343	2.174608	0.646862	0.353138	1.053744
28044	-3984.128	-4245.443	261.3147	2.105407	0.691264	0.308736	1.135555
28050	-4002.484	-4263.543	261.0594	1.767218	0.68905	0.31095	1.605463
28056	-4011.489	-4272.481	260.9917	1.850418	0.735267	0.264733	1.594143
28062	-4005.198	-4266.522	261.3243	2.176761	0.700563	0.299437	1.061241
28068	-3983.853	-4245.147	261.2934	2.207684	0.672556	0.327444	1.061241
28074	-3989.492	-4250.858	261.3662	2.130771	0.672556	0.327444	1.065084
28080	-3992.874	-4254.215	261.3408	2.030767	0.690819	0.309181	1.178285
28086	-3994.151	-4255.475	261.3239	2.030767	0.700544	0.299456	1.192922
28092	-4004.261	-4265.652	261.3911	2.303506	0.568082	0.431918	0.8583441
28098	-3998.119	-4259.533	261.4138	2.280856	0.568082	0.431918	0.8583441
28104	-3991.16	-4252.528	261.368	2.270388	0.743574	0.256426	0.9225818
28110	-3992.279	-4253.694	261.4145	2.227783	0.73927	0.26073	0.9182406
28116	-3991.66	-4253.045	261.3848	2.20444	0.71112	0.28888	0.9744781
28122	-3988.98	-4250.308	261.3278	2.247179	0.71256	0.28744	0.9890247
28128	-3987.404	-4248.792	261.3881	2.19345	0.633045	0.366955	0.9824088
28134	-4004.156	-4265.569	261.4135	2.168017	0.674253	0.325747	0.9824088
28140	-3978.555	-4239.984	261.4284	2.228053	0.68302	0.31698	0.9026101
28146	-3982.142	-4243.579	261.4378	2.228053	0.68302	0.31698	0.8919315
28152	-4005.043	-4266.474	261.4316	2.283598	0.66576	0.33424	0.8332485
28158	-4011.413	-4272.736	261.3228	2.357351	0.711997	0.288003	0.8754882
28164	-3990.892	-4252.316	261.4231	1.872516	0.59474	0.40526	1.242989
28170	-3982.924	-4244.324	261.3998	2.011476	0.59474	0.40526	1.143396
28176	-3992.313	-4253.746	261.433	1.978302	0.694242	0.305758	1.143396
28182	-3992.992	-4254.312	261.3197	1.996434	0.743869	0.256131	1.225725
28188	-3994.012	-4255.415	261.4025	2.059852	0.771829	0.228171	1.097261
28194	-3995.545	-4256.875	261.3306	1.986228	0.771829	0.228171	1.22515
28200	-3994.167	-4255.497	261.3295	1.903154	0.575208	0.424792	1.294928
28206	-4002.107	-4263.402	261.2949	1.937835	0.629369	0.370631	1.294928
28212	-4012.151	-4273.457	261.3052	2.054352	0.719445	0.280555	1.188655
28218	-4006.146	-4267.521	261.3749	1.944355	0.686004	0.313996	1.22314
28224	-4014.033	-4275.271	261.2381	1.950028	0.689384	0.310616	1.330921
28230	-3990.927	-4252.274	261.3471	2.012584	0.602854	0.397146	1.188562
28236	-3983.217	-4244.509	261.2917	2.024384	0.725488	0.274512	1.225805
28242	-3996.639	-4257.979	261.3396	1.976521	0.608289	0.391711	1.225805
28248	-3997.776	-4259.023	261.2473	1.999121	0.613204	0.386796	1.283718
28254	-3997.37	-4258.702	261.3325	1.962969	0.692074	0.307926	1.243086
28260	-4009.129	-4269.75	260.6217	1.641931	0.706676	0.293324	1.995762
28266	-4007.652	-4268.147	260.4951	1.710655	0.756497	0.243503	2.034216
28272	-3983.036	-4243.86	260.8247	1.715823	0.679698	0.320302	1.807873
28278	-3985.815	-4246.411	260.5958	1.772382	0.697269	0.302731	1.925593
28284	-3989.43	-4249.938	260.5081	1.700065	0.654714	0.345286	2.032645
28290	-3992.442	-4253.006	260.5635	1.678207	0.724197	0.275803	2.010327
28296	-3997.132	-4257.749	260.6168	1.647749	0.757784	0.242216	1.995155
28302	-4003.783	-4264.843	261.0594	1.843723	0.760049	0.239951	1.549453
28308	-3993.579	-4254.82	261.2411	1.924444	0.630273	0.369727	1.348944
28314	-3993.279	-4254.45	261.1709	1.980717	0.731387	0.268613	1.359981
28320	-3997.694	-4259.214	261.5201	2.145544	0.63807	0.36193	0.8922269
28326	-3997.556	-4258.969	261.4131	2.252533	0.731843	0.268157	0.8922269
28332	-3985.588	-4247.025	261.4377	2.240476	0.731843	0.268157	0.8777662
28338	-3993.059	-4254.467	261.4072	2.270999	0.607639	0.392361	0.8777662
28344	-3984.382	-4245.856	261.4738	2.27799	0.662834	0.337166	0.7852766
28350	-4000.631	-4262.076	261.4455	2.260976	0.662834	0.337166	0.8440709
28356	-3992.919	-4254.39	261.4712	2.206022	0.673464	0.326536	0.8789283
28362	-3994.473	-4256	261.5267	2.200693	0.654896	0.345104	0.8177298
28368	-3991.677	-4253.102	261.4252	2.291115	0.757049	0.242951	0.8318285
28374	-3985.443	-4246.842	261.3983	2.348394	0.76114	0.23886	0.7922301
28380	-3986.001	-4247.451	261.4502	2.330758	0.76114	0.23886	0.7431688
28386	-3995.188	-4256.61	261.4216	2.301638	0.80457	0.19543	0.8230234
28392	-3983.112	-4244.56	261.4484	2.246814	0.685141	0.314859	0.8577
28398	-3976.7	-4238.127	261.4268	2.265293	0.636438	0.363562	0.8613566
28404	-4001.261	-4262.817	261.556	2.127163	0.656767	0.343233	0.8719893
28410	-3989.856	-4251.35	261.4942	2.127163	0.689044	0.310956	0.9409329
28416	-3993.061	-4254.465	261.4044	2.141096	0.618862	0.381138	1.018387
28422	-3985.957	-4247.338	261.3811	2.164458	0.621912	0.378088	1.018387
28428	-3990.914	-4252.337	261.4232	2.164458	0.730885	0.269115	0.9761499
28434	-3989.435	-4250.898	261.4635	2.20867	0.668653	0.331347	0.8846801
28440	-4005.036	-4265.282	260.2464	1.661176	0.75501	0.24499	2.229047
28446	-3988.699	-4249.389	260.69	1.665349	0.75501	0.24499	1.934233
28452	-3982.059	-4242.436	260.3771	1.75362	0.757322	0.242678	2.083751
28458	-3995.292	-4255.411	260.1192	1.700215	0.595905	0.404095	2.285667
28464	-3987.584	-4247.851	260.2673	1.576154	0.774527	0.225473	2.270286
28470	-3995.844	-4257.151	261.307	2.059838	0.703974	0.296026	1.182389
28476	-3996.798	-4258.101	261.3035	2.006794	0.559172	0.440828	1.230669
28482	-4005.497	-4265.559	260.0616	1.64378	0.723976	0.276024	2.358352
28488	-4001.334	-4260.875	259.5405	1.625878	0.750431	0.249569	2.694436
28494	-3991.958	-4253.366	261.4076	2.158668	0.63369	0.36631	0.9978243
28500	-3997.056	-4258.496	261.4402	2.145195	0.742322	0.257678	0.9784805
28506	-3999.472	-4260.797	261.3256	2.011918	0.785492	0.214508	1.207611
28512	-3984.879	-4246.353	261.4735	2.045443	0.532638	0.467362	1.044172
28518	-3991.014	-4252.453	261.4389	2.217349	0.689372	0.310628	0.9027554
28524	-4002.11	-4263.545	261.4348	2.217349	0.619072	0.380928	0.907416
28530	-4002.391	-4263.418	261.0274	1.87578	0.654176	0.345824	1.549405
28536	-3985.13	-4245.975	260.8448	1.803099	0.723736	0.276264	1.733027
28542	-3990.739	-4252.043	261.3038	2.087892	0.80269	0.19731	1.160709
28548	-3984.058	-4245.215	261.1578	1.945893	0.680769	0.319231	1.397554
28554	-3984.897	-4246.156	261.2587	1.954891	0.652415	0.347585	1.310418
28560	-3994.487	-4255.592	261.1051	1.958128	0.735083	0.264917	1.428902
28566	-3986.383	-4247.733	261.3497	1.987686	0.682353	0.317647	1.207725
28572	-3985.251	-4246.577	261.3265	2.015757	0.732646	0.267354	1.203598
28578	-3988.535	-4249.746	261.2115	2.015757	0.638219	0.361781	1.299312
28584	-4015.12	-4276.324	261.2039	1.966131	0.72385	0.27615	1.345351
28590	-3993.244	-4254.315	261.0711	1.931207	0.684026	0.315974	1.475359
28596	-3986.644	-4247.687	261.0434	1.933393	0.684026	0.315974	1.494559
28602	-3981.837	-4243.017	261.1801	1.957656	0.673626	0.326374	1.37091
28608	-3990.557	-4251.78	261.223	1.970015	0.63652	0.36348	1.327012
28614	-3998.98	-4260.101	261.1218	2.052938	0.749975	0.250025	1.34159
28620	-4003.766	-4264.285	260.5193	1.746612	0.720585	0.279415	1.994182
28626	-3998.379	-4259.192	260.8126	1.727973	0.695191	0.304809	1.807829
28632	-3981.44	-4242.261	260.8205	1.737951	0.662665	0.337335	1.795469
28638	-3995.983	-4256.581	260.5985	1.75752	0.734494	0.265506	1.93375
28644	-3985.255	-4245.437	260.1818	1.577974	0.725033	0.274967	2.323765
28650	-3991.508	-4251.715	260.207	1.663263	0.69371	0.30629	2.253074
28656	-3989.751	-4250.59	260.8393	1.770515	0.64714	0.35286	1.759702
28662	-3997.993	-4259.262	261.2694	2.064163	0.748484	0.251516	1.210945
28668	-3982.494	-4243.799	261.3053	2.099717	0.748484	0.251516	1.149006
28674	-3981.273	-4242.668	261.3945	2.007946	0.59576	0.40424	1.151266
28680	-3978.323	-4239.533	261.2104	2.007946	0.695812	0.304188	1.306559
28686	-3977.797	-4239.126	261.3293	2.013506	0.676911	0.323089	1.203046
28692	-3981.671	-4243.053	261.3818	2.066122	0.720601	0.279399	1.110492
28698	-3992.853	-4254.209	261.3552	2.07567	0.776708	0.223292	1.125912
28704	-3992.016	-4253.475	261.4597	2.200325	0.692288	0.307712	0.8984894
28710	-3997.195	-4258.644	261.4488	2.120284	0.67287	0.32713	0.9949815
28716	-3991.876	-4253.241	261.3652	2.193519	0.736823	0.263177	1.005321
28722	-3993.668	-4255.105	261.4373	2.215841	0.584861	0.415139	0.9062313
28728	-3988.975	-4250.351	261.3762	2.106336	0.60226	0.39774	1.078614
28734	-3992.182	-4253.572	261.39	2.065736	0.699725	0.300275	1.103356
28740	-3996.486	-4257.923	261.4363	2.065736	0.765221	0.234779	1.06034
28746	-3988.884	-4250.267	261.3832	2.005519	0.765221	0.234779	1.163355
28752	-3991.635	-4253.014	261.3785	2.422321	0.663213	0.336787	0.7112839
28758	-3991.664	-4253.09	261.4254	2.26815	0.704543	0.295457	0.8596947
28764	-3990.456	-4251.585	261.1293	1.856958	0.629549	0.370451	1.487462
28770	-3987.354	-4248.584	261.2295	1.856958	0.654867	0.345133	1.410913
28776	-3988.455	-4249.51	261.0559	1.840148	0.699401	0.300599	1.554625
28782	-3992.448	-4253.599	261.1505	1.950716	0.690295	0.309705	1.399504
28788	-3990.232	-4251.613	261.3805	1.951149	0.759743	0.240257	1.212628
28794	-3986.733	-4247.899	261.1662	1.994836	0.650068	0.349932	1.352529
28800	-3992.609	-4253.905	261.2958	1.983723	0.664146	0.335854	1.256453
28806	-3983.714	-4245.118	261.4037	1.92454	0.662565	0.337435	1.215476
28812	-3992.778	-4254	261.2226	2.0073	0.711268	0.288732	1.297215
28818	-3991.354	-4252.81	261.4556	1.994029	0.731202	0.268798	1.108896
28824	-3994.99	-4256.057	261.0672	1.955877	0.592175	0.407825	1.459587
28830	-3986.017	-4247.296	261.2795	2.156371	0.75922	0.24078	1.121353
28836	-3998.01	-4259.461	261.4514	2.282139	0.681339	0.318661	0.8097775
28842	-3991.029	-4252.453	261.424	2.236391	0.624265	0.375735	0.898107
28848	-4006.088	-4267.549	261.4614	2.215629	0.627249	0.372751	0.8790951
28854	-3989.105	-4250.532	261.4276	2.256853	0.646524	0.353476	0.8704171
28860	-3998.4	-4259.818	261.4184	2.256853	0.581748	0.418252	0.8811082
28866	-4007.331	-4268.76	261.4288	2.12092	0.692933	0.307067	1.014314
28872	-3997.187	-4258.509	261.3219	2.082533	0.692933	0.307067	1.14945
28878	-3992.858	-4254.12	261.2621	2.123781	0.704034	0.295966	1.165786
28884	-3996.609	-4257.974	261.3651	2.092247	0.672565	0.327435	1.101912
28890	-3997.457	-4258.773	261.3169	2.092247	0.609141	0.390859	1.145282
28896	-3991.609	-4252.909	261.2999	2.109278	0.609141	0.390859	1.145282
28902	-3999.9	-4261.168	261.2673	1.961474	0.622506	0.377494	1.298133
28908	-4011.039	-4272.314	261.2756	2.041703	0.61722	0.38278	1.224741
28914	-4007.514	-4268.716	261.2024	2.033249	0.767117	0.232883	1.292531
28920	-4010.069	-4271.461	261.3916	2.101841	0.738053	0.261947	1.068391
28926	-4019.456	-4280.675	261.2195	2.061123	0.606267	0.393733	1.255528
28932	-3997.294	-4258.364	261.0708	1.94251	0.741758	0.258242	1.467015
28938	-4008.289	-4269.334	261.0443	1.893241	0.768371	0.231629	1.523923
28944	-3993.217	-4254.403	261.1866	1.959566	0.721619	0.278381	1.364312
28950	-3985.072	-4246.379	261.3066	1.94133	0.645348	0.354652	1.282457
28956	-3983.49	-4244.746	261.2562	2.033151	0.69808	0.30192	1.248252
28962	-3995.641	-4256.994	261.3533	2.042203	0.555247	0.444753	1.157402
28968	-3988.302	-4249.523	261.2207	1.981361	0.62875	0.37125	1.319717
28974	-3985.356	-4246.563	261.2075	1.981361	0.69021	0.30979	1.330365
28980	-3987.662	-4248.948	261.2857	1.917464	0.687438	0.312562	1.318853
28986	-3988.435	-4249.683	261.2473	1.948228	0.705678	0.294322	1.324941
28992	-4000.067	-4261.342	261.2751	1.902704	0.61347	0.38653	1.339131
28998	-3979.971	-4241.298	261.3265	1.902704	0.656819	0.343181	1.297724
29004	-3989.418	-4250.632	261.2135	2.001192	0.67733	0.32267	1.309521
29010	-3984.362	-4245.3	260.9388	1.926873	0.714324	0.285676	1.576935
29016	-3986.2	-4247.201	261.002	1.927864	0.741628	0.258372	1.529656
29022	-3988.321	-4249.45	261.129	1.843085	0.801637	0.198363	1.498112
29028	-3995.701	-4256.788	261.0865	1.885616	0.672198	0.327802	1.498112
29034	-4012.406	-4273.262	260.8563	1.885616	0.692097	0.307903	1.666405
29040	-4001.497	-4262.376	260.8794	1.860286	0.708293	0.291707	1.668052
29046	-3989.808	-4250.774	260.9663	1.893529	0.708293	0.291707	1.581247
29052	-3979.214	-4240.021	260.807	1.787024	0.656181	0.343819	1.770746
29058	-3990.392	-4251.467	261.0758	1.905939	0.678269	0.321731	1.490878
29064	-4003.635	-4264.505	260.8694	1.905939	0.657073	0.342927	1.64247
29070	-4011.604	-4270.925	259.3215	1.513881	0.746186	0.253814	2.896026
29076	-3998.053	-4257.335	259.2821	1.548357	0.627817	0.372183	2.898977
29082	-4004.907	-4264.422	259.5152	1.480637	0.626368	0.373632	2.79868
29088	-3979.555	-4239.583	260.0273	1.562599	0.732293	0.267707	2.431315
29094	-3975.963	-4236.078	260.1147	1.635918	0.64892	0.35108	2.329605
29100	-3993.791	-4254.165	260.3737	1.760637	0.61486	0.38514	2.081405
29106	-3987.276	-4247.963	260.6867	1.756676	0.723252	0.276748	1.87453
29112	-3992.914	-4253.533	260.6194	1.654619	0.704839	0.295161	1.988818
29118	-3981.839	-4242.504	260.6648	1.730203	0.704839	0.295161	1.907398
29124	-3991.9	-4252.283	260.3832	1.698085	0.704839	0.295161	2.11621
29130	-3991.214	-4252.395	261.1818	2.034939	0.709884	0.290116	1.307866
29136	-4002.579	-4263.756	261.1774	1.994909	0.62227	0.37773	1.343518
29142	-3995.658	-4257.011	261.3524	2.213613	0.558814	0.441186	0.9981158
29148	-4005.476	-4266.953	261.477	2.213613	0.615403	0.384597	0.8631717
29154	-4000.146	-4261.586	261.4403	2.250304	0.632654	0.367346	0.8631717
29160	-3993.438	-4254.817	261.3789	2.159727	0.768173	0.231827	1.025199
29166	-3982.042	-4243.449	261.4065	2.132067	0.768173	0.231827	1.025199
29172	-3980.164	-4241.55	261.3861	2.149601	0.681118	0.318882	1.028019
29178	-3994.692	-4256.121	261.4292	2.106441	0.71804	0.28196	1.028019
29184	-3999.987	-4261.378	261.391	2.180007	0.769639	0.230361	0.9930974
29190	-3980.011	-4241.46	261.4496	2.172327	0.628319	0.371681	0.9403398
29196	-3978.938	-4240.354	261.4154	2.141114	0.628319	0.371681	1.007514
29202	-3982.357	-4243.772	261.4154	2.141114	0.628319	0.371681	1.007514
29208	-3977.273	-4238.761	261.4879	2.165834	0.721098	0.278902	0.9056501
29214	-3983.04	-4244.442	261.4014	2.107364	0.695997	0.304003	1.053882
29220	-3976.934	-4238.332	261.398	2.269349	0.676664	0.323336	0.8902649
29226	-3982.073	-4243.503	261.43	2.278842	0.744054	0.255946	0.8411293
29232	-3984.387	-4245.814	261.4266	2.302638	0.684907	0.315093	0.8153063
29238	-3990.23	-4251.651	261.4216	2.286181	0.647197	0.352803	0.8424086
29244	-3989.754	-4251.225	261.4716	2.337972	0.57102	0.42898	0.6961715
29250	-3979.716	-4241.079	261.3639	2.333223	0.771026	0.228974	0.8554358
29256	-3981.379	-4242.784	261.4046	2.302344	0.733948	0.266052	0.8434556
29262	-3981.361	-4242.766	261.4046	2.302344	0.683288	0.316712	0.8434556
29268	-3986.872	-4248.233	261.3609	2.358282	0.719819	0.280181	0.8281572
29274	-3982.276	-4243.688	261.4121	2.371553	0.773595	0.226405	0.7389134
29280	-3985.9	-4247.259	261.359	2.438096	0.679751	0.320249	0.7175683
29286	-3982.468	-4243.897	261.4293	2.32223	0.67892	0.32108	0.7857321
29292	-3983.451	-4244.903	261.4522	2.291448	0.747643	0.252357	0.796352
29298	-3996.208	-4257.658	261.4509	2.291448	0.697743	0.302257	0.7980925
29304	-3992.245	-4253.518	261.2727	2.012427	0.645114	0.354886	1.251781
29310	-3978.348	-4239.644	261.2963	2.03964	0.73164	0.26836	1.208992
29316	-4004.31	-4265.404	261.0936	1.939973	0.646795	0.353205	1.451581
29322	-3993.579	-4254.837	261.2575	1.986893	0.687576	0.312424	1.28534
29328	-3989.461	-4250.82	261.3591	1.979529	0.646246	0.353754	1.206624
29334	-3991.353	-4252.597	261.2443	2.05018	0.779485	0.220515	1.243916
29340	-3991.578	-4252.954	261.3764	2.222895	0.76049	0.23951	0.9641383
29346	-3983.67	-4245.064	261.3936	2.202458	0.748984	0.251016	0.9674828
29352	-3985.142	-4246.562	261.4208	2.223841	0.722771	0.277229	0.9157319
29358	-4003.862	-4265.235	261.3725	2.256672	0.774745	0.225255	0.9325367
29364	-3989.637	-4250.993	261.3566	2.256672	0.712835	0.287165	0.949456
29370	-3989.837	-4251.242	261.4049	2.256672	0.657812	0.342188	0.8967504
29376	-3987.291	-4248.634	261.3431	2.310234	0.688632	0.311368	0.9060365
29382	-3993.478	-4254.852	261.3742	2.243669	0.716038	0.283962	0.9446736
29388	-3986.157	-4247.532	261.3754	2.254591	0.659255	0.340745	0.9316773
29394	-3996.82	-4258.262	261.4417	2.254977	0.713577	0.286423	0.8558923
29400	-3997.412	-4258.837	261.4249	2.271661	0.697429	0.302571	0.8560478
29406	-4002.886	-4264.282	261.3961	2.280446	0.664637	0.335363	0.8796568
29412	-4004.271	-4265.637	261.3665	2.310052	0.575255	0.424745	0.8796568
29418	-3989.686	-4251.052	261.3653	2.311213	0.753761	0.246239	0.8796568
29424	-3986.558	-4247.742	261.184	1.92815	0.669874	0.330126	1.390969
29430	-3986.905	-4248.354	261.4499	2.225547	0.666152	0.333848	0.8809399
29436	-3994.769	-4256.127	261.3579	2.267897	0.672614	0.327386	0.9361766
29442	-3982.865	-4244.217	261.3525	2.286798	0.609542	0.390458	0.9215955
29448	-3981.427	-4242.828	261.4013	2.285792	0.741633	0.258367	0.8673569
29454	-3977.106	-4238.456	261.3497	2.287895	0.705627	0.294373	0.9233491
29460	-4004.299	-4265.583	261.2842	2.072905	0.690854	0.309146	1.190841
29466	-4002.482	-4263.807	261.3255	2.006574	0.690854	0.309146	1.21222
29472	-3988.512	-4249.925	261.4124	2.306973	0.677754	0.322246	0.8279543
29478	-3989.947	-4251.381	261.4338	2.217812	0.711311	0.288689	0.907995
29484	-3998.974	-4260.269	261.295	2.488168	0.619423	0.380577	0.7397336
29490	-3992.319	-4253.524	261.2059	1.9289	0.736453	0.263547	1.373209
29496	-3998.295	-4259.557	261.2615	1.9289	0.664392	0.335608	1.329077
29502	-3990.962	-4252.136	261.1738	1.998377	0.632884	0.367116	1.343662
29508	-3985.745	-4246.913	261.1674	2.004732	0.626463	0.373537	1.343662
29514	-3997.335	-4258.737	261.4012	2.336279	0.728073	0.271927	0.8045785
29520	-3994.928	-4256.042	261.1144	1.891958	0.63136	0.36864	1.472272
29526	-3997.461	-4258.728	261.2671	1.97219	0.702307	0.297693	1.289529
29532	-3995.363	-4256.667	261.3039	2.212618	0.590832	0.409168	1.046519
29538	-3990.166	-4251.47	261.3039	2.212618	0.685009	0.314991	1.046519
29544	-3995.238	-4256.639	261.4013	2.135124	0.601883	0.398117	1.027256
29550	-3986.459	-4247.919	261.4598	2.164918	0.670306	0.329694	0.9373181
29556	-3969.995	-4231.442	261.4469	2.1208	0.670306	0.329694	0.9963816
29562	-3963.058	-4224.459	261.401	2.160969	0.68671	0.31329	1.002111
29568	-3979.912	-4241.246	261.3333	2.183605	0.737253	0.262747	1.04613
29574	-3983.229	-4244.683	261.4538	2.120112	0.692382	0.307618	0.9900853
29580	-3974.325	-4235.704	261.3788	2.180816	0.719746	0.280254	1.00444
29586	-3983.403	-4244.833	261.4299	2.208353	0.730877	0.269123	0.9226614
29592	-3992.686	-4254.102	261.4159	2.084172	0.753929	0.246071	1.062198
29598	-3998.244	-4259.686	261.4425	2.153006	0.692054	0.307946	0.9680827
29604	-3984.739	-4246.138	261.3982	2.197245	0.652221	0.347779	0.9680827
29610	-3995.199	-4256.556	261.3566	2.039101	0.712403	0.287597	1.157191
29616	-3993.859	-4255.135	261.2758	2.098222	0.712403	0.287597	1.176148
29622	-3999.561	-4260.839	261.2779	2.081739	0.712403	0.287597	1.188637
29628	-3984.641	-4246.001	261.36	1.972651	0.73236	0.26764	1.211757
29634	-3979.405	-4240.752	261.3468	2.032586	0.73236	0.26764	1.171533
29640	-3986.783	-4248.063	261.2804	2.02103	0.734336	0.265664	1.238129
29646	-3989.537	-4250.882	261.3453	1.955512	0.737648	0.262352	1.238619
29652	-3989.505	-4250.84	261.3344	1.996088	0.587342	0.412658	1.21363
29658	-3995.002	-4256.237	261.2352	2.095287	0.754303	0.245697	1.21363
29664	-3996.39	-4257.607	261.2167	2.070762	0.730824	0.269176	1.249831
29670	-3991.136	-4252.449	261.3128	1.916355	0.710341	0.289659	1.297833
29676	-4005.727	-4267.052	261.3251	2.139512	0.743652	0.256348	1.09524
29682	-3988.694	-4250.067	261.3726	2.25593	0.743652	0.256348	0.9332762
29688	-3990.964	-4252.307	261.3426	2.235167	0.743652	0.256348	0.9862607
29694	-3974.398	-4235.807	261.4093	2.236233	0.71718	0.28282	0.9147325
29700	-3976.737	-4238.208	261.4709	2.174605	0.675294	0.324706	0.9147325
29706	-3991.666	-4253.038	261.372	2.171115	0.805261	0.194739	1.020715
29712	-3986.924	-4248.322	261.3974	2.145799	0.7722	0.2278	1.020715
29718	-3993.449	-4254.779	261.3301	2.145799	0.636615	0.363385	1.084788
29724	-4004.691	-4266.068	261.3769	2.192128	0.734941	0.265059	0.9950639
29730	-3997.601	-4258.933	261.3312	2.222298	0.69027	0.30973	1.010529
29736	-4005.548	-4266.968	261.4196	2.047442	0.650674	0.349326	1.092949
29742	-3993.785	-4255.044	261.2591	2.021564	0.684763	0.315237	1.255489
29748	-3991.967	-4253.307	261.34	2.029184	0.684763	0.315237	1.180368
29754	-4003.461	-4264.862	261.4012	2.011336	0.684763	0.315237	1.142307
29760	-3986.493	-4247.811	261.3181	1.946474	0.656945	0.343055	1.268776
29766	-3984.84	-4245.771	260.9303	1.915515	0.706728	0.293272	1.591479
29772	-3989.339	-4250.315	260.9759	1.861768	0.740048	0.259952	1.597379
29778	-3992.553	-4253.73	261.1767	1.900433	0.679708	0.320292	1.418129
29784	-4005.333	-4266.693	261.3595	2.007165	0.705312	0.294688	1.182541
29790	-3994.5	-4255.853	261.3528	2.013907	0.674224	0.325776	1.182541
29796	-3995.189	-4256.383	261.194	2.007189	0.674224	0.325776	1.320403
29802	-3992.729	-4254.005	261.2768	2.065996	0.593841	0.406159	1.20311
29808	-3977.38	-4238.769	261.3887	2.065996	0.705249	0.294751	1.104316
29814	-3983.785	-4245.226	261.4407	2.118222	0.735728	0.264272	1.005164
29820	-3980.443	-4241.757	261.3139	2.158011	0.7189	0.2811	1.088487
29826	-3972.2	-4233.55	261.3491	2.128862	0.664815	0.335185	1.082906
29832	-3973.096	-4234.419	261.3232	2.173484	0.773859	0.226141	1.065355
29838	-3971.397	-4232.822	261.4252	2.232994	0.605776	0.394224	0.9005471
29844	-3986.837	-4248.244	261.4069	2.251352	0.747886	0.252114	0.9005471
29850	-3990.475	-4251.879	261.404	2.251352	0.728624	0.271376	0.9038072
29856	-3984.007	-4245.378	261.3717	2.291221	0.728624	0.271376	0.8952874
29862	-3985.307	-4246.706	261.3991	2.192767	0.745881	0.254119	0.9718345
29868	-4009.25	-4270.622	261.3724	2.188496	0.754745	0.245255	1.003165
29874	-3997.971	-4259.117	261.1457	1.892087	0.685918	0.314082	1.448349
29880	-3988.144	-4249.344	261.1997	1.930825	0.638943	0.361057	1.376613
29886	-4005.501	-4266.791	261.2901	1.992468	0.681677	0.318323	1.253883
29892	-3996.581	-4257.758	261.177	1.972685	0.735098	0.264902	1.36152
29898	-3998.783	-4259.925	261.1423	1.995869	0.784855	0.215145	1.370556
29904	-3988.329	-4249.764	261.4349	2.228935	0.63102	0.36898	0.8942112
29910	-3993.002	-4254.365	261.3631	2.253325	0.643679	0.356321	0.9461341
29916	-3979.505	-4240.849	261.3437	2.184331	0.729009	0.270991	1.035456
29922	-3988.078	-4249.41	261.3324	2.110996	0.682755	0.317245	1.11456
29928	-3990.928	-4252.267	261.3392	2.023827	0.692564	0.307436	1.185682
29934	-3992.455	-4253.776	261.3211	2.010875	0.589374	0.410626	1.212327
29940	-3996.848	-4257.77	260.9217	1.84003	0.701113	0.298887	1.652264
29946	-3976.008	-4236.813	260.8058	1.764426	0.66544	0.33456	1.787279
29952	-3997.222	-4257.312	260.0902	1.657201	0.688173	0.311827	2.331621
29958	-4002.825	-4263.298	260.4725	1.65089	0.531197	0.468803	2.088601
29964	-3995.539	-4256.301	260.7618	1.765169	0.666937	0.333063	1.817214
29970	-3997.727	-4258.561	260.8344	1.852264	0.633676	0.366324	1.705717
29976	-3990.856	-4251.896	261.0403	1.939335	0.65638	0.34362	1.492452
29982	-4003.479	-4264.377	260.898	1.837806	0.641475	0.358525	1.670821
29988	-4013.621	-4274.595	260.9739	1.806408	0.758737	0.241263	1.638896
29994	-4005.473	-4266.638	261.1647	1.813903	0.750521	0.249479	1.493191
30000	-3994.384	-4255.727	261.3422	2.023548	0.780805	0.219195	1.183378
30006	-3995.049	-4256.268	261.2197	2.077835	0.84705	0.15295	1.241385
30012	-4001.071	-4262.357	261.2853	1.903406	0.651626	0.348374	1.330432
30018	-4001.088	-4262.333	261.2452	1.927158	0.601641	0.398359	1.343528
30024	-3986.758	-4248.05	261.2917	2.015419	0.732306	0.267694	1.233337
30030	-3998.585	-4259.519	260.934	1.813451	0.684932	0.315068	1.6625
30036	-3995.062	-4255.932	260.8697	1.763492	0.719253	0.280747	1.743384
30042	-4003.325	-4264.079	260.7542	1.806244	0.70092	0.29908	1.794098
30048	-3980.358	-4240.38	260.0218	1.624333	0.6284	0.3716	2.395829
30054	-3988.206	-4248.057	259.8512	1.546267	0.733651	0.266349	2.55167
30060	-3997.078	-4258.46	261.3823	2.304755	0.633298	0.366702	0.8673714
30066	-3977.081	-4238.439	261.3583	2.243213	0.715667	0.284333	0.9618583
30072	-3984.876	-4246.264	261.3876	2.270147	0.71977	0.28023	0.9011177
30078	-3979.443	-4240.81	261.3665	2.279475	0.722142	0.277858	0.9142364
30084	-3977.993	-4239.438	261.4447	2.169511	0.691563	0.308437	0.9485458
30090	-3988.169	-4249.574	261.4048	2.160224	0.691563	0.308437	0.9990582
30096	-3990.194	-4251.599	261.4048	2.160224	0.691563	0.308437	0.9990582
30102	-3981.209	-4242.115	260.9059	1.873076	0.715095	0.284905	1.639868
30108	-3991.564	-4252.668	261.1041	1.847165	0.640393	0.359607	1.51367
30114	-3980.044	-4241.248	261.2037	1.920141	0.604714	0.395286	1.381813
30120	-3996.07	-4257.377	261.3067	2.203939	0.75012	0.24988	1.052182
30126	-3990.852	-4252.207	261.3547	2.196964	0.75012	0.24988	1.01237
30132	-3994.603	-4256.081	261.4781	2.219684	0.63683	0.36317	0.8546164
30138	-3991.938	-4253.274	261.3369	2.230935	0.692415	0.307585	0.9962514
30144	-4000.274	-4261.631	261.3574	2.252107	0.714537	0.285463	0.9534654
30150	-3996.995	-4258.393	261.3981	2.18827	0.656645	0.343355	0.9774286
30156	-3989.224	-4250.644	261.4195	2.053859	0.727968	0.272032	1.087101
30162	-4001.604	-4262.917	261.3134	2.312765	0.718187	0.281813	0.935815
30168	-3985.97	-4247.363	261.3928	2.312765	0.678075	0.321925	0.845093
30174	-3983.916	-4245.141	261.2252	1.909132	0.760809	0.239191	1.373562
30180	-3982.628	-4243.828	261.2002	1.920077	0.598854	0.401146	1.3846
30186	-3995.826	-4256.901	261.075	1.920241	0.728987	0.271013	1.480653
30192	-4002.745	-4263.787	261.0418	1.898433	0.736699	0.263301	1.521902
30198	-3994.559	-4255.745	261.1861	1.898433	0.642329	0.357671	1.412442
30204	-4002.782	-4264.143	261.3616	2.331476	0.848884	0.151116	0.860254
30210	-3998.423	-4259.794	261.3712	2.331476	0.615824	0.384176	0.8486857
30216	-3984.925	-4246.321	261.3965	2.331476	0.779706	0.220294	0.8170582
30222	-3976.911	-4238.371	261.4598	2.283591	0.645685	0.354315	0.7966915
30228	-3979.817	-4241.18	261.3637	2.21749	0.72225	0.27775	0.9827805
30234	-3983.781	-4245.137	261.3555	2.257028	0.658436	0.341564	0.9502714
30240	-3997.915	-4259.335	261.42	2.327423	0.771172	0.228828	0.7912685
30246	-3991.911	-4253.302	261.3907	2.296204	0.67396	0.32604	0.8676117
30252	-3984.001	-4245.033	261.0323	1.89059	0.677771	0.322229	1.534776
30258	-3985.828	-4246.819	260.991	1.955253	0.655368	0.344632	1.517412
30264	-3988.512	-4249.986	261.4737	2.193774	0.67887	0.32113	0.8900492
30270	-3970.994	-4232.342	261.3477	2.19369	0.7783	0.2217	1.02241
30276	-3977.17	-4238.555	261.3844	2.19369	0.545811	0.454189	0.9859188
30282	-3981.777	-4243.072	261.2954	2.180338	0.656014	0.343986	1.08494
30288	-3990.035	-4251.415	261.3803	2.095431	0.708949	0.291051	1.08494
30294	-4004.493	-4265.874	261.381	2.099892	0.708949	0.291051	1.080177
30300	-4003.406	-4264.771	261.3649	2.201203	0.722481	0.277519	0.9980323
30306	-4011.006	-4272.452	261.4466	2.201203	0.798547	0.201453	0.9121757
30312	-3981.526	-4242.73	261.2036	1.97304	0.705373	0.294627	1.340059
30318	-3969.49	-4230.729	261.2391	1.937624	0.735548	0.264452	1.340059
30324	-3981.791	-4243.112	261.3211	1.920439	0.806983	0.193017	1.2877
30330	-3992.548	-4253.5	260.9519	1.834752	0.661211	0.338789	1.634331
30336	-3996.344	-4257.384	261.0396	1.771256	0.693978	0.306022	1.616859
30342	-3993.102	-4253.867	260.7647	1.74633	0.628279	0.371721	1.828226
30348	-3989.911	-4250.844	260.9326	1.816058	0.690545	0.309455	1.661622
30354	-3974.74	-4235.711	260.9708	1.819514	0.690545	0.309455	1.631716
30360	-3989.665	-4250.741	261.0752	1.896516	0.601108	0.398892	1.498363
30366	-3992.482	-4253.324	260.8412	1.922044	0.620308	0.379692	1.651196
30372	-3995.443	-4256.302	260.8584	1.90481	0.781506	0.218494	1.651196
30378	-3996.772	-4257.974	261.2022	1.90481	0.597854	0.402146	1.394962
30384	-3978.406	-4239.588	261.1821	1.884893	0.662755	0.337245	1.425994
30390	-3987.805	-4248.888	261.0831	1.736728	0.59931	0.40069	1.610388
30396	-3994.247	-4255.228	260.9814	1.777945	0.667663	0.332337	1.653961
30402	-3998.153	-4259.081	260.9278	1.878823	0.730308	0.269692	1.619924
30408	-3989.685	-4250.598	260.912	1.808262	0.730308	0.269692	1.681834
30414	-3985.29	-4246.188	260.898	1.767516	0.78024	0.21976	1.720651
30420	-3992.816	-4253.448	260.6315	1.75922	0.61853	0.38147	1.910339
30426	-3993.141	-4253.78	260.6397	1.73823	0.69415	0.30585	1.91896
30432	-3987.649	-4248.265	260.6155	1.773605	0.775916	0.224084	1.911408
30438	-3989.009	-4249.788	260.7787	1.770987	0.6481	0.3519	1.80149
30444	-3998.952	-4259.67	260.7173	1.818101	0.745877	0.254123	1.811413
30450	-3974.533	-4235.515	260.9817	1.822039	0.745877	0.254123	1.622007
30456	-3975.146	-4236.115	260.969	1.834743	0.691157	0.308843	1.622007
30462	-3994.96	-4255.904	260.9442	1.850533	0.687632	0.312368	1.628541
30468	-3993.174	-4254.096	260.9213	1.849546	0.568725	0.431275	1.645722
30474	-3987.103	-4248.123	261.0203	1.96243	0.763637	0.236363	1.490071
30480	-3984.75	-4245.562	260.8123	1.768053	0.695237	0.304763	1.780254
30486	-3983.973	-4244.432	260.4584	1.645234	0.695237	0.304763	2.101556
30492	-3980.999	-4241.431	260.4316	1.691418	0.673242	0.326758	2.088826
30498	-3994.699	-4255.464	260.7642	1.661535	0.712291	0.287709	1.886528
30504	-3992.51	-4253.105	260.595	1.796926	0.675999	0.324001	1.909486
30510	-3991.547	-4252.568	261.0214	1.746709	0.696773	0.303227	1.647702
30516	-3992.131	-4253.296	261.1651	1.841023	0.723549	0.276451	1.472478
30522	-4004.221	-4265.345	261.1242	2.018845	0.647101	0.352899	1.366762
30528	-4000.275	-4261.63	261.355	2.023874	0.720626	0.279374	1.171933
30534	-4012.453	-4273.597	261.144	1.995316	0.671026	0.328974	1.36964
30540	-4020.491	-4281.538	261.0473	1.895938	0.643162	0.356838	1.519658
30546	-4003.882	-4265.008	261.1255	1.944277	0.650204	0.349796	1.423827
30552	-4005.948	-4266.729	260.7812	1.871143	0.600005	0.399995	1.729919
30558	-3990.512	-4251.367	260.8548	1.90349	0.600005	0.399995	1.654699
30564	-3994.222	-4255.258	261.0363	1.851694	0.671151	0.328849	1.560552
30570	-3984.868	-4245.837	260.9692	1.866715	0.602672	0.397328	1.598679
30576	-3988.302	-4249.3	260.9984	1.837525	0.592605	0.407395	1.598679
30582	-3979.382	-4240.466	261.0839	1.949669	0.732891	0.267109	1.451595
30588	-3980.43	-4241.379	260.9488	1.852746	0.729639	0.270361	1.623563
30594	-3984.458	-4245.72	261.2617	1.947679	0.682402	0.317598	1.313788
30600	-3985.461	-4246.646	261.1849	2.00457	0.67013	0.32987	1.329868
30606	-3990.943	-4252.007	261.0635	1.909616	0.67013	0.32987	1.497292
30612	-3991.614	-4252.607	260.9929	1.876608	0.666821	0.333179	1.574149
30618	-3985.729	-4246.796	261.0676	1.801892	0.666821	0.333179	1.574149
30624	-3981.392	-4242.41	261.018	1.896383	0.628573	0.371427	1.541135
30630	-3966.243	-4227.318	261.0751	1.869463	0.664129	0.335871	1.518672
30636	-3979.275	-4240.381	261.1056	1.838945	0.619739	0.380261	1.518672
30642	-3980.138	-4241.172	261.0346	1.825974	0.732756	0.267244	1.580689
30648	-3983.574	-4244.636	261.0616	1.825974	0.669775	0.330225	1.560872
30654	-3993.786	-4254.603	260.8171	1.803764	0.683774	0.316226	1.752006
30660	-3996.396	-4257.2	260.804	1.763013	0.728869	0.271131	1.789514
30666	-3987.954	-4249.005	261.0507	1.77762	0.587847	0.412153	1.604172
30672	-3985.046	-4246.027	260.9807	1.932234	0.60019	0.39981	1.542149
30678	-3997.864	-4258.778	260.914	1.941597	0.641713	0.358287	1.584311
30684	-3992.812	-4253.972	261.1594	1.907037	0.728087	0.271913	1.426389
30690	-3983.602	-4244.727	261.125	1.944852	0.673272	0.326728	1.423808
30696	-3983.398	-4244.478	261.0794	1.939173	0.673272	0.326728	1.462979
30702	-3971.567	-4232.477	260.9102	1.855458	0.728728	0.271272	1.649446
30708	-3981.642	-4242.592	260.9498	1.738686	0.711486	0.288514	1.704427
30714	-4001.695	-4262.461	260.7656	1.775261	0.784189	0.215811	1.8076
30720	-4000.078	-4261.434	261.3566	2.11839	0.712758	0.287242	1.085618
30726	-3988.234	-4249.699	261.4654	2.11839	0.712758	0.287242	0.9800955
30732	-3984.72	-4245.737	261.0169	1.840261	0.583321	0.416679	1.583206
30738	-3990.578	-4251.612	261.0335	1.840261	0.622153	0.377847	1.571065
30744	-3994.238	-4255.618	261.3799	2.094693	0.634559	0.365441	1.085982
30750	-3999.912	-4261.231	261.3185	1.930596	0.634559	0.365441	1.281485
30756	-4002.297	-4263.474	261.1765	1.930596	0.57578	0.42422	1.394901
30762	-3997.43	-4258.583	261.1529	1.954248	0.668047	0.331953	1.394901
30768	-3996.524	-4257.608	261.0837	1.956843	0.699376	0.300624	1.4463
30774	-4000.353	-4261.685	261.3313	2.021838	0.577878	0.422122	1.194214
30780	-3989.869	-4251.099	261.2298	1.992196	0.721202	0.278798	1.303596
30786	-3977.408	-4238.558	261.1497	2.0684	0.689184	0.310816	1.306793
30792	-3988.279	-4249.487	261.2076	1.961821	0.716298	0.283702	1.345838
30798	-3987.028	-4248.154	261.1262	1.927944	0.810932	0.189068	1.43588
30804	-3983.462	-4244.55	261.0882	1.965879	0.780402	0.219598	1.43588
30810	-3978.348	-4239.508	261.1598	1.927965	0.747859	0.252141	1.409915
30816	-3999.307	-4260.467	261.1598	1.927965	0.706838	0.293162	1.409915
30822	-3999.62	-4260.792	261.1726	1.897533	0.706838	0.293162	1.423576
30828	-3989.515	-4250.687	261.1726	1.897533	0.708	0.292	1.423576
30834	-3984.853	-4246.063	261.2095	1.899481	0.738755	0.261245	1.393456
30840	-4003.195	-4264.246	261.0511	1.863145	0.682817	0.317183	1.54124
30846	-4004.616	-4265.239	260.6236	1.786081	0.631393	0.368607	1.89749
30852	-4017.507	-4278.396	260.8886	1.786434	0.614696	0.385304	1.713893
30858	-4000.521	-4260.939	260.4181	1.697648	0.689731	0.310269	2.093615
30864	-3990.7	-4251.533	260.8323	1.790687	0.63477	0.36523	1.750471
30870	-3984.593	-4245.644	261.0506	1.776718	0.63477	0.36523	1.604932
30876	-3997.713	-4258.749	261.0364	1.781699	0.795642	0.204358	1.611588
30882	-4000.504	-4261.472	260.9681	1.81132	0.659986	0.340014	1.639516
30888	-3999.3	-4260.306	261.0066	1.789632	0.675437	0.324563	1.627435
30894	-3992.801	-4253.787	260.9854	1.80229	0.689541	0.310459	1.633625
30900	-3976.487	-4237.695	261.2081	1.904245	0.741197	0.258803	1.390833
30906	-3979.388	-4240.318	260.9295	1.947171	0.697192	0.302808	1.568868
30912	-3993.024	-4254.402	261.3781	1.970897	0.726255	0.273745	1.197766
30918	-3989.396	-4250.75	261.3548	2.069338	0.657026	0.342974	1.131983
30924	-4004.51	-4264.938	260.4275	1.699445	0.643174	0.356826	2.086277
30930	-4001.953	-4263.113	261.1597	1.991261	0.695579	0.304421	1.360457
30936	-3993.191	-4254.279	261.0887	1.934314	0.743173	0.256827	1.459597
30942	-4014.996	-4275.707	260.711	1.75442	0.467672	0.532328	1.859516
30948	-3998.679	-4259.113	260.4339	1.675043	0.483006	0.516994	2.098087
30954	-3980.686	-4241.447	260.7612	1.779338	0.710346	0.289654	1.807831
30960	-3991.866	-4252.352	260.4861	1.774655	0.54062	0.45938	1.997639
30966	-3981.112	-4242.162	261.0498	1.757844	0.54062	0.45938	1.619162
30972	-3998.906	-4259.605	260.6987	1.71301	0.700492	0.299508	1.896067
30978	-3979.414	-4240.13	260.716	1.695737	0.647463	0.352537	1.896067
30984	-3973.18	-4233.977	260.7971	1.725829	0.637506	0.362494	1.820022
30990	-3980.204	-4240.924	260.7203	1.698802	0.62644	0.37356	1.891067
30996	-3995.448	-4256.321	260.8724	1.753607	0.62644	0.37356	1.748408
31002	-3994.955	-4255.889	260.934	1.80238	0.649371	0.350629	1.670348
31008	-3986.005	-4246.961	260.9559	1.780521	0.601681	0.398319	1.670348
31014	-3994.598	-4255.275	260.6765	1.780521	0.600884	0.399116	1.865256
31020	-3997.963	-4258.876	260.9127	1.769366	0.641203	0.358797	1.708945
31026	-3994.812	-4255.859	261.0464	1.932776	0.629768	0.370232	1.492755
31032	-3996.584	-4257.706	261.1225	1.896654	0.659928	0.340072	1.462542
31038	-3997.172	-4258.351	261.1789	1.96431	0.661125	0.338875	1.366569
31044	-4005.898	-4267.122	261.2236	1.958045	0.675403	0.324597	1.336072
31050	-3993.695	-4254.505	260.8097	1.832098	0.538292	0.461708	1.737305
31056	-3992.043	-4252.99	260.9472	1.842927	0.670468	0.329532	1.63186
31062	-4008.81	-4269.949	261.1393	1.90895	0.710771	0.289229	1.44039
31068	-4001.749	-4262.915	261.166	1.91951	0.71473	0.28527	1.411712
31074	-4011.912	-4271.666	259.7536	1.465014	0.635327	0.364673	2.662317
31080	-3991.967	-4251.889	259.922	1.519903	0.799884	0.200116	2.523993
31086	-3984.479	-4244.842	260.3628	1.581106	0.678976	0.321024	2.205587
31092	-3986.383	-4247.732	261.349	2.064109	0.797464	0.202536	1.141793
31098	-4005.431	-4266.729	261.2973	2.115773	0.675415	0.324585	1.141793
31104	-4007.26	-4268.733	261.4735	2.057312	0.728834	0.271166	1.032743
31110	-4002.001	-4263.204	261.2035	2.087784	0.612532	0.387468	1.246604
31116	-3983.666	-4245.034	261.3688	2.13699	0.680581	0.319419	1.056732
31122	-3992.225	-4253.567	261.3415	2.176251	0.680581	0.319419	1.045313
31128	-3998.545	-4259.916	261.3715	2.094155	0.66099	0.33901	1.094227
31134	-4000.991	-4262.371	261.3799	2.057209	0.66099	0.33901	1.120286
31140	-3985.455	-4246.864	261.4096	2.189555	0.695823	0.304177	0.9643002
31146	-3980.348	-4241.688	261.3398	2.267924	0.642162	0.357838	0.9553762
31152	-3999.282	-4260.587	261.3053	2.242572	0.642162	0.357838	1.016079
31158	-4005.798	-4267.176	261.378	2.218846	0.584857	0.415143	0.9666808
31164	-3988.006	-4249.401	261.3947	2.198992	0.589196	0.410804	0.9699193
31170	-3995.961	-4257.322	261.3604	2.209351	0.655253	0.344747	0.9942984
31176	-3996.69	-4258.047	261.3574	2.23344	0.700572	0.299428	0.9729147
31182	-4001.619	-4262.959	261.3397	2.128017	0.700572	0.299428	1.092342
31188	-4002.979	-4264.314	261.3349	2.096306	0.735845	0.264155	1.125598
31194	-3993.685	-4255.039	261.3538	2.097413	0.654006	0.345994	1.10747
31200	-3997.906	-4259.02	261.1138	2.069388	0.586266	0.413734	1.334861
31206	-3990.473	-4251.882	261.4084	2.216052	0.659079	0.340921	0.9376051
31212	-3979.472	-4240.805	261.3323	2.123349	0.671199	0.328801	1.103416
31218	-3977.421	-4238.778	261.3573	2.098343	0.671199	0.328801	1.103416
31224	-3982.129	-4243.446	261.3166	2.18836	0.696462	0.303538	1.057498
31230	-3983.436	-4244.812	261.3764	2.128603	0.696462	0.303538	1.057498
31236	-3991.106	-4252.345	261.2383	2.092273	0.646458	0.353542	1.213524
31242	-4003.605	-4264.911	261.3063	2.035007	0.683129	0.316871	1.204407
31248	-3996.839	-4258.184	261.3445	2.11681	0.780911	0.219089	1.098238
31254	-3993.097	-4254.453	261.3555	2.119861	0.773417	0.226583	1.085267
31260	-3985.931	-4247.222	261.2909	2.126355	0.674169	0.325831	1.138126
31266	-3989.858	-4251.222	261.3642	2.138867	0.697829	0.302171	1.059359
31272	-3983.596	-4244.95	261.3542	2.208339	0.623382	0.376618	1.00158
31278	-3981.99	-4243.406	261.4154	2.208339	0.763264	0.236736	0.9383803
31284	-3985.095	-4246.498	261.4027	2.244872	0.763264	0.236736	0.912492
31290	-3984.529	-4245.957	261.4287	2.218824	0.729962	0.270038	0.912492
31296	-3979.218	-4240.573	261.3556	2.194848	0.640266	0.359734	1.013513
31302	-3975.708	-4236.958	261.2504	2.215961	0.629536	0.370464	1.093602
31308	-3977.092	-4238.442	261.3501	2.213218	0.784071	0.215929	1.000773
31314	-3971.929	-4233.318	261.3885	2.193559	0.691537	0.308463	0.9818848
31320	-3975.787	-4237.164	261.3764	2.314938	0.674116	0.325884	0.8622417
31326	-3978.535	-4240.005	261.4699	2.247693	0.70226	0.29774	0.8301744
31332	-3974.74	-4236.105	261.3659	2.27461	0.757478	0.242522	0.9202009
31338	-3969.619	-4230.951	261.3323	2.359564	0.75458	0.24542	0.8616369
31344	-3988.055	-4249.45	261.3949	2.335498	0.774397	0.225603	0.8138131
31350	-3983.216	-4244.585	261.3691	2.344848	0.690009	0.309991	0.8348174
31356	-3983.809	-4245.22	261.4116	2.296387	0.700842	0.299158	0.8422142
31362	-3995.876	-4257.247	261.3715	2.336421	0.700842	0.299158	0.8422142
31368	-3974.845	-4236.172	261.3272	2.268789	0.636854	0.363146	0.967557
31374	-3971.091	-4232.506	261.4151	2.232866	0.733366	0.266634	0.9120407
31380	-3985.252	-4246.6	261.3482	2.240589	0.60499	0.39501	0.9749525
31386	-3995.565	-4256.93	261.3645	2.224738	0.688353	0.311647	0.9744999
31392	-3989.604	-4250.893	261.2895	2.209968	0.626303	0.373697	1.062718
31398	-3991.595	-4252.935	261.3398	2.162411	0.742407	0.257593	1.060168
31404	-3988.04	-4249.447	261.4074	2.149202	0.742407	0.257593	1.00744
31410	-3990.665	-4252.093	261.428	2.098328	0.742407	0.257593	1.037124
31416	-4001.211	-4262.542	261.331	2.075106	0.742407	0.257593	1.147976
31422	-3992.953	-4254.361	261.4081	2.048975	0.792582	0.207418	1.102122
31428	-3988.728	-4250.096	261.3677	2.129922	0.678535	0.321465	1.064498
31434	-3998.776	-4259.976	261.1996	2.083649	0.731678	0.268322	1.253351
31440	-3990.733	-4252.022	261.2886	1.99463	0.729539	0.270461	1.253351
31446	-3987.278	-4248.568	261.2893	2.000737	0.606613	0.393387	1.247656
31452	-3989.662	-4250.934	261.2724	2.01036	0.653059	0.346941	1.253709
31458	-3994.364	-4255.646	261.282	2.019812	0.738544	0.261456	1.237797
31464	-4002.252	-4263.617	261.3659	2.004412	0.717534	0.282466	1.179397
31470	-3982.294	-4243.604	261.31	1.849095	0.663815	0.336185	1.354039
31476	-3980.963	-4242.145	261.1824	1.837332	0.683303	0.316697	1.462143
31482	-3986.746	-4247.742	260.9961	1.837332	0.633976	0.366024	1.600473
31488	-3986.709	-4247.796	261.0873	1.837332	0.71222	0.28778	1.533506
31494	-3990.34	-4251.561	261.2215	1.926472	0.71222	0.28778	1.362854
31500	-3975.98	-4237.199	261.2186	1.984827	0.75492	0.24508	1.318625
31506	-3976.908	-4238.086	261.1782	1.984195	0.796066	0.203934	1.3514
31512	-3973.05	-4234.365	261.3157	1.953603	0.733588	0.266412	1.264848
31518	-3980.406	-4241.791	261.3849	1.982487	0.772121	0.227879	1.181885
31524	-3989.126	-4250.454	261.3282	2.039245	0.823644	0.176356	1.181885
31530	-3980.304	-4241.567	261.2629	2.039245	0.606865	0.393135	1.237572
31536	-3983.064	-4244.42	261.3554	2.083808	0.68306	0.31694	1.118408
31542	-3985.513	-4246.92	261.407	2.059047	0.630458	0.369542	1.093925
31548	-3984.182	-4245.48	261.2972	2.068654	0.712859	0.287141	1.183279
31554	-3991.475	-4252.722	261.2473	2.03549	0.655159	0.344841	1.253705
31560	-3992.161	-4253.252	261.0913	1.901355	0.75551	0.24449	1.482659
31566	-3991.807	-4252.794	260.9868	1.898666	0.661091	0.338909	1.562419
31572	-3979.75	-4240.747	260.9966	1.804567	0.648488	0.351512	1.623891
31578	-3993.941	-4254.967	261.0266	1.774579	0.722868	0.277132	1.623891
31584	-3986.678	-4247.676	260.9979	1.858773	0.72371	0.27629	1.583567
31590	-3993.107	-4254.135	261.0276	1.829056	0.719967	0.280033	1.583567
31596	-3970.763	-4231.725	260.9624	1.894281	0.689511	0.310489	1.583567
31602	-3981.054	-4242.139	261.0848	1.87969	0.71421	0.28579	1.503779
31608	-3992.676	-4253.722	261.0458	1.965964	0.652953	0.347047	1.468178
31614	-3998.344	-4259.427	261.0826	2.013893	0.63933	0.36067	1.403129
31620	-3979.512	-4240.14	260.6275	1.774492	0.668592	0.331408	1.902654
31626	-3991.71	-4252.945	261.2347	1.913838	0.610776	0.389224	1.362411
31632	-3990.213	-4251.38	261.167	1.981572	0.578031	0.421969	1.362411
31638	-3977.51	-4238.647	261.1364	1.961647	0.64556	0.35444	1.401956
31644	-3982.101	-4243.248	261.1472	2.017016	0.64556	0.35444	1.349966
31650	-3979.811	-4241.085	261.2741	2.017016	0.668756	0.331244	1.246784
31656	-3965.145	-4226.415	261.2699	2.082345	0.738994	0.261006	1.19503
31662	-3974.394	-4235.698	261.3039	2.137997	0.670153	0.329847	1.115926
31668	-3976.537	-4237.863	261.3261	2.115847	0.663556	0.336444	1.115926
31674	-3972.826	-4234.201	261.3747	2.067181	0.657215	0.342785	1.115926
31680	-3989.551	-4250.836	261.2856	2.089297	0.808514	0.191486	1.175429
31686	-3996.749	-4257.962	261.2135	2.025215	0.669814	0.330186	1.290001
31692	-3988.214	-4249.222	261.008	1.788529	0.650702	0.349298	1.627191
31698	-3989.443	-4250.37	260.9274	1.764632	0.734965	0.265035	1.701884
31704	-3988.618	-4249.107	260.4885	1.697119	0.722015	0.277985	2.047573
31710	-3986.815	-4247.606	260.7912	1.648907	0.655508	0.344492	1.876765
31716	-3980.361	-4241.068	260.7071	1.73305	0.664856	0.335144	1.876765
31722	-3991.766	-4252.191	260.4247	1.631714	0.718865	0.281135	2.132471
31728	-4002.74	-4263.018	260.2778	1.633116	0.695364	0.304636	2.226881
31734	-3981.583	-4241.535	259.9526	1.610778	0.589844	0.410156	2.447973
31740	-3995.464	-4255.771	260.3071	1.610778	0.608103	0.391897	2.222381
31746	-3988.808	-4249.341	260.5325	1.717519	0.608666	0.391334	2.004818
31752	-4001.611	-4262.034	260.423	1.754517	0.66946	0.33054	2.0529
31758	-4009.935	-4270.589	260.6539	1.690718	0.726343	0.273657	1.941471
31764	-3997.326	-4258.508	261.182	1.893435	0.722335	0.277665	1.41949
31770	-4014.349	-4275.117	260.768	1.730651	0.654119	0.345881	1.836694
31776	-4014.116	-4274.877	260.7605	1.76128	0.700663	0.299337	1.820815
31782	-4001.414	-4261.851	260.4364	1.770543	0.698359	0.301641	2.033426
31788	-4002.709	-4263.553	260.8442	1.78885	0.819079	0.180921	1.743443
31794	-3998.774	-4259.926	261.1523	1.894808	0.680237	0.319763	1.441265
31800	-3983.2	-4244.319	261.1191	1.931812	0.680237	0.319763	1.438306
31806	-3983.013	-4244.228	261.215	1.935198	0.592147	0.407853	1.361108
31812	-3995.708	-4257.013	261.305	1.925671	0.592147	0.407853	1.296571
31818	-3995.717	-4256.869	261.1519	1.889892	0.618931	0.381069	1.445346
31824	-3980.309	-4241.128	260.8192	1.851388	0.749915	0.250085	1.717086
31830	-3991.944	-4252.909	260.9645	1.906126	0.702731	0.297269	1.57333
31836	-3987.936	-4249.074	261.138	1.833418	0.702731	0.297269	1.498606
31842	-3993.093	-4254.331	261.2373	1.855772	0.717563	0.282437	1.405853
31848	-3999.114	-4259.983	260.8694	1.845513	0.612714	0.387286	1.685689
31854	-3989.828	-4250.905	261.0762	1.788392	0.65221	0.34779	1.577733
31860	-4002.074	-4263.557	261.4829	1.972728	0.774468	0.225532	1.103414
31866	-3980.359	-4241.689	261.3299	2.043147	0.76164	0.23836	1.176968
31872	-3992.426	-4253.823	261.3967	2.131014	0.670127	0.329873	1.035703
31878	-3989.87	-4251.268	261.3985	2.1445	0.681698	0.318302	1.020878
31884	-3987.771	-4249.231	261.4595	2.223719	0.744118	0.255882	0.8718961
31890	-3989.364	-4250.54	261.1767	1.992072	0.680562	0.319438	1.346334
31896	-3987.301	-4248.332	261.0314	1.921409	0.685698	0.314302	1.512538
31902	-3984.761	-4246.091	261.3304	1.938879	0.659323	0.340677	1.264877
31908	-3986.817	-4247.899	261.0814	2.009786	0.746897	0.253103	1.407282
31914	-3972.81	-4233.978	261.1682	2.011233	0.673318	0.326682	1.337873
31920	-3997.27	-4258.598	261.3276	2.008687	0.675905	0.324095	1.208681
31926	-3984.679	-4245.865	261.1862	1.915042	0.741181	0.258819	1.399463
31932	-3988.674	-4249.856	261.1824	1.895058	0.695723	0.304277	1.417902
31938	-3992.328	-4253.41	261.0817	1.989668	0.664566	0.335434	1.422591
31944	-3997.196	-4258.423	261.2272	1.989668	0.666306	0.333694	1.307746
31950	-4000.182	-4261.425	261.2426	2.022372	0.735327	0.264673	1.268479
31956	-4000.636	-4261.727	261.0902	1.95212	0.706524	0.293476	1.444929
31962	-4009.244	-4270.651	261.4067	2.230151	0.645592	0.354408	0.9242526
31968	-3991.134	-4252.546	261.4113	2.324925	0.607928	0.392072	0.8062825
31974	-3981.271	-4242.43	261.1583	1.945961	0.751422	0.248578	1.397125
31980	-3999.534	-4260.817	261.2831	2.249946	0.735814	0.264186	1.030545
31986	-4003.649	-4265.054	261.4044	2.089768	0.64051	0.35949	1.067704
31992	-3996.963	-4258.201	261.238	2.034187	0.727273	0.272727	1.262525
31998	-3992.357	-4253.748	261.3906	2.170804	0.727273	0.272727	1.002703
32004	-3993.741	-4255.035	261.294	2.17862	0.726091	0.273909	1.087828
32010	-4003.808	-4265.104	261.2966	2.097773	0.738145	0.261855	1.158369
32016	-3991.507	-4252.673	261.1668	1.981484	0.69431	0.30569	1.362608
32022	-4006.431	-4267.553	261.1214	1.935514	0.703284	0.296716	1.433719
32028	-3998.435	-4259.468	261.033	1.873769	0.703284	0.296716	1.546696
32034	-3989.79	-4250.835	261.0451	1.873769	0.657172	0.342828	1.537798
32040	-3976.704	-4237.673	260.9689	1.890699	0.652825	0.347175	1.581425
32046	-3990.551	-4251.551	260.9992	1.817302	0.704852	0.295148	1.612771
32052	-4010.429	-4271.752	261.3229	2.12037	0.707555	0.292445	1.114674
32058	-4005.141	-4266.337	261.1959	2.04193	0.7729	0.2271	1.290755
32064	-3985.77	-4246.891	261.1205	1.916314	0.597459	0.402541	1.449143
32070	-3992.037	-4252.814	260.7773	1.863531	0.623382	0.376618	1.738015
32076	-3984.764	-4245.6	260.836	1.764797	0.628692	0.371308	1.765977
32082	-3992.34	-4253.286	260.9464	1.789941	0.725831	0.274169	1.670423
32088	-3974.976	-4235.98	261.0046	1.803056	0.551911	0.448089	1.619189
32094	-3969.205	-4230.397	261.192	1.834292	0.62945	0.37055	1.457118
32100	-3977.226	-4237.952	260.7263	1.697345	0.590511	0.409489	1.887961
32106	-3987.793	-4248.68	260.8877	1.772274	0.676857	0.323143	1.724541
32112	-3988.013	-4248.885	260.8721	1.739884	0.684573	0.315427	1.7582
32118	-3983.52	-4244.204	260.6841	1.66973	0.580611	0.419389	1.935281
32124	-4000.82	-4262.242	261.4222	2.353498	0.820633	0.179367	0.7511024
32130	-4007.309	-4268.637	261.3286	2.197959	0.702429	0.297571	1.036894
32136	-4000.791	-4262.213	261.4224	2.14659	0.695589	0.304411	0.9951102
32142	-3993.519	-4254.718	261.1989	2.129957	0.630005	0.369995	1.214944
32148	-3993.978	-4255.317	261.3386	2.205563	0.494527	0.505473	1.019743
32154	-3993.653	-4254.923	261.2701	2.361384	0.649042	0.350958	0.9300796
32160	-3989.535	-4250.836	261.3014	2.494538	0.64293	0.35707	0.7194404
32166	-4006.744	-4268.024	261.2797	2.506573	0.695734	0.304266	0.7348541
32172	-4008.047	-4269.466	261.419	2.137337	0.793848	0.206152	1.007691
32178	-3990.787	-4252.192	261.4054	2.183452	0.694203	0.305797	0.9749064
32184	-3985.849	-4247.215	261.3666	2.183452	0.672482	0.327518	1.013984
32190	-4000.523	-4261.994	261.4706	2.174381	0.672482	0.327518	0.9152901
32196	-4011.417	-4272.888	261.4709	2.124353	0.673343	0.326657	0.9683065
32202	-4000.283	-4261.619	261.3358	2.23943	0.707308	0.292692	0.9887798
32208	-4015.954	-4277.438	261.4841	2.154902	0.638695	0.361305	0.9218242
32214	-4001.205	-4262.481	261.2761	1.920393	0.681644	0.318356	1.324178
32220	-4010.612	-4271.827	261.2153	1.99088	0.687454	0.312546	1.316382
32226	-3993.749	-4254.905	261.1561	2.020389	0.657122	0.342878	1.340221
32232	-4001.574	-4262.665	261.0906	2.074462	0.687556	0.312444	1.349289
32238	-3998.629	-4259.852	261.2233	2.05314	0.59178	0.40822	1.258964
32244	-3994.708	-4256.026	261.318	2.023018	0.68368	0.31632	1.20464
32250	-3996.139	-4257.575	261.4361	2.060013	0.723655	0.276345	1.065907
32256	-3981.776	-4243.214	261.4376	2.189851	0.723655	0.276345	0.9343441
32262	-3982.934	-4244.152	261.2188	2.153749	0.75535	0.24465	1.177472
32268	-3985.636	-4247.043	261.4061	1.997715	0.604654	0.395346	1.150047
32274	-3981.709	-4243.083	261.3735	2.043806	0.665377	0.334623	1.13802
32280	-3981.583	-4242.929	261.3467	2.099132	0.673924	0.326076	1.112411
32286	-3990.413	-4251.801	261.3884	2.165579	0.718741	0.281259	1.010099
32292	-3990.132	-4251.499	261.3667	2.091406	0.70787	0.29213	1.101168
32298	-3999.87	-4261.231	261.3606	2.097489	0.599059	0.400941	1.101168
32304	-3992.913	-4254.189	261.2756	2.130001	0.676427	0.323573	1.148472
32310	-4000.937	-4262.105	261.1678	1.961637	0.701246	0.298754	1.377444
32316	-4016.437	-4277.701	261.2642	1.971768	0.785836	0.214164	1.292256
32322	-4001.708	-4263.05	261.3426	2.18102	0.645713	0.354287	1.039715
32328	-3999.871	-4261.217	261.3457	2.339695	0.645713	0.354287	0.8693342
32334	-4006.614	-4268.01	261.3955	2.179736	0.645713	0.354287	0.988796
32340	-3984.037	-4245.405	261.3676	2.105269	0.654405	0.345595	1.087558
32346	-3981.256	-4242.52	261.2641	2.123953	0.653933	0.346067	1.163951
32352	-3996.65	-4257.989	261.3388	2.125858	0.779587	0.220413	1.095164
32358	-3994.016	-4255.404	261.388	2.125858	0.621159	0.378841	1.049042
32364	-4003.671	-4264.998	261.3272	2.192687	0.708156	0.291844	1.043272
32370	-3987.693	-4249.081	261.3881	2.192687	0.596385	0.403615	0.9831887
32376	-3982.81	-4244.176	261.3667	2.214059	0.586581	0.413419	0.9831887
32382	-3989.407	-4250.726	261.319	2.328541	0.697742	0.302258	0.9125179
32388	-3990.366	-4251.715	261.3486	2.152354	0.732462	0.267538	1.061313
32394	-4001.258	-4262.615	261.3574	2.160725	0.732462	0.267538	1.044976
32400	-4001.256	-4262.581	261.3249	2.16192	0.615684	0.384316	1.074606
32406	-3986.585	-4248.014	261.4291	2.171148	0.706393	0.293607	0.9631771
32412	-3999.078	-4259.632	260.5536	1.748296	0.724514	0.275486	1.970125
32418	-3991.23	-4252.262	261.0319	1.807687	0.67028	0.32972	1.595984
32424	-3991.601	-4252.686	261.0852	1.847312	0.674496	0.325504	1.527664
32430	-3994.076	-4255.095	261.0182	1.914318	0.781729	0.218271	1.527664
32436	-3988.098	-4248.934	260.8364	1.903928	0.726829	0.273171	1.667555
32442	-3984.99	-4245.906	260.9151	1.973551	0.7099	0.2901	1.560099
32448	-3982.644	-4243.485	260.8414	1.81669	0.691669	0.308331	1.725848
32454	-3989.786	-4250.591	260.8055	1.876742	0.642633	0.357367	1.708819
32460	-3989.538	-4250.255	260.7178	1.836667	0.752326	0.247674	1.798205
32466	-3995.086	-4255.808	260.7226	1.791971	0.706484	0.293516	1.825777
32472	-3983.221	-4243.838	260.6168	1.832013	0.661318	0.338682	1.870797
32478	-3985.749	-4246.428	260.6787	1.770174	0.661318	0.338682	1.870797
32484	-3995.353	-4256.215	260.8619	1.8094	0.686449	0.313551	1.716547
32490	-4002.369	-4263.067	260.6987	1.803371	0.677472	0.322528	1.834331
32496	-3997.629	-4258.051	260.4219	1.643228	0.73787	0.26213	2.126788
32502	-3988.02	-4249.02	260.9996	1.855404	0.764032	0.235968	1.584777
32508	-3989.406	-4250.129	260.7233	1.844716	0.703225	0.296775	1.788831
32514	-3991.45	-4252.169	260.7192	1.804551	0.703225	0.296775	1.819427
32520	-3998.665	-4259.551	260.8861	1.88202	0.675554	0.324446	1.647691
32526	-4010.109	-4270.788	260.6792	1.850192	0.71906	0.28094	1.815573
32532	-3999.118	-4259.963	260.845	1.862151	0.741108	0.258892	1.69119
32538	-3993.566	-4254.386	260.8207	1.930517	0.567437	0.432563	1.659787
32544	-3988.231	-4249.491	261.2603	2.038357	0.665546	0.334454	1.240454
32550	-3990.756	-4251.995	261.239	2.164547	0.665546	0.334454	1.150278
32556	-3997.364	-4258.722	261.3582	2.172096	0.665546	0.334454	1.033281
32562	-3978.308	-4239.747	261.4384	2.200554	0.683842	0.316158	0.9219725
32568	-3971.356	-4232.77	261.4136	2.170904	0.676471	0.323529	0.9794181
32574	-3987.426	-4248.794	261.3679	2.04167	0.710033	0.289967	1.144938
32580	-3984.017	-4245.33	261.313	1.976582	0.710033	0.289967	1.248058
32586	-3990.864	-4252.199	261.3346	1.961484	0.81881	0.18119	1.24263
32592	-3990.283	-4251.579	261.2964	2.079597	0.732785	0.267215	1.174422
32598	-3995.832	-4257.114	261.2822	2.055493	0.722012	0.277988	1.207487
32604	-3998.135	-4259.397	261.2619	2.029107	0.649735	0.350265	1.246885
32610	-3986.693	-4247.851	261.1581	1.965609	0.690208	0.309792	1.381958
32616	-3980.57	-4242	261.4301	2.055098	0.666106	0.333894	1.076107
32622	-3968.343	-4229.708	261.3648	2.214048	0.629813	0.370187	0.9851618
32628	-3980.319	-4241.699	261.3801	2.176949	0.671418	0.328582	1.006996
32634	-3971.255	-4232.664	261.4093	2.08948	0.689132	0.310868	1.063401
32640	-3979.749	-4241.158	261.4094	2.08981	0.689548	0.310452	1.063002
32646	-3982.789	-4244.107	261.3179	2.172101	0.689548	0.310452	1.071595
32652	-3991.027	-4252.446	261.4187	2.172101	0.714953	0.285047	0.9728867
32658	-3982.478	-4243.781	261.3033	2.275438	0.652418	0.347582	0.9852577
32664	-3986.946	-4248.311	261.365	2.169723	0.720434	0.279566	1.029002
32670	-3983.628	-4244.927	261.2986	2.138967	0.701338	0.298662	1.11985
32676	-3985.827	-4247.205	261.3772	2.079595	0.701338	0.298662	1.102406
32682	-3981.785	-4243.167	261.3821	2.119368	0.622389	0.377611	1.060879
32688	-3979.255	-4240.604	261.3487	2.13953	0.655388	0.344612	1.073271
32694	-3989.265	-4250.621	261.3552	2.133018	0.652291	0.347709	1.073271
32700	-3980.565	-4241.925	261.3607	2.133018	0.680123	0.319877	1.06812
32706	-4001.056	-4262.468	261.4119	2.081846	0.680123	0.319877	1.06812
32712	-4002.88	-4264.307	261.4262	1.877222	0.630687	0.369313	1.236444
32718	-4012.11	-4273.487	261.377	2.007965	0.645559	0.354441	1.166573
32724	-4000.586	-4261.94	261.3543	2.061987	0.675952	0.324048	1.138938
32730	-3992.029	-4253.319	261.2904	2.056793	0.670928	0.329072	1.199287
32736	-3988.429	-4249.719	261.2904	2.056793	0.554513	0.445487	1.199287
32742	-3987.395	-4248.665	261.2702	2.000339	0.650248	0.349752	1.263887
32748	-3979.726	-4240.981	261.2553	2.015171	0.659773	0.340227	1.263887
32754	-3988.547	-4249.828	261.2816	1.988952	0.664288	0.335712	1.263887
32760	-3994.211	-4255.4	261.1882	2.021041	0.710753	0.289247	1.313922
32766	-3987.706	-4248.917	261.2106	2.092951	0.710753	0.289247	1.236363
32772	-3984.493	-4245.756	261.2636	2.079981	0.793864	0.206136	1.202426
32778	-3993.525	-4254.867	261.3428	2.022954	0.668973	0.331027	1.183319
32784	-3988.743	-4249.847	261.1043	1.979305	0.671499	0.328501	1.413167
32790	-3988.666	-4250.037	261.3708	2.119426	0.660294	0.339706	1.071387
32796	-3975.86	-4237.252	261.3927	2.134052	0.660294	0.339706	1.036693
32802	-3987.57	-4248.966	261.3958	2.204641	0.60655	0.39345	0.9629285
32808	-3988.251	-4249.613	261.3618	2.238653	0.63812	0.36188	0.9629285
32814	-3990.208	-4251.573	261.3656	2.104172	0.59621	0.40379	1.090425
32820	-3982.846	-4244.158	261.3119	2.063439	0.627216	0.372784	1.174976
32826	-3972.736	-4234.025	261.2895	2.102024	0.705547	0.294453	1.160884
32832	-3979.141	-4240.33	261.1891	1.958152	0.729772	0.270228	1.363427
32838	-3987.265	-4248.312	261.0466	1.958152	0.717008	0.282992	1.473476
32844	-4000.698	-4261.819	261.1212	1.934867	0.762699	0.237301	1.434348
32850	-3980.871	-4241.902	261.0314	2.024743	0.74185	0.25815	1.434348
32856	-3991.568	-4252.781	261.2127	1.982784	0.680355	0.319645	1.325004
32862	-4000.97	-4262.337	261.3668	2.318749	0.703334	0.296666	0.8691064
32868	-4004.21	-4265.559	261.3494	2.37041	0.706636	0.293364	0.8273945
32874	-3977.481	-4238.791	261.3096	2.026037	0.72127	0.27873	1.209192
32880	-3997.479	-4258.829	261.3493	2.138114	0.630461	0.369539	1.074067
32886	-4000.293	-4261.583	261.29	2.153725	0.704493	0.295507	1.114303
32892	-3991.13	-4252.095	260.9653	1.906418	0.720534	0.279466	1.572507
32898	-3979.649	-4240.62	260.9711	1.866525	0.76692	0.23308	1.597461
32904	-3986.459	-4247.667	261.2082	1.87891	0.688216	0.311784	1.410458
32910	-3992.262	-4253.354	261.0924	1.942566	0.688216	0.311784	1.450524
32916	-3999.241	-4260.494	261.2529	1.988489	0.648253	0.351747	1.287846
32922	-3995.578	-4256.979	261.4007	2.163302	0.712519	0.287481	1.000075
32928	-3996.138	-4257.535	261.397	2.142171	0.699852	0.300148	1.024623
32934	-3993.906	-4254.766	260.8602	1.854814	0.737836	0.262164	1.685564
32940	-3978.516	-4239.753	261.2374	1.926194	0.713514	0.286486	1.350445
32946	-3968.433	-4229.532	261.0994	2.035799	0.627042	0.372958	1.372938
32952	-3990.6	-4251.738	261.1377	2.026411	0.642844	0.357156	1.350037
32958	-3984.22	-4245.448	261.2281	1.949293	0.726143	0.273857	1.339533
32964	-3994.105	-4255.427	261.322	2.084569	0.726143	0.273857	1.147605
32970	-3984.479	-4245.851	261.3721	2.114118	0.726143	0.273857	1.075187
32976	-3997.006	-4258.396	261.3906	2.163559	0.640499	0.359501	1.00988
32982	-3997.726	-4259.188	261.4629	2.231986	0.823092	0.176908	0.8580226
32988	-3993.449	-4254.875	261.4256	2.266946	0.808814	0.191186	0.8609164
32994	-3985.729	-4247.126	261.397	2.124998	0.703697	0.296303	1.041235
33000	-3984.463	-4245.854	261.3908	2.094356	0.703697	0.296303	1.076209
33006	-3990.335	-4251.705	261.3701	2.094356	0.647718	0.352282	1.095311
33012	-4000.454	-4261.821	261.3679	2.044366	0.595718	0.404282	1.142576
33018	-3986.023	-4247.33	261.3065	2.069305	0.663211	0.336789	1.17461
33024	-3988.695	-4249.997	261.3017	2.051408	0.630581	0.369419	1.19428
33030	-3979.484	-4240.823	261.3389	1.914528	0.667547	0.332453	1.277967
33036	-3991.58	-4252.907	261.3262	2.092871	0.789522	0.210478	1.136469
33042	-3980.682	-4241.966	261.284	2.024198	0.75883	0.24117	1.232456
33048	-3990.711	-4251.789	261.078	1.897967	0.723213	0.276787	1.495171
33054	-3989.285	-4250.365	261.0803	1.811414	0.65586	0.34414	1.557855
33060	-3981.357	-4242.448	261.0905	1.892962	0.65586	0.34414	1.489559
33066	-3978.776	-4239.893	261.117	1.892962	0.654776	0.345224	1.469572
33072	-3980.355	-4241.3	260.9451	1.837617	0.731833	0.268167	1.637147
33078	-3987.462	-4248.238	260.7763	1.872262	0.650633	0.349367	1.732574
33084	-3984.293	-4245.403	261.1102	1.929721	0.638134	0.361866	1.446704
33090	-3994.899	-4256.116	261.2171	2.023772	0.633997	0.366003	1.288246
33096	-3987.859	-4249.118	261.2584	1.962837	0.802606	0.197394	1.304197
33102	-3989.881	-4251.185	261.3034	2.033335	0.783509	0.216491	1.20828
33108	-3998.432	-4259.677	261.2453	2.040361	0.749153	0.250847	1.251343
33114	-4001.051	-4262.332	261.2805	2.011492	0.701808	0.298192	1.246071
33120	-4000.013	-4261.247	261.2344	2.089446	0.750262	0.249738	1.219249
33126	-4013.052	-4274.236	261.1839	2.163249	0.714044	0.285956	1.199403
33132	-3995.805	-4256.742	260.9366	1.957804	0.61592	0.38408	1.555819
33138	-3990.793	-4251.791	260.9978	1.839131	0.74109	0.25891	1.597938
33144	-3986.565	-4247.528	260.9638	1.908819	0.643309	0.356691	1.571895
33150	-3993.506	-4254.229	260.7228	1.71303	0.698802	0.301198	1.879678
33156	-3991.565	-4252.48	260.9153	1.77678	0.561748	0.438252	1.701893
33162	-4013.084	-4274.336	261.2518	1.819128	0.660915	0.339085	1.422981
33168	-4000.185	-4261.261	261.0766	1.869242	0.68956	0.31044	1.517698
33174	-3992.433	-4253.79	261.3572	1.953446	0.650446	0.349554	1.230402
33180	-3985.856	-4247.137	261.281	2.015349	0.650446	0.349554	1.242416
33186	-3987.762	-4249.011	261.2488	1.991569	0.789852	0.210148	1.288657
33192	-4004.616	-4265.653	261.0377	1.791308	0.711204	0.288796	1.603729
33198	-3987.056	-4247.657	260.6014	1.736793	0.612107	0.387893	1.945781
33204	-3983.992	-4244.713	260.7213	1.810777	0.625273	0.374727	1.81371
33210	-3977.389	-4238.538	261.1495	1.840482	0.672546	0.327454	1.484635
33216	-3986.12	-4246.997	260.8772	1.763155	0.546725	0.453275	1.738336
33222	-3984.363	-4245.185	260.8219	1.752394	0.64934	0.35066	1.784478
33228	-3991.87	-4252.74	260.8705	1.76949	0.64247	0.35753	1.738619
33234	-3996.234	-4256.684	260.4491	1.604721	0.655075	0.344925	2.134144
33240	-3996.4	-4257.169	260.7691	1.737245	0.617553	0.382447	1.831424
33246	-3976.803	-4237.648	260.8449	1.739291	0.616437	0.383563	1.777588
33252	-3990.226	-4251.161	260.9342	1.822854	0.77295	0.22705	1.655596
33258	-3978.186	-4239.078	260.8925	1.821569	0.77295	0.22705	1.686291
33264	-3985.727	-4246.824	261.0969	1.912885	0.691834	0.308166	1.469667
33270	-3992.208	-4253.567	261.3586	1.922126	0.760706	0.239294	1.255395
33276	-3989.678	-4250.853	261.1746	1.955643	0.725239	0.274761	1.376822
33282	-3981.51	-4242.623	261.1128	1.89534	0.757603	0.242397	1.470924
33288	-3988.798	-4249.946	261.1482	2.073838	0.757603	0.242397	1.303614
33294	-3998.829	-4258.986	260.1564	1.657873	0.631797	0.368203	2.288963
33300	-4000.928	-4262.251	261.3224	2.04709	0.757253	0.242747	1.180077
33306	-3990.529	-4251.842	261.313	1.992067	0.700749	0.299251	1.235098
33312	-3979.626	-4240.883	261.2569	2.094581	0.682775	0.317225	1.195687
33318	-3974.457	-4235.714	261.2574	2.100591	0.659242	0.340758	1.190008
33324	-3991.248	-4252.472	261.2242	2.047406	0.728451	0.271549	1.263008
33330	-3998.63	-4259.867	261.2369	2.034709	0.66082	0.33918	1.263008
33336	-3990.771	-4251.949	261.1779	2.040725	0.629977	0.370023	1.306368
33342	-3976.712	-4238.002	261.2899	2.077889	0.729701	0.270299	1.181615
33348	-3980.088	-4241.326	261.2377	2.06664	0.680135	0.319865	1.235727
33354	-3991.22	-4252.45	261.2291	2.138122	0.675045	0.324955	1.182089
33360	-3991.815	-4253.193	261.3781	2.138122	0.675045	0.324955	1.046817
33366	-3980.36	-4241.776	261.4162	2.095052	0.675045	0.324955	1.051581
33372	-3986.747	-4248.072	261.3253	2.185667	0.660302	0.339698	1.051859
33378	-3979.837	-4241.222	261.3842	2.222418	0.647141	0.352859	0.9565045
33384	-3990.267	-4251.695	261.4275	2.179106	0.701831	0.298169	0.9565045
33390	-4001.514	-4262.538	261.0239	1.923446	0.658034	0.341966	1.516592
33396	-3998.487	-4259.399	260.9118	1.832174	0.705279	0.294721	1.664982
33402	-3996.684	-4257.122	260.4385	1.589387	0.69643	0.30357	2.15108
33408	-3991.703	-4251.372	259.6684	1.54138	0.724454	0.275546	2.667761
33414	-3987.279	-4246.641	259.3622	1.602171	0.747511	0.252489	2.817832
33420	-3987.826	-4249.23	261.4039	2.031422	0.735653	0.264347	1.121932
33426	-3990.168	-4251.539	261.3704	2.133839	0.694842	0.305158	1.058236
33432	-4006.062	-4266.221	260.1596	1.65922	0.742366	0.257634	2.286053
33438	-3999.396	-4259.28	259.884	1.584233	0.713923	0.286077	2.507566
33444	-4000.452	-4260.675	260.2239	1.541162	0.663049	0.336951	2.320378
33450	-3994.729	-4256.058	261.3285	2.035989	0.709988	0.290012	1.184411
33456	-3996.833	-4258.161	261.3285	2.035989	0.673415	0.326585	1.184411
33462	-3993.415	-4254.869	261.454	2.113853	0.757972	0.242028	0.9961956
33468	-3988.272	-4249.634	261.3619	2.208215	0.727514	0.272486	0.9939901
33474	-3980.211	-4241.499	261.2875	2.262887	0.679017	0.320983	1.013636
33480	-3973.488	-4234.847	261.3595	2.143431	0.647615	0.352385	1.059457
33486	-3984.149	-4245.486	261.3362	2.170585	0.683245	0.316755	1.055766
33492	-3983.348	-4244.767	261.4199	2.087373	0.639019	0.360981	1.055303
33498	-3990.955	-4252.262	261.3067	2.069759	0.648599	0.351401	1.174033
33504	-3996.181	-4257.574	261.3937	2.211491	0.659717	0.340283	0.958032
33510	-3999.444	-4260.696	261.2525	2.146627	0.693407	0.306593	1.154152
33516	-3987.195	-4248.486	261.2906	2.108591	0.62954	0.37046	1.154152
33522	-3991.054	-4252.436	261.3827	2.018327	0.67623	0.32377	1.152519
33528	-3981.626	-4242.93	261.3035	1.992739	0.61287	0.38713	1.242502
33534	-3986.239	-4247.572	261.3327	2.047606	0.619118	0.380882	1.170673
33540	-3989.806	-4251.208	261.4025	2.095237	0.737817	0.262183	1.064354
33546	-3995.466	-4256.842	261.3757	2.111937	0.665034	0.334966	1.073849
33552	-3994.363	-4255.65	261.2867	2.080085	0.758246	0.241754	1.182446
33558	-3988.649	-4249.935	261.2859	2.163157	0.743367	0.256633	1.109489
33564	-3994.091	-4255.424	261.3326	2.02044	0.662509	0.337491	1.194286
33570	-3994.588	-4255.807	261.2187	2.031515	0.662509	0.337491	1.280588
33576	-4001.075	-4262.327	261.2516	2.079067	0.672432	0.327568	1.213443
33582	-4003.276	-4264.203	260.927	1.892313	0.545001	0.454999	1.610707
33588	-3993.84	-4254.796	260.9565	1.86049	0.661772	0.338228	1.612444
33594	-4004.496	-4265.689	261.1935	1.862303	0.646835	0.353165	1.434595
33600	-3993.238	-4254.488	261.2498	1.96067	0.558552	0.441448	1.312947
33606	-3993.578	-4254.82	261.2418	2.004024	0.799016	0.200984	1.284162
33612	-3984.179	-4245.654	261.4748	2.142	0.662488	0.337512	0.9457703
33618	-3981.383	-4242.8	261.4164	2.095146	0.662488	0.337512	1.051306
33624	-3997.257	-4258.612	261.3551	2.076931	0.662488	0.337512	1.124826
33630	-3993.267	-4254.659	261.3918	2.040296	0.662488	0.337512	1.124826
33636	-3998.113	-4259.475	261.3614	2.0016	0.662488	0.337512	1.185719
33642	-3989.989	-4250.488	260.499	1.768609	0.710695	0.289305	1.99308
33648	-3989.433	-4250.542	261.1087	1.887151	0.710695	0.289305	1.480201
33654	-3975.47	-4236.624	261.1543	1.891947	0.56818	0.43182	1.441887
33660	-3981.849	-4243.081	261.2323	2.037134	0.602592	0.397408	1.264777
33666	-3976.481	-4237.795	261.3137	1.956905	0.724499	0.275501	1.263827
33672	-3986.616	-4247.99	261.3738	2.201235	0.73179	0.26821	0.9889563
33678	-3991.907	-4253.366	261.4586	2.243735	0.729781	0.270219	0.8490684
33684	-3990.358	-4251.746	261.3876	2.260591	0.662708	0.337292	0.9117892
33690	-3990.986	-4252.416	261.4298	2.314711	0.715558	0.284442	0.7952358
33696	-3994.769	-4256.155	261.3861	2.391927	0.745443	0.254557	0.7475487
33702	-4002.696	-4264.086	261.3899	2.425741	0.662497	0.337503	0.6851247
33708	-3996.943	-4258.307	261.3634	2.406167	0.699835	0.300165	0.760079
33714	-3991.393	-4252.855	261.4623	2.247851	0.735096	0.264904	0.8394622
33720	-3993.035	-4254.332	261.2964	2.273799	0.692989	0.307011	0.9938601
33726	-4009.913	-4271.276	261.3635	2.260406	0.676439	0.323561	0.9381977
33732	-4011.011	-4272.372	261.3602	2.32233	0.679558	0.320442	0.8727301
33738	-4007.204	-4268.492	261.2879	2.293219	0.679558	0.320442	0.9828063
33744	-3999.949	-4261.397	261.4483	2.246588	0.703071	0.296929	0.8580905
33750	-4011.348	-4272.719	261.3707	2.295939	0.764137	0.235863	0.8910433
33756	-4012.044	-4273.433	261.3892	2.199516	0.57199	0.42801	0.9750989
33762	-3996.513	-4257.817	261.3043	2.204958	0.750787	0.249213	1.053489
33768	-4003.462	-4264.927	261.4647	2.204958	0.772527	0.227473	0.8875446
33774	-4008.899	-4270.327	261.4277	2.288079	0.66004	0.33996	0.8324828
33780	-3986.057	-4247.526	261.4686	2.284207	0.6742	0.3258	0.7838779
33786	-3993.712	-4255.15	261.4378	2.284207	0.740392	0.259608	0.8245956
33792	-3997.245	-4258.653	261.4078	2.303221	0.771908	0.228092	0.8384637
33798	-3998.846	-4260.249	261.4027	2.272122	0.771908	0.228092	0.8816137
33804	-4014.361	-4275.88	261.5188	2.195205	0.705985	0.294015	0.8346836
33810	-3985.672	-4247.112	261.4403	2.27373	0.681784	0.318216	0.8346836
33816	-4000.247	-4261.695	261.4478	2.266266	0.739523	0.260477	0.8346836
33822	-3986.786	-4248.256	261.4698	2.286428	0.66164	0.33836	0.7792151
33828	-3982.584	-4243.988	261.4038	2.27338	0.687082	0.312918	0.8789694
33834	-3973.913	-4235.279	261.3662	2.278764	0.70583	0.29417	0.9153308
33840	-3980.588	-4241.962	261.3749	2.270037	0.678788	0.321212	0.9153308
33846	-3981.705	-4243.066	261.3609	2.233769	0.678788	0.321212	0.9689735
33852	-3976.593	-4237.965	261.3723	2.225003	0.703251	0.296749	0.9662521
33858	-3986.567	-4247.967	261.4004	2.144099	0.770263	0.229737	1.019409
33864	-3997.872	-4259.264	261.3914	2.392056	0.781428	0.218572	0.7392099
33870	-3988.457	-4249.907	261.4501	2.094573	0.77515	0.22485	1.019273
33876	-3991.679	-4253.132	261.4529	2.119888	0.755387	0.244613	0.9912349
33882	-3992.437	-4253.781	261.3445	2.00853	0.804972	0.195028	1.194339
33888	-3998.378	-4259.628	261.2504	1.990302	0.737468	0.262532	1.28835
33894	-3982.618	-4243.901	261.2832	2.023112	0.632789	0.367211	1.234009
33900	-3979.998	-4241.281	261.2832	2.023112	0.632789	0.367211	1.234009
33906	-3989.024	-4250.348	261.3239	1.982432	0.69469	0.30531	1.234009
33912	-3979.007	-4240.361	261.3541	1.952233	0.644312	0.355688	1.234009
33918	-3976.409	-4237.827	261.4177	2.04238	0.629012	0.370988	1.099338
33924	-3976.187	-4237.562	261.3742	2.085915	0.681089	0.318911	1.099338
33930	-3990.221	-4251.616	261.3944	2.155281	0.640018	0.359982	1.014259
33936	-3995.432	-4256.759	261.3261	2.223661	0.713709	0.286291	1.014259
33942	-3990.006	-4251.419	261.4127	2.201138	0.681905	0.318095	0.948947
33948	-3980.978	-4242.409	261.4312	2.150712	0.769504	0.230496	0.9819857
33954	-3991.278	-4252.588	261.3104	2.150712	0.788643	0.211357	1.098428
33960	-4003.577	-4264.924	261.3468	2.008806	0.741936	0.258064	1.192072
33966	-3996.971	-4258.16	261.1898	2.008806	0.58284	0.41716	1.322483
33972	-3993.983	-4255.198	261.2151	1.983508	0.71964	0.28036	1.322483
33978	-3993.522	-4254.544	261.0214	1.865169	0.725417	0.274583	1.561613
33984	-3992.533	-4253.713	261.1792	2.041413	0.660263	0.339737	1.304739
33990	-3999.868	-4261.053	261.1856	1.970474	0.689273	0.310727	1.356448
33996	-3997.809	-4258.96	261.1514	1.969215	0.744707	0.255293	1.384372
34002	-3987.259	-4248.373	261.1135	1.991974	0.58637	0.41363	1.3962
34008	-3991.946	-4253.113	261.1663	1.939094	0.708756	0.291244	1.3962
34014	-4010.119	-4271.221	261.1018	1.856521	0.72693	0.27307	1.508406
34020	-3991.095	-4252.45	261.3551	1.928978	0.728283	0.271717	1.252638
34026	-3985.607	-4246.838	261.2306	1.930878	0.675244	0.324756	1.352182
34032	-3985.324	-4246.343	261.0186	1.855988	0.696165	0.303835	1.570389
34038	-3999.893	-4260.558	260.6649	1.715598	0.624688	0.375312	1.917262
34044	-3985.251	-4245.913	260.6627	1.719577	0.803353	0.196647	1.916064
34050	-3987.835	-4248.444	260.6094	1.772876	0.681746	0.318254	1.916064
34056	-3985.496	-4246.014	260.5184	1.69321	0.741778	0.258222	2.030342
34062	-4006.927	-4267.614	260.6871	1.738253	0.694502	0.305498	1.886836
34068	-3999.114	-4259.949	260.8354	1.823338	0.694502	0.305498	1.725373
34074	-3990.565	-4251.425	260.86	1.795707	0.72782	0.27218	1.72752
34080	-3989.753	-4250.939	261.186	1.9774	0.770482	0.229518	1.350664
34086	-3994.728	-4255.913	261.1847	1.978693	0.719644	0.280356	1.350664
34092	-3986.813	-4247.929	261.1161	2.056806	0.723613	0.276387	1.343111
34098	-3983.353	-4244.339	260.9864	2.019668	0.712988	0.287012	1.472459
34104	-4000.924	-4262.085	261.1612	1.92071	0.663531	0.336469	1.414443
34110	-3989.419	-4250.372	260.9528	1.879717	0.663531	0.336469	1.601161
34116	-3997.086	-4258.199	261.1128	1.877392	0.770538	0.229462	1.484511
34122	-3994.215	-4255.346	261.1309	1.920479	0.649651	0.350349	1.437967
34128	-3987.929	-4249.043	261.1144	1.987299	0.746984	0.253016	1.399103
34134	-3996.951	-4258.091	261.1406	2.008369	0.717908	0.282092	1.362045
34140	-3990.638	-4251.796	261.1581	1.883583	0.72821	0.27179	1.445362
34146	-3994.645	-4255.694	261.049	2.068324	0.585906	0.414094	1.386927
34152	-3991.067	-4252.484	261.4173	2.092824	0.600557	0.399443	1.052624
34158	-3990.883	-4252.137	261.2542	2.218105	0.728851	0.271149	1.088086
34164	-3989.748	-4250.961	261.2123	2.141329	0.638512	0.361488	1.193844
34170	-4002.874	-4263.796	260.9219	1.831856	0.643047	0.356953	1.657939
34176	-4001.714	-4262.651	260.9378	1.831856	0.680113	0.319887	1.646572
34182	-3994.484	-4255.738	261.2539	2.03785	0.680113	0.319887	1.246204
34188	-3992.039	-4253.307	261.2676	2.03785	0.68441	0.31559	1.234776
34194	-4007.988	-4269.137	261.1493	1.996764	0.688471	0.311529	1.364373
34200	-3986.135	-4247.324	261.1886	1.957252	0.625309	0.374691	1.364506
34206	-3989.951	-4251.252	261.3003	1.93442	0.634996	0.365004	1.293271
34212	-3992.549	-4253.44	260.891	1.911005	0.634996	0.365004	1.623288
34218	-3997.192	-4257.934	260.7421	1.868442	0.724401	0.275599	1.759218
34224	-3993.639	-4254.455	260.8161	1.76345	0.717173	0.282827	1.78081
34230	-3988.603	-4249.962	261.3589	2.138879	0.735661	0.264339	1.064372
34236	-3999.512	-4260.864	261.3513	2.081669	0.736023	0.263977	1.123989
34242	-3981.137	-4242.549	261.4126	2.207583	0.705487	0.294513	0.9421457
34248	-3982.371	-4243.768	261.3968	2.255792	0.585919	0.414081	0.9068649
34254	-3978.193	-4239.59	261.3974	2.255241	0.706066	0.293934	0.9068649
34260	-3983.826	-4245.272	261.4465	2.206112	0.708502	0.291498	0.9068649
34266	-3986.119	-4247.626	261.5074	2.206112	0.695036	0.304964	0.835321
34272	-3982.586	-4244.01	261.4239	2.258795	0.642091	0.357909	0.8724674
34278	-3983.9	-4245.302	261.4019	2.198041	0.655209	0.344791	0.9634996
34284	-3980.564	-4241.988	261.4238	2.237174	0.675052	0.324948	0.8974285
34290	-3988.75	-4250.147	261.3975	2.280503	0.705086	0.294914	0.8780212
34296	-4002.068	-4263.512	261.4438	2.194806	0.721622	0.278378	0.9222881
34302	-3992.482	-4253.87	261.3874	2.093279	0.680085	0.319915	1.080303
34308	-4015.861	-4277.283	261.4217	2.078462	0.770097	0.229903	1.062063
34314	-4002.818	-4264.098	261.2797	1.994909	0.651023	0.348977	1.260472
34320	-3998.088	-4259.314	261.226	2.066096	0.651023	0.348977	1.24591
34326	-3997.648	-4258.802	261.1535	2.077	0.622548	0.377452	1.296704
34332	-3997.07	-4258.103	261.0329	2.027349	0.635477	0.364523	1.431195
34338	-3993.085	-4253.987	260.902	1.858263	0.706412	0.293588	1.653268
34344	-3989.712	-4250.922	261.2098	1.94442	0.605524	0.394476	1.357929
34350	-3988.212	-4249.43	261.2182	1.95097	0.686561	0.313439	1.346067
34356	-3987.965	-4248.951	260.9863	1.946507	0.688517	0.311483	1.527444
34362	-4006.192	-4267.298	261.1063	1.982022	0.722012	0.277988	1.409526
34368	-3989.939	-4250.985	261.0465	1.940209	0.667848	0.332152	1.487092
34374	-3994.764	-4255.946	261.1822	1.962333	0.722133	0.277867	1.365535
34380	-3990.602	-4251.779	261.1766	1.880889	0.646817	0.353183	1.433269
34386	-3987.705	-4248.876	261.1709	1.883956	0.775495	0.224505	1.435337
34392	-3981.667	-4242.709	261.0421	1.837086	0.626007	0.373993	1.567073
34398	-3985.297	-4246.227	260.9301	1.910205	0.626007	0.373993	1.595485
34404	-3986.529	-4247.75	261.2213	1.947272	0.672131	0.327869	1.34656
34410	-3983.223	-4244.561	261.3383	2.087604	0.730783	0.269217	1.130339
34416	-3975.176	-4236.515	261.3393	2.015823	0.628845	0.371155	1.192476
34422	-3984.87	-4246.267	261.397	2.123349	0.779296	0.220704	1.042846
34428	-3970.342	-4231.697	261.3552	2.165147	0.693268	0.306732	1.042846
34434	-3975.812	-4237.066	261.254	2.132277	0.693268	0.306732	1.165486
34440	-3986.427	-4247.718	261.291	2.082158	0.666949	0.333051	1.17688
34446	-3983.542	-4244.817	261.2755	2.097658	0.623036	0.376964	1.17688
34452	-3993.564	-4254.712	261.1481	1.989672	0.763307	0.236693	1.370869
34458	-3985.79	-4247.042	261.2518	1.90718	0.620237	0.379763	1.354149
34464	-3979.841	-4241.124	261.2829	2.0728	0.674276	0.325724	1.192012
34470	-3965.063	-4226.351	261.288	2.119524	0.645674	0.354326	1.146753
34476	-3971.526	-4232.866	261.3401	2.067445	0.639219	0.360781	1.146753
34482	-3971.97	-4233.292	261.3225	2.012946	0.682368	0.317632	1.209391
34488	-3969.051	-4230.326	261.2752	2.060198	0.682368	0.317632	1.209391
34494	-3984.479	-4245.845	261.3657	1.969713	0.628609	0.371391	1.209391
34500	-3977.049	-4238.199	261.1494	1.969713	0.77643	0.22357	1.38552
34506	-3989.746	-4250.934	261.1873	1.931823	0.67807	0.32193	1.38552
34512	-3991.008	-4252.292	261.2833	1.996173	0.609566	0.390434	1.25643
34518	-3991.566	-4252.642	261.0754	1.906395	0.593371	0.406629	1.490805
34524	-3992.624	-4253.772	261.1479	1.899297	0.634618	0.365382	1.441207
34530	-3994.463	-4255.581	261.1175	1.949378	0.755623	0.244377	1.42603
34536	-3986.127	-4247.187	261.0596	1.920467	0.6223	0.3777	1.492089
34542	-3991.336	-4252.235	260.8985	1.85622	0.602224	0.397776	1.657245
34548	-3986.45	-4247.258	260.808	1.817709	0.708824	0.291176	1.748595
34554	-3984.072	-4245.481	261.4095	2.159007	0.705628	0.294372	0.9956059
34560	-3994.489	-4255.881	261.3921	2.08843	0.676372	0.323628	1.080459
34566	-3994.349	-4255.702	261.3531	2.127499	0.550319	0.449681	1.080459
34572	-3990.13	-4251.488	261.3575	2.085573	0.740547	0.259453	1.114851
34578	-3982.188	-4243.556	261.3681	2.154221	0.669615	0.330385	1.040989
34584	-3988.303	-4249.738	261.4352	2.237542	0.791013	0.208987	0.8840782
34590	-3982.001	-4243.444	261.4437	2.244337	0.662132	0.337868	0.8661798
34596	-3978.589	-4240.016	261.4267	2.225632	0.760267	0.239733	0.9072161
34602	-3994.033	-4255.524	261.4908	2.055807	0.715158	0.284842	1.017289
34608	-3989.972	-4251.184	261.2124	2.105304	0.676029	0.323971	1.224406
34614	-3998.629	-4260.021	261.3922	1.983081	0.714126	0.285874	1.175053
34620	-3982.595	-4243.829	261.2343	2.013891	0.750077	0.249923	1.282229
34626	-3981.23	-4242.511	261.2813	2.026433	0.832482	0.167518	1.23284
34632	-3984.377	-4245.661	261.2843	2.026433	0.651439	0.348561	1.230299
34638	-3981.746	-4243.061	261.315	2.065088	0.648093	0.351907	1.170905
34644	-3992.471	-4253.932	261.4608	2.063563	0.648093	0.351907	1.039024
34650	-3976.01	-4237.283	261.2727	2.133793	0.691594	0.308406	1.147696
34656	-3993.599	-4254.887	261.2886	2.033763	0.822657	0.177343	1.220486
34662	-3975.915	-4236.973	261.0576	1.993778	0.700139	0.299861	1.437986
34668	-3984.984	-4246.155	261.1707	1.829444	0.713197	0.286803	1.476937
34674	-3979.718	-4240.834	261.116	1.985344	0.753814	0.246186	1.399365
34680	-3987.174	-4247.891	260.7166	1.814534	0.743548	0.256452	1.814361
34686	-3994.629	-4255.428	260.7988	1.782638	0.714666	0.285334	1.779469
34692	-4005.989	-4267.162	261.173	1.871904	0.652999	0.347001	1.442959
34698	-4013.901	-4274.675	260.7743	1.735404	0.652999	0.347001	1.829101
34704	-3997.987	-4259.185	261.1979	2.069825	0.641067	0.358933	1.266177
34710	-3985.435	-4246.701	261.2661	2.071916	0.641067	0.358933	1.207149
34716	-3997.373	-4258.696	261.323	2.126368	0.648849	0.351151	1.109136
34722	-3994.992	-4256.354	261.3612	2.303987	0.688779	0.311221	0.8926653
34728	-4014.967	-4276.357	261.39	2.292937	0.720558	0.279442	0.8722195
34734	-4026.949	-4288.079	261.13	1.949083	0.63692	0.36308	1.416653
34740	-4007.643	-4268.581	260.9384	1.820778	0.765687	0.234313	1.654113
34746	-4002.537	-4263.565	261.0286	1.820778	0.65514	0.34486	1.588834
34752	-3990.613	-4251.802	261.1896	1.902007	0.65514	0.34486	1.406983
34758	-3999.453	-4260.519	261.0656	1.911409	0.679617	0.320383	1.494418
34764	-4003.607	-4264.32	260.713	1.793621	0.597248	0.402752	1.831211
34770	-3986.585	-4247.765	261.18	1.875328	0.698818	0.301182	1.434961
34776	-4000.125	-4261.309	261.1845	1.928619	0.658296	0.341704	1.390222
34782	-3995.166	-4256.351	261.1845	1.928619	0.741792	0.258208	1.390222
34788	-4001.582	-4262.393	260.8106	1.882559	0.678992	0.321008	1.701113
34794	-3995.366	-4256.092	260.7259	1.688233	0.678992	0.321008	1.894418
34800	-4000.325	-4260.947	260.6228	1.792881	0.697294	0.302706	1.893375
34806	-3986.973	-4247.772	260.799	1.754934	0.653885	0.346115	1.798544
34812	-3994.76	-4255.433	260.6723	1.805828	0.716358	0.283642	1.850814
34818	-4003.492	-4264.175	260.6827	1.750988	0.61796	0.38204	1.881142
34824	-3990.725	-4252.002	261.2772	2.035586	0.624035	0.375965	1.228613
34830	-3995.32	-4256.133	260.8133	1.749174	0.687382	0.312618	1.792686
34836	-3999.149	-4259.908	260.7592	1.803194	0.726598	0.273402	1.792686
34842	-3986.204	-4247.014	260.8105	1.751979	0.696638	0.303362	1.792686
34848	-3983.027	-4243.652	260.6254	1.795681	0.724663	0.275337	1.889702
34854	-3985.336	-4246.065	260.7295	1.728565	0.782492	0.217508	1.86449
34860	-3987.319	-4248.462	261.1426	1.930522	0.65468	0.34532	1.421265
34866	-3977.504	-4238.683	261.1798	1.948294	0.721967	0.278033	1.378485
34872	-3986.801	-4248.015	261.2138	1.936123	0.691948	0.308052	1.361291
34878	-3988.135	-4249.237	261.1021	1.952946	0.771395	0.228605	1.435154
34884	-3988.059	-4249.056	260.9971	1.928798	0.749574	0.250426	1.532602
34890	-3992.493	-4253.45	260.9573	1.901457	0.661814	0.338186	1.582003
34896	-3992.531	-4253.686	261.1553	1.985412	0.657261	0.342739	1.368537
34902	-3995.669	-4256.795	261.1258	2.014972	0.675517	0.324483	1.368537
34908	-3987.763	-4248.968	261.2045	2.023037	0.686717	0.313283	1.299109
34914	-3988.277	-4249.61	261.333	1.999857	0.724652	0.275348	1.211542
34920	-3996.045	-4257.223	261.1786	2.195377	0.696253	0.303747	1.176235
34926	-3986.933	-4248.261	261.3281	2.224324	0.715125	0.284875	1.011612
34932	-3991.351	-4252.671	261.3206	2.230767	0.642395	0.357605	1.012661
34938	-3983.251	-4244.67	261.4187	2.178407	0.708909	0.291091	0.9663562
34944	-3984.85	-4246.256	261.4065	2.184368	0.708909	0.291091	0.9728329
34950	-3985.203	-4246.63	261.4273	2.170086	0.708909	0.291091	0.9661486
34956	-3987.352	-4248.8	261.4485	2.18268	0.650412	0.349588	0.9304102
34962	-4001.381	-4262.864	261.4824	2.24844	0.687478	0.312522	0.8132742
34968	-3999.168	-4260.564	261.3965	2.302784	0.720476	0.279524	0.8528226
34974	-4002.359	-4263.753	261.3943	2.377528	0.648535	0.351465	0.7567635
34980	-3993.955	-4255.424	261.4691	2.20957	0.555915	0.444085	0.8772362
34986	-3988.756	-4250.196	261.4407	2.372083	0.668568	0.331432	0.6905052
34992	-4004.463	-4265.416	260.9536	1.804655	0.673584	0.326416	1.654754
34998	-4005.427	-4266.349	260.9215	1.836694	0.75156	0.24844	1.654754
35004	-3993.674	-4255.064	261.3895	2.379682	0.682692	0.317308	0.7607553
35010	-3982.829	-4244.257	261.4277	2.338729	0.690154	0.309846	0.76475
35016	-3985.346	-4246.754	261.4071	2.235526	0.63649	0.36351	0.9178829
35022	-3983.264	-4244.702	261.4374	2.228988	0.69059	0.30941	0.8913816
35028	-3985.422	-4246.827	261.4049	2.16477	0.77925	0.22075	0.9943956
35034	-3992.356	-4253.314	260.9574	1.992196	0.667389	0.332611	1.514957
35040	-3997.746	-4258.715	260.9691	1.980505	0.696133	0.303867	1.514957
35046	-4001.473	-4262.548	261.0744	1.975409	0.651182	0.348818	1.439207
35052	-4002.108	-4263.29	261.1819	1.989173	0.651866	0.348134	1.344524
35058	-4000.958	-4262.215	261.2568	1.926875	0.708003	0.291997	1.334443
35064	-3995.361	-4256.529	261.1679	1.838106	0.750527	0.249473	1.472551
35070	-3987.594	-4248.768	261.1744	2.005775	0.689116	0.310884	1.337271
35076	-3990.546	-4251.917	261.3707	1.972915	0.677037	0.322963	1.202379
35082	-3984.89	-4246.022	261.1319	2.002992	0.65278	0.34722	1.373135
35088	-3976.98	-4238.153	261.1736	1.924532	0.669918	0.330082	1.401886
35094	-3987.402	-4248.548	261.1458	1.95232	0.724072	0.275928	1.401886
35100	-3989.461	-4250.726	261.2654	1.913736	0.716579	0.283421	1.33813
35106	-4006.564	-4267.703	261.1381	1.932142	0.744882	0.255118	1.423451
35112	-4000.712	-4261.957	261.2449	2.170235	0.761293	0.238707	1.139979
35118	-4002.79	-4264.183	261.3934	2.103474	0.700376	0.299624	1.06519
35124	-4007.557	-4268.814	261.2574	1.998059	0.652262	0.347738	1.2763
35130	-4000.776	-4261.876	261.0995	1.894165	0.626353	0.373647	1.481847
35136	-4008.813	-4269.921	261.1071	1.970359	0.626353	0.373647	1.417879
35142	-3996.816	-4257.882	261.0662	1.871421	0.587039	0.412961	1.523858
35148	-4012.39	-4273.487	261.0967	1.974036	0.534162	0.465838	1.423131
35154	-4013.716	-4274.817	261.1008	1.903191	0.667377	0.332623	1.474033
35160	-4010.593	-4271.797	261.204	1.982066	0.647881	0.352119	1.332527
35166	-3989.448	-4250.548	261.1	1.958709	0.647881	0.352119	1.432352
35172	-4006.343	-4267.655	261.3123	2.005263	0.745212	0.254788	1.224591
35178	-4007.892	-4269.219	261.327	1.99052	0.745212	0.254788	1.224591
35184	-3988.462	-4249.569	261.1062	1.913281	0.732189	0.267811	1.462316
35190	-3989.691	-4250.794	261.1032	1.916308	0.640038	0.359962	1.462316
35196	-3986.705	-4247.777	261.0715	1.947943	0.720391	0.279609	1.462316
35202	-3987.826	-4248.955	261.1289	1.960915	0.688123	0.311877	1.408316
35208	-3979.588	-4240.728	261.1399	1.938677	0.730705	0.269295	1.417043
35214	-3973.323	-4234.37	261.0474	2.010442	0.666404	0.333596	1.433033
35220	-3991.303	-4252.42	261.1165	2.034693	0.606647	0.393353	1.360317
35226	-3971.087	-4232.448	261.3607	2.11166	0.692762	0.307238	1.08803
35232	-3989.811	-4251.051	261.2406	2.02794	0.697783	0.302217	1.26551
35238	-3990.696	-4252.059	261.3636	2.02794	0.734671	0.265329	1.160826
35244	-3985.901	-4247.213	261.3129	2.124271	0.718244	0.281756	1.120248
35250	-3988.765	-4250.075	261.3099	2.124271	0.774834	0.225166	1.122905
35256	-3984.251	-4245.581	261.3299	2.168032	0.771527	0.228473	1.06418
35262	-3981.599	-4242.927	261.328	2.220123	0.69957	0.30043	1.015801
35268	-3981.378	-4242.74	261.3625	2.146254	0.732943	0.267057	1.053964
35274	-3978.102	-4239.466	261.3643	2.144424	0.732943	0.267057	1.053964
35280	-3971.132	-4232.546	261.4142	2.128208	0.735108	0.264892	1.021478
35286	-3976.447	-4237.801	261.3538	2.185987	0.714185	0.285815	1.023978
35292	-3984.428	-4245.771	261.3426	2.186861	0.714185	0.285815	1.034029
35298	-3990.106	-4251.408	261.3018	2.247521	0.748048	0.251952	1.014683
35304	-3987.379	-4248.773	261.3945	2.13336	0.748623	0.251377	1.035646
35310	-3987.693	-4248.923	261.2306	2.052938	0.704656	0.295344	1.253115
35316	-3992.918	-4254.024	261.1054	2.052938	0.655981	0.344019	1.354662
35322	-3984.645	-4245.701	261.0561	1.982183	0.519343	0.480657	1.44799
35328	-3988.968	-4250.018	261.0503	1.982183	0.592235	0.407765	1.452417
35334	-3985.849	-4246.979	261.1298	1.972035	0.70887	0.29113	1.398983
35340	-3998.73	-4259.738	261.0076	1.852267	0.583715	0.416285	1.581224
35346	-3989.741	-4250.602	260.8616	1.802626	0.675203	0.324797	1.721516
35352	-3969.817	-4230.658	260.8412	1.823071	0.632279	0.367721	1.721516
35358	-3983.841	-4244.736	260.8945	1.798325	0.569808	0.430192	1.701344
35364	-3984.442	-4245.531	261.0898	1.805621	0.617843	0.382157	1.555132
35370	-3984.578	-4245.7	261.1219	1.909385	0.735267	0.264733	1.45332
35376	-3984.081	-4245.196	261.1154	1.862936	0.73542	0.26458	1.493369
35382	-3990.483	-4251.431	260.948	1.881162	0.73542	0.26458	1.603568
35388	-3976.913	-4237.957	261.0441	1.868066	0.674681	0.325319	1.542743
35394	-3964.99	-4226.049	261.0589	1.878137	0.675443	0.324557	1.524283
35400	-4002.92	-4264.222	261.302	2.052977	0.709994	0.290006	1.192622
35406	-3977.65	-4238.951	261.3011	2.052977	0.709994	0.290006	1.193446
35412	-3990.829	-4252.05	261.2211	2.072737	0.761261	0.238739	1.244461
35418	-4007.495	-4268.655	261.1602	1.992908	0.62205	0.37795	1.358826
35424	-3988.857	-4250.233	261.3766	2.039236	0.686285	0.313715	1.139352
35430	-3990.389	-4251.681	261.2924	2.028353	0.728859	0.271141	1.221815
35436	-3990.403	-4251.635	261.2317	1.896544	0.631792	0.368208	1.378399
35442	-3983.085	-4244.263	261.1787	1.949526	0.562559	0.437441	1.378399
35448	-3993.215	-4254.403	261.1873	1.940871	0.701384	0.298616	1.378399
35454	-3988.443	-4249.648	261.2052	1.953785	0.74288	0.25712	1.354097
35460	-3993.868	-4255.113	261.2445	2.149636	0.670538	0.329462	1.15859
35466	-3984.604	-4245.828	261.2234	1.940896	0.670538	0.329462	1.34995
35472	-3990.069	-4251.237	261.168	1.91556	0.771906	0.228094	1.413194
35478	-3987.044	-4248.209	261.1654	1.894904	0.774843	0.225157	1.431094
35484	-3999.503	-4260.38	260.8771	1.745773	0.729995	0.270005	1.750584
35490	-3994.163	-4254.959	260.7964	1.826465	0.734303	0.265697	1.750584
35496	-3987.647	-4248.528	260.8813	1.741614	0.701144	0.298856	1.750584
35502	-3988.081	-4248.961	260.8797	1.743195	0.593638	0.406362	1.750584
35508	-3992.583	-4253.309	260.7263	1.715397	0.729312	0.270688	1.875691
35514	-3988.588	-4249.875	261.2869	2.028034	0.673353	0.326647	1.226811
35520	-3990.725	-4251.844	261.1187	1.865865	0.752693	0.247307	1.488688
35526	-3975.214	-4236.454	261.2401	1.961958	0.674444	0.325556	1.319722
35532	-3964.359	-4225.727	261.3675	2.070412	0.653005	0.346995	1.119525
35538	-3982.905	-4244.272	261.367	2.109209	0.672039	0.327961	1.084491
35544	-3978.788	-4240.163	261.3744	2.076613	0.723093	0.276907	1.107635
35550	-3976.58	-4237.883	261.3032	2.002442	0.664266	0.335734	1.234624
35556	-3978.793	-4240.096	261.3032	2.002442	0.619415	0.380585	1.234624
35562	-3977.835	-4239.089	261.2538	2.051818	0.741373	0.258627	1.234624
35568	-3972.954	-4234.212	261.2572	2.018736	0.589362	0.410638	1.259372
35574	-3993.68	-4254.988	261.3078	2.092031	0.633856	0.366144	1.15354
35580	-3995.532	-4256.813	261.281	2.172949	0.652454	0.347546	1.104964
35586	-3985.049	-4246.452	261.4031	2.172949	0.692285	0.307715	0.9879874
35592	-4001.083	-4262.433	261.3505	2.225539	0.651745	0.348255	0.9879874
35598	-3995.719	-4257.152	261.4334	2.160197	0.654236	0.345764	0.9700455
35604	-3993.281	-4254.618	261.337	2.271071	0.665066	0.334934	0.9550059
35610	-3988.083	-4249.478	261.3942	2.283742	0.664569	0.335431	0.8780345
35616	-3981.745	-4243.144	261.3984	2.289637	0.688312	0.311688	0.8661585
35622	-3992.552	-4253.981	261.4289	2.35513	0.642747	0.357253	0.7384315
35628	-3986.266	-4247.615	261.3489	2.475277	0.642747	0.357253	0.6689597
35634	-3990.517	-4251.851	261.3339	2.527246	0.642747	0.357253	0.5732166
35640	-3993.717	-4255.038	261.3206	2.527246	0.640201	0.359799	0.6153384
35646	-4002.386	-4263.743	261.3575	2.488122	0.630276	0.369724	0.6211029
35652	-4013.5	-4274.78	261.2805	2.164918	0.678209	0.321791	1.112731
35658	-4007.54	-4268.815	261.2748	2.049982	0.678209	0.321791	1.218467
35664	-4007.173	-4268.431	261.2583	2.049982	0.733532	0.266468	1.23237
35670	-4006.289	-4267.636	261.3474	2.369689	0.795554	0.204446	0.830788
35676	-3987.063	-4248.509	261.4457	2.309505	0.679171	0.320829	0.7805744
35682	-3998.035	-4259.455	261.4197	2.350982	0.71485	0.28515	0.7584815
35688	-3997.231	-4258.686	261.4555	2.280045	0.679916	0.320084	0.8071455
35694	-3993.936	-4255.365	261.4286	2.361555	0.798945	0.201055	0.7286912
35700	-3988.417	-4249.896	261.4781	2.285869	0.69004	0.30996	0.7681757
35706	-3985.458	-4246.877	261.4197	2.285869	0.76817	0.23183	0.8451372
35712	-3997.741	-4258.784	261.0424	1.843019	0.562394	0.437606	1.562478
35718	-3989.6	-4250.403	260.803	1.773226	0.624964	0.375036	1.783086
35724	-3994.724	-4255.724	260.9996	1.771666	0.706692	0.293308	1.645391
35730	-3985.257	-4246.241	260.9838	1.787489	0.688738	0.311262	1.645391
35736	-3976.321	-4237.229	260.9087	1.802694	0.645928	0.354072	1.688184
35742	-3984.926	-4246.017	261.0908	1.779433	0.581524	0.418476	1.573634
35748	-3978.308	-4239.18	260.8718	1.844089	0.620165	0.379835	1.684989
35754	-3988.228	-4249.295	261.0671	1.932419	0.714166	0.285834	1.477446
35760	-4001.784	-4262.958	261.1737	1.974041	0.714166	0.285834	1.362995
35766	-3985.925	-4247.297	261.372	1.927575	0.73412	0.26588	1.239686
35772	-3993.115	-4254.15	261.0346	1.909706	0.711175	0.288825	1.518856
35778	-3986.436	-4247.285	260.8498	1.779893	0.595092	0.404908	1.745829
35784	-3991.268	-4252.131	260.8634	1.723012	0.677996	0.322004	1.775998
35790	-3989.878	-4250.923	261.0451	1.817978	0.555218	0.444782	1.578877
35796	-3989.474	-4250.43	260.9553	1.817978	0.648892	0.351108	1.643931
35802	-3992.636	-4253.573	260.9372	1.810696	0.739742	0.260258	1.662127
35808	-3985.101	-4246.114	261.0139	1.900713	0.803218	0.196782	1.540945
35814	-3981.63	-4242.702	261.0716	1.971675	0.72879	0.27121	1.444199
35820	-3996.293	-4257.468	261.1748	1.868424	0.678706	0.321294	1.444199
35826	-3992.345	-4253.016	260.671	1.823258	0.732524	0.267476	1.83972
35832	-3996.062	-4256.669	260.6068	1.773797	0.702054	0.297946	1.917204
35838	-3993.072	-4253.71	260.6384	1.774164	0.759672	0.240328	1.895516
35844	-3995.707	-4256.586	260.8789	1.777667	0.759672	0.240328	1.726931
35850	-3986.383	-4247.057	260.6735	1.799155	0.767245	0.232755	1.854505
35856	-3988.292	-4248.833	260.5415	1.719862	0.704811	0.295189	1.997243
35862	-3989.401	-4250.108	260.7077	1.754198	0.658343	0.341657	1.861861
35868	-3982.106	-4243.32	261.2134	1.857832	0.71386	0.28614	1.422702
35874	-3994.147	-4255.004	260.8577	1.857832	0.812681	0.187319	1.685232
35880	-4010.226	-4270.962	260.7361	1.974489	0.635038	0.364962	1.68874
35886	-3991.845	-4252.796	260.9512	1.84706	0.778936	0.221064	1.625995
35892	-3993.731	-4254.549	260.8185	1.875067	0.617247	0.382753	1.700795
35898	-3997.278	-4258.196	260.9183	1.875067	0.69318	0.30682	1.629506
35904	-3974.247	-4235.355	261.1078	1.923713	0.681788	0.318212	1.453192
35910	-3986.496	-4247.456	260.9601	1.896625	0.7311	0.2689	1.583486
35916	-3993.783	-4254.545	260.7627	1.793653	0.621033	0.378967	1.796923
35922	-3992.925	-4253.652	260.7267	1.729281	0.740201	0.259799	1.865911
35928	-4003.878	-4264.571	260.6927	1.763346	0.637683	0.362317	1.865911
35934	-3997.557	-4258.394	260.8376	1.814322	0.595006	0.404994	1.730173
35940	-3987.71	-4248.577	260.8672	1.90212	0.740582	0.259418	1.646808
35946	-3990.342	-4251.286	260.9437	1.864249	0.647586	0.352414	1.618977
35952	-3981.397	-4242.371	260.9742	1.800149	0.647586	0.352414	1.643223
35958	-3991.016	-4251.353	260.3375	1.689044	0.643589	0.356411	2.151958
35964	-3992.354	-4253.307	260.9533	1.940054	0.682266	0.317734	1.556652
35970	-4007.168	-4268.285	261.1174	1.992493	0.682266	0.317734	1.392704
35976	-3990.721	-4251.891	261.1698	2.013188	0.755915	0.244085	1.334998
35982	-3990.379	-4251.802	261.4228	1.99218	0.66516	0.33484	1.140134
35988	-4002.48	-4263.891	261.4112	2.038201	0.645563	0.354437	1.109166
35994	-3991.581	-4252.095	260.514	1.717202	0.705948	0.294052	2.017346
36000	-3979.146	-4239.556	260.4102	1.675756	0.586235	0.413765	2.113147
36006	-3979.135	-4239.533	260.398	1.687981	0.564722	0.435278	2.113147
36012	-3993.793	-4254.197	260.4039	1.671541	0.722233	0.277767	2.120013
36018	-3998.693	-4258.746	260.0529	1.719326	0.710564	0.289436	2.315822
36024	-3994.039	-4254.695	260.6565	1.698283	0.634499	0.365501	1.934591
36030	-4005.089	-4265.183	260.0936	1.652821	0.634499	0.365501	2.332277
36036	-3995.513	-4255.959	260.4461	1.791733	0.571459	0.428541	2.012932
36042	-4000.277	-4261.374	261.0974	1.932851	0.601745	0.398255	1.454146
36048	-3993.339	-4254.594	261.2551	1.908162	0.652747	0.347253	1.350773
36054	-3991.702	-4253.163	261.4607	2.067684	0.611355	0.388645	1.035105
36060	-4000.605	-4261.492	260.8869	1.744503	0.6373	0.3627	1.744576
36066	-3999.499	-4260.195	260.696	1.758846	0.68355	0.31645	1.866731
36072	-3988.344	-4248.791	260.4465	1.706996	0.622773	0.377227	2.068758
36078	-3981.273	-4241.854	260.5812	1.572352	0.662205	0.337795	2.068758
36084	-3984.345	-4244.399	260.0534	1.614513	0.672287	0.327713	2.382076
36090	-3989.277	-4249.605	260.3282	1.644479	0.636571	0.363429	2.186979
36096	-3994.24	-4254.665	260.4251	1.676332	0.662654	0.337346	2.103028
36102	-3993.24	-4253.959	260.7191	1.718123	0.531295	0.468705	1.878732
36108	-3997.922	-4258.632	260.7108	1.69049	0.752368	0.247632	1.903133
36114	-3998.093	-4259.058	260.9648	1.75909	0.669845	0.330155	1.679286
36120	-4001.154	-4262.225	261.0714	1.913546	0.669559	0.330441	1.48847
36126	-4001.582	-4262.559	260.9775	1.913546	0.669559	0.330441	1.558344
36132	-3994.561	-4255.408	260.8467	1.84412	0.641627	0.358373	1.702733
36138	-3990.786	-4251.632	260.8456	1.767448	0.609217	0.390783	1.757429
36144	-3987.537	-4248.372	260.8356	1.777487	0.663151	0.336849	1.757429
36150	-3991.267	-4252.223	260.956	1.849753	0.717698	0.282302	1.620542
36156	-3993.697	-4254.665	260.9678	1.836686	0.717137	0.282863	1.62146
36162	-3998.09	-4258.427	260.3365	1.607144	0.65824	0.34176	2.205739
36168	-3999.788	-4260.215	260.4272	1.571481	0.697416	0.302584	2.170118
36174	-4004.658	-4264.828	260.1698	1.57759	0.677186	0.322814	2.331662
36180	-4016.327	-4277.161	260.8344	1.790495	0.804601	0.195399	1.749168
36186	-4011.931	-4272.95	261.0186	1.754133	0.724077	0.275923	1.644322
36192	-3994.976	-4255.34	260.3643	1.719424	0.668572	0.331428	2.11461
36198	-3992.883	-4253.493	260.6096	1.748419	0.749338	0.250662	1.932404
36204	-3993.051	-4254.133	261.0826	1.816026	0.700633	0.299367	1.552749
36210	-3986.914	-4247.389	260.4755	1.824756	0.709251	0.290749	1.971245
36216	-3986.56	-4247.173	260.6139	1.78934	0.622484	0.377516	1.901867
36222	-3986.05	-4246.741	260.691	1.795431	0.592711	0.407289	1.845128
36228	-3993.611	-4254.452	260.8417	1.828262	0.704419	0.295581	1.717531
36234	-3985.491	-4246.177	260.6859	1.768544	0.717889	0.282111	1.866967
36240	-4000.72	-4262.115	261.3953	2.240041	0.77481	0.22519	0.9258077
36246	-3997.753	-4259.095	261.3423	2.272879	0.754676	0.245324	0.9474425
36252	-3999.23	-4260.541	261.3111	2.237179	0.658369	0.341631	1.015691
36258	-3978.02	-4239.404	261.3838	2.175754	0.682371	0.317629	1.004477
36264	-3983.484	-4244.853	261.3683	2.175754	0.698218	0.301782	1.019847
36270	-3981.222	-4242.568	261.3457	2.139198	0.642336	0.357664	1.076409
36276	-3988.178	-4249.621	261.4431	2.041307	0.737269	0.262731	1.076883
36282	-3988.207	-4249.612	261.4051	2.079291	0.780715	0.219285	1.076883
36288	-3987.448	-4248.788	261.34	2.144397	0.665402	0.334598	1.076883
36294	-3979.008	-4240.348	261.3406	2.214582	0.665402	0.334598	1.008899
36300	-3994.155	-4255.501	261.3462	2.214582	0.756239	0.243761	1.003344
36306	-3989.702	-4251.059	261.3571	2.108255	0.756239	0.243761	1.094526
36312	-3996.353	-4257.815	261.4621	2.184266	0.756239	0.243761	0.9137846
36318	-4010.038	-4271.425	261.3874	2.169806	0.644299	0.355701	1.006817
36324	-4005.785	-4267.166	261.3809	2.192273	0.674076	0.325924	0.9909128
36330	-3988.465	-4249.792	261.3268	2.134031	0.630932	0.369068	1.098707
36336	-3987.818	-4249.193	261.3751	2.085668	0.65682	0.34318	1.098707
36342	-3991.498	-4252.838	261.3408	2.004573	0.526264	0.473736	1.200923
36348	-3988.428	-4249.691	261.2634	2.084069	0.692094	0.307906	1.199099
36354	-3985.391	-4246.706	261.3159	2.079466	0.690352	0.309648	1.157504
36360	-3981.563	-4242.77	261.2074	2.017245	0.690352	0.309648	1.301471
36366	-3985.943	-4247.236	261.2927	2.075927	0.762142	0.237858	1.180842
36372	-3996.014	-4257.312	261.2975	2.022294	0.735195	0.264805	1.22269
36378	-3995.383	-4256.703	261.3195	1.976414	0.772905	0.227095	1.24273
36384	-3995.561	-4256.854	261.293	2.045225	0.772905	0.227095	1.206964
36390	-3988.153	-4249.538	261.3847	2.089078	0.674211	0.325789	1.08678
36396	-3991.973	-4253.247	261.2741	1.908897	0.625341	0.374659	1.33503
36402	-3996.698	-4257.864	261.1665	1.873404	0.625341	0.374659	1.446787
36408	-3999.957	-4261.165	261.2084	1.953766	0.697104	0.302896	1.351608
36414	-3987.725	-4249.11	261.3851	2.160178	0.631718	0.368282	1.018655
36420	-3969.205	-4230.609	261.4048	2.122172	0.721191	0.278809	1.036488
36426	-3991.534	-4252.776	261.2418	2.122172	0.657891	0.342109	1.184872
36432	-3988.349	-4249.773	261.4247	2.061439	0.771617	0.228383	1.075279
36438	-3997.295	-4258.371	261.0764	1.942442	0.665586	0.334414	1.462777
36444	-3990.954	-4251.931	260.9775	1.954481	0.631562	0.368438	1.528082
36450	-4005.655	-4266.876	261.2212	1.989164	0.641927	0.358073	1.313051
36456	-3997.051	-4258.389	261.3379	2.031659	0.680558	0.319442	1.180017
36462	-3993.135	-4254.4	261.2656	2.104022	0.764283	0.235717	1.180017
36468	-3991.289	-4252.653	261.3645	2.022926	0.774117	0.225883	1.164443
36474	-3986.039	-4247.44	261.4008	1.961674	0.628292	0.371708	1.186153
36480	-3974.019	-4235.154	261.1346	1.823435	0.672262	0.327738	1.508606
36486	-3987.347	-4248.267	260.9204	1.744038	0.662424	0.337576	1.721363
36492	-3988.815	-4249.732	260.9172	1.92135	0.73042	0.26958	1.596743
36498	-3982.314	-4243.361	261.0469	1.935244	0.586984	0.413016	1.490508
36504	-3987.996	-4249.067	261.0708	2.065243	0.720423	0.279577	1.372268
36510	-3976.904	-4238.108	261.2039	1.964985	0.755243	0.244757	1.346307
36516	-3980.999	-4242.224	261.224	1.943488	0.73407	0.26593	1.347361
36522	-3983.85	-4245.182	261.3314	1.935249	0.73407	0.26593	1.267047
36528	-3982.866	-4244.051	261.1855	1.930838	0.72494	0.27506	1.387725
36534	-3970.327	-4231.567	261.2398	1.876498	0.72494	0.27506	1.387725
36540	-3984.546	-4245.841	261.2941	1.927319	0.687046	0.312954	1.304084
36546	-3983.706	-4244.974	261.2679	1.953493	0.687046	0.312954	1.304084
36552	-3986.871	-4248.056	261.1855	1.939889	0.743692	0.256308	1.380609
36558	-3992.092	-4253.323	261.2307	1.97173	0.743218	0.256782	1.319426
36564	-4003.14	-4264.435	261.2949	1.966962	0.787801	0.212199	1.271065
36570	-4013.533	-4274.787	261.254	1.997792	0.687407	0.312593	1.279271
36576	-4005.106	-4266.396	261.29	1.876717	0.715079	0.284921	1.348
36582	-4002.314	-4263.629	261.3147	1.951719	0.734023	0.265977	1.26729
36588	-3999.684	-4261.034	261.3501	1.946893	0.647024	0.352976	1.24181
36594	-3989.699	-4250.943	261.244	2.043845	0.602363	0.397637	1.249528
36600	-3988.286	-4249.638	261.3515	2.119709	0.655384	0.344616	1.089146
36606	-4004.976	-4266.45	261.4742	2.099213	0.758356	0.241644	0.9906629
36612	-3999.512	-4260.933	261.4216	2.076756	0.704616	0.295384	1.063821
36618	-3985.295	-4246.719	261.4237	2.047312	0.714049	0.285951	1.089266
36624	-4000.127	-4261.564	261.4369	2.126932	0.714049	0.285951	1.000294
36630	-4004.675	-4265.942	261.2675	1.981243	0.772811	0.227189	1.281769
36636	-4005.56	-4266.718	261.1578	2.057814	0.640605	0.359395	1.308781
36642	-3999.5	-4260.592	261.0919	1.949142	0.726872	0.273128	1.445884
36648	-3993.311	-4254.332	261.021	1.968272	0.661425	0.338575	1.48518
36654	-3983.299	-4244.467	261.1673	2.101273	0.708903	0.291097	1.265505
36660	-3981.287	-4242.483	261.1967	2.112603	0.641614	0.358386	1.231551
36666	-3995.065	-4256.51	261.4449	2.15639	0.728039	0.271961	0.9620361
36672	-3996.242	-4257.456	261.2147	2.119373	0.773316	0.226684	1.21053
36678	-3991.644	-4252.923	261.279	2.070929	0.681602	0.318398	1.19698
36684	-3986.124	-4247.39	261.266	2.047356	0.664545	0.335455	1.228087
36690	-3988.62	-4249.755	261.1351	2.152385	0.664545	0.335455	1.249791
36696	-3983.239	-4244.385	261.1459	2.052021	0.728434	0.271566	1.323067
36702	-3989.413	-4250.611	261.198	2.002106	0.766777	0.233223	1.321337
36708	-3998.915	-4260.045	261.1297	1.937666	0.728507	0.271493	1.425716
36714	-4001.228	-4262.516	261.2884	2.003895	0.739486	0.260514	1.245768
36720	-4006.014	-4267.046	261.0326	1.932272	0.63803	0.36197	1.503544
36726	-4003.158	-4264.166	261.0078	1.957035	0.655069	0.344931	1.503544
36732	-4000.353	-4261.78	261.4266	2.322369	0.703428	0.296572	0.7891131
36738	-3998.58	-4260.034	261.4541	2.248058	0.616167	0.383833	0.8492601
36744	-3996.26	-4257.704	261.4435	2.131551	0.648165	0.351835	0.989013
36750	-4005.823	-4267.263	261.4399	2.131551	0.738097	0.261903	0.9925702
36756	-4009.836	-4271.187	261.3513	2.078828	0.616051	0.383949	1.126545
36762	-3990.716	-4251.885	261.1695	1.982488	0.653807	0.346193	1.359651
36768	-4000.653	-4261.973	261.3196	2.017228	0.726804	0.273196	1.208231
36774	-4000.199	-4261.54	261.3413	2.153247	0.751359	0.248641	1.067378
36780	-4011.414	-4272.885	261.4711	2.143696	0.710295	0.289705	0.9478918
36786	-4011.214	-4272.501	261.287	2.16657	0.769874	0.230126	1.105303
36792	-3999.257	-4260.531	261.2735	2.077728	0.673298	0.326702	1.195871
36798	-3996.178	-4257.532	261.3541	2.092997	0.627645	0.372355	1.111267
36804	-3985.227	-4246.5	261.2728	2.036517	0.683736	0.316264	1.231541
36810	-3987.922	-4249.189	261.267	2.042318	0.702841	0.297159	1.231541
36816	-3977.685	-4238.981	261.2961	2.016287	0.625758	0.374242	1.228884
36822	-3979.688	-4240.852	261.1639	1.989046	0.729418	0.270582	1.358897
36828	-3988.15	-4249.22	261.07	2.032438	0.650087	0.349913	1.398531
36834	-3991.996	-4253.223	261.2266	2.146837	0.636273	0.363727	1.176695
36840	-3997.967	-4259.306	261.3391	1.977158	0.636273	0.363727	1.225629
36846	-3998.454	-4259.509	261.0551	2.044437	0.67222	0.32778	1.400809
36852	-3983.819	-4244.96	261.1415	1.95808	0.736688	0.263312	1.400802
36858	-3985.402	-4246.677	261.2749	1.95472	0.626145	0.373855	1.297409
36864	-3976.258	-4237.533	261.2749	1.95472	0.77675	0.22325	1.297409
36870	-3978.128	-4239.379	261.2514	1.978209	0.629805	0.370195	1.297409
36876	-3989.254	-4250.36	261.106	2.008627	0.775436	0.224564	1.389032
36882	-3976.405	-4237.702	261.2972	2.1245	0.621301	0.378699	1.134141
36888	-3987.556	-4248.893	261.3367	2.136188	0.676351	0.323649	1.087594
36894	-3990.613	-4251.931	261.3174	2.113401	0.690682	0.309318	1.125946
36900	-3991.813	-4253.17	261.3577	2.137135	0.638398	0.361602	1.067059
36906	-3991.722	-4253.075	261.3535	2.215799	0.603039	0.396961	0.9947288
36912	-3995.816	-4257.075	261.2598	1.985038	0.764421	0.235579	1.285023
36918	-3985.726	-4247.017	261.2909	2.031117	0.706581	0.293419	1.220815
36924	-3997.229	-4258.54	261.3113	2.017897	0.787835	0.212165	1.214649
36930	-4005.068	-4266.357	261.289	2.222961	0.747311	0.252689	1.050872
36936	-3990.205	-4251.582	261.377	2.129904	0.722611	0.277389	1.055677
36942	-3993.971	-4255.331	261.3607	2.192735	0.541328	0.458672	1.010645
36948	-3989.726	-4251.136	261.41	2.162872	0.541328	0.458672	0.9911582
36954	-3995.276	-4256.171	260.895	1.816541	0.644846	0.355154	1.688059
36960	-3993.982	-4254.818	260.8369	1.779732	0.61641	0.38359	1.754941
36966	-3988.654	-4249.412	260.7585	1.751763	0.595796	0.404204	1.82869
36972	-3971.811	-4232.471	260.6598	1.696095	0.772457	0.227543	1.93384
36978	-3995.752	-4256.328	260.5755	1.642991	0.670615	0.329385	2.025803
36984	-3981.094	-4241.798	260.7042	1.789855	0.661045	0.338955	1.839884
36990	-3987.047	-4248.445	261.3979	2.144571	0.652476	0.347524	1.021441
36996	-3980.964	-4242.307	261.3435	2.162574	0.653988	0.346012	1.056472
37002	-3993.006	-4252.483	259.4771	1.4871	0.620316	0.379684	2.817922
37008	-3984.46	-4244.469	260.0092	1.587881	0.646274	0.353726	2.426761
37014	-3987.093	-4247.019	259.9267	1.539501	0.660578	0.339422	2.508859
37020	-3978.731	-4238.696	259.9652	1.621492	0.647387	0.352613	2.433322
37026	-3973.335	-4233.502	260.1672	1.566178	0.764708	0.235292	2.340557
37032	-3990.665	-4250.826	260.1607	1.561	0.704303	0.295697	2.347983
37038	-3987.138	-4247.065	259.927	1.475395	0.637546	0.362454	2.548653
37044	-4002.37	-4263.163	260.7928	1.598359	0.691182	0.308818	1.910044
37050	-4013.777	-4274.226	260.4489	1.687061	0.710049	0.289951	2.080299
37056	-3998.006	-4258.479	260.4729	1.663151	0.701233	0.298767	2.080299
37062	-3996.187	-4256.647	260.4596	1.697121	0.737264	0.262736	2.066626
37068	-3996.067	-4256.649	260.5821	1.846523	0.752533	0.247467	1.884566
37074	-4001.177	-4261.98	260.8032	1.766114	0.743982	0.256018	1.787898
37080	-3990.54	-4250.982	260.4419	1.673119	0.775234	0.224766	2.094099
37086	-3985.741	-4246.246	260.5047	1.735296	0.718153	0.281847	2.011491
37092	-3990.194	-4250.596	260.4023	1.842996	0.675508	0.324492	2.007961
37098	-3985.387	-4245.945	260.5586	1.707042	0.69227	0.30773	1.994367
37104	-3992.429	-4253.156	260.7273	1.707042	0.744225	0.255775	1.880707
37110	-3979.415	-4239.91	260.4944	1.65809	0.580026	0.419974	2.069449
37116	-3989.988	-4250.625	260.6369	1.781962	0.607945	0.392055	1.891202
37122	-3970.794	-4231.53	260.7355	1.792328	0.704617	0.295383	1.816598
37128	-3974.395	-4235.203	260.8075	1.730195	0.664739	0.335261	1.809783
37134	-3984.203	-4245.127	260.9235	1.738579	0.729603	0.270397	1.723056
37140	-3979.833	-4240.721	260.8878	1.793733	0.729603	0.270397	1.709361
37146	-3991.74	-4252.368	260.6272	1.783777	0.723483	0.276517	1.896559
37152	-3983.965	-4244.645	260.6797	1.795854	0.747791	0.252209	1.852548
37158	-4003.613	-4264.319	260.7057	1.800166	0.747791	0.252209	1.831713
37164	-3989.972	-4250.511	260.5392	1.768476	0.714605	0.285395	1.966298
37170	-3985.199	-4245.75	260.5507	1.738072	0.714605	0.285395	1.978962
37176	-4011.86	-4272.493	260.6332	1.769217	0.594866	0.405134	1.902399
37182	-3989.361	-4250.325	260.9642	1.850506	0.595317	0.404683	1.614102
37188	-3978.805	-4239.883	261.0777	1.850436	0.595317	0.404683	1.530896
37194	-3971.067	-4232.038	260.9716	1.920744	0.627746	0.372254	1.557356
37200	-3972.948	-4233.78	260.8327	1.738607	0.627746	0.372254	1.786543
37206	-3978.851	-4239.773	260.9219	1.749224	0.685054	0.314946	1.716657
37212	-3985.873	-4246.784	260.9108	1.709211	0.637116	0.362884	1.752602
37218	-3997.176	-4258.243	261.0668	1.788122	0.704116	0.295884	1.584795
37224	-4011.343	-4272.289	260.9461	1.859799	0.627278	0.372722	1.62046
37230	-3984.923	-4246.02	261.0971	1.802082	0.733632	0.266368	1.552306
37236	-3980.991	-4242.019	261.0273	1.807395	0.735413	0.264587	1.599555
37242	-3990.618	-4251.853	261.2351	1.850945	0.745202	0.254798	1.411246
37248	-3980.842	-4241.541	260.6992	1.72451	0.691127	0.308873	1.887928
37254	-3979.281	-4240.259	260.9772	1.771439	0.691127	0.308873	1.66161
37260	-3982.973	-4244.029	261.0558	1.915612	0.751265	0.248735	1.498589
37266	-3981.819	-4242.859	261.0409	1.872949	0.749405	0.250595	1.541493
37272	-3992.783	-4254.05	261.2671	1.849654	0.694151	0.305849	1.387381
37278	-3991.754	-4252.806	261.0515	1.944478	0.748291	0.251709	1.480123
37284	-3990.514	-4251.621	261.1066	1.889354	0.669878	0.330122	1.480123
37290	-3993.598	-4254.783	261.1852	1.883714	0.677583	0.322417	1.424494
37296	-3982.526	-4243.226	260.6997	1.785495	0.636498	0.363502	1.845947
37302	-3996.543	-4257.303	260.76	1.725216	0.650623	0.349377	1.845947
37308	-4001.813	-4262.33	260.5165	1.763766	0.600725	0.399275	1.984628
37314	-3996.969	-4257.463	260.4939	1.783468	0.600725	0.399275	1.986556
37320	-3987.875	-4248.425	260.5508	1.720587	0.70596	0.29404	1.990558
37326	-3987.9	-4248.853	260.9538	1.760001	0.719755	0.280245	1.686488
37332	-3989.7	-4250.946	261.2461	1.946659	0.693851	0.306149	1.327206
37338	-3989.024	-4250.047	261.0233	1.993082	0.708341	0.291659	1.464677
37344	-4001.374	-4262.563	261.1894	1.826958	0.708341	0.291659	1.464677
37350	-4003.665	-4264.649	260.9834	1.732947	0.671473	0.328527	1.684674
37356	-4001.278	-4262.129	260.8516	1.82842	0.716401	0.283599	1.710401
37362	-3983.375	-4244.696	261.3215	2.052357	0.652488	0.347512	1.176276
37368	-4009.863	-4271.073	261.2099	2.03143	0.652488	0.347512	1.28785
37374	-4010.358	-4271.492	261.1341	1.96345	0.652488	0.347512	1.402368
37380	-3994.045	-4255.512	261.467	1.980128	0.681883	0.318117	1.111227
37386	-3994.54	-4255.916	261.3762	2.070887	0.680546	0.319454	1.111227
37392	-4004.82	-4266.189	261.3693	2.159496	0.676098	0.323902	1.034728
37398	-4005.564	-4266.802	261.2376	2.183574	0.689169	0.310831	1.134619
37404	-3983.437	-4244.675	261.2378	2.125719	0.692383	0.307617	1.185235
37410	-3988.773	-4250.04	261.2666	2.105179	0.611264	0.388736	1.178142
37416	-3985.821	-4247.099	261.278	2.193493	0.73223	0.26777	1.088908
37422	-3989.009	-4250.37	261.3613	2.195545	0.728938	0.271062	1.007236
37428	-3990.749	-4252.13	261.3811	2.175721	0.652041	0.347959	1.007236
37434	-3975.069	-4236.311	261.2426	2.066943	0.758068	0.241932	1.231316
37440	-3979.344	-4240.635	261.2909	2.066943	0.748479	0.251521	1.190138
37446	-3973.26	-4234.683	261.4234	2.136641	0.744023	0.255977	1.004007
37452	-3984.555	-4245.952	261.397	2.202982	0.700774	0.299226	0.9634417
37458	-3989.843	-4251.262	261.4189	2.09892	0.722158	0.277842	1.045269
37464	-3989.509	-4251.011	261.5022	2.153857	0.667723	0.332277	0.9030011
37470	-3977.668	-4238.983	261.315	2.074879	0.667723	0.332277	1.162298
37476	-3977.969	-4239.377	261.4087	2.11172	0.664269	0.335731	1.042811
37482	-3987.171	-4248.42	261.2495	2.138641	0.622382	0.377618	1.163869
37488	-3973.871	-4235.226	261.3551	2.138641	0.803256	0.196744	1.06812
37494	-4011.884	-4271.75	259.8658	1.602408	0.686087	0.313913	2.507634
37500	-3988.012	-4249.431	261.419	2.074718	0.712303	0.287697	1.06812
37506	-3989.734	-4251.065	261.331	2.162713	0.746164	0.253836	1.06812
37512	-4001.737	-4262.429	260.6915	1.750167	0.791979	0.208021	1.875699
37518	-4001.704	-4262.352	260.6481	1.721535	0.716104	0.283896	1.924592
37524	-3995.258	-4256.593	261.3344	2.115772	0.777188	0.222812	1.108477
37530	-3991.704	-4253.109	261.4044	2.150918	0.708923	0.291077	1.008764
37536	-3996.897	-4258.373	261.4753	2.155	0.691534	0.308466	0.9313666
37542	-3997.449	-4258.871	261.422	2.253432	0.666332	0.333668	0.8809926
37548	-4001.005	-4262.375	261.3699	2.287409	0.69348	0.30652	0.9015796
37554	-4007.35	-4268.617	261.2673	1.967273	0.733953	0.266047	1.293431
37560	-3999.922	-4261.184	261.2618	1.972759	0.639009	0.360991	1.293431
37566	-3979.772	-4240.887	261.1143	1.952065	0.639009	0.360991	1.426423
37572	-3987.899	-4249.148	261.249	1.998718	0.689814	0.310186	1.282623
37578	-3979.46	-4240.783	261.3231	2.069122	0.689814	0.310186	1.160218
37584	-3995.964	-4257.264	261.3001	2.051376	0.621736	0.378264	1.19566
37590	-3999.256	-4260.635	261.3792	1.965621	0.694388	0.305612	1.201377
37596	-3997.661	-4258.992	261.3312	2.070328	0.675745	0.324255	1.152071
37602	-3995.841	-4257.019	261.1779	1.991662	0.68049	0.31951	1.345766
37608	-3994.879	-4256.026	261.1464	2.061404	0.565753	0.434247	1.315126
37614	-3996.509	-4257.494	260.9853	1.820788	0.759557	0.240443	1.620329
37620	-3994.79	-4255.849	261.0586	1.907463	0.829097	0.170903	1.502593
37626	-3989.519	-4250.756	261.2374	1.956233	0.721666	0.278334	1.326529
37632	-3985.444	-4246.625	261.1805	1.956233	0.721666	0.278334	1.371677
37638	-3993.814	-4255.157	261.343	2.05782	0.721666	0.278334	1.15265
37644	-3983.701	-4245.044	261.3432	2.086736	0.721666	0.278334	1.126743
37650	-3992.521	-4253.901	261.3802	2.105343	0.721666	0.278334	1.075771
37656	-3977.641	-4239.025	261.3843	2.148121	0.742808	0.257192	1.031159
37662	-3982.683	-4243.977	261.2942	2.093026	0.625798	0.374202	1.164664
37668	-4006.244	-4267.658	261.4134	2.187061	0.630571	0.369429	0.9628981
37674	-4001.781	-4263.15	261.3683	2.204238	0.728601	0.271399	0.9915118
37680	-3970.236	-4231.639	261.4035	2.181271	0.672856	0.327144	0.9790723
37686	-3960.974	-4222.455	261.4807	2.104131	0.751545	0.248455	0.9790723
37692	-3974.045	-4235.466	261.4205	2.145451	0.746643	0.253357	0.9980868
37698	-3976.874	-4238.228	261.3541	2.142983	0.703707	0.296293	1.06495
37704	-3981.846	-4243.286	261.4397	2.057464	0.717965	0.282035	1.06495
37710	-3999.971	-4261.292	261.3216	2.445064	0.673238	0.326762	0.7643532
37716	-3994.95	-4256.27	261.3208	2.445064	0.760568	0.239432	0.7654734
37722	-3987.86	-4249.044	261.1837	2.023885	0.701863	0.298137	1.315266
37728	-3982.529	-4243.743	261.2144	1.992483	0.740572	0.259428	1.315818
37734	-3989.633	-4250.928	261.2947	1.969368	0.670671	0.329329	1.269241
37740	-4002.81	-4264.178	261.3674	2.312778	0.639275	0.360725	0.8754284
37746	-4007.118	-4268.473	261.3549	2.342121	0.751918	0.248082	0.8555446
37752	-3983.59	-4244.686	261.0954	1.911903	0.679028	0.320972	1.471546
37758	-3981.3	-4242.29	260.9908	1.902142	0.775424	0.224576	1.556945
37764	-3989.05	-4250.038	260.9875	1.905443	0.721224	0.278776	1.556945
37770	-3993.949	-4254.928	260.979	1.913897	0.688411	0.311589	1.556945
37776	-3995.9	-4257.106	261.2058	1.879809	0.675707	0.324293	1.411627
37782	-4000.038	-4261.46	261.422	2.111239	0.640891	0.359109	1.030354
37788	-3995.38	-4256.8	261.4205	2.075808	0.647628	0.352372	1.065714
37794	-3990.875	-4251.916	261.0411	1.851781	0.738119	0.261881	1.556954
37800	-3980.566	-4241.61	261.0433	1.854374	0.751651	0.248349	1.553464
37806	-3987.148	-4248.454	261.3057	1.951296	0.745534	0.254466	1.275043
37812	-4013.752	-4274.913	261.1611	1.951296	0.719846	0.280154	1.390751
37818	-3995.663	-4256.714	261.0507	1.924818	0.719846	0.280154	1.495517
37824	-4000.429	-4261.363	260.934	1.859687	0.6473	0.3527	1.629298
37830	-4001.142	-4262.592	261.4505	2.109546	0.711872	0.288128	1.004036
37836	-3988.282	-4249.637	261.3551	2.109546	0.667262	0.332738	1.095151
37842	-3992.333	-4253.402	261.0693	1.937049	0.764332	0.235668	1.472256
37848	-3981.903	-4243.119	261.216	1.968929	0.764332	0.235668	1.333465
37854	-3988.073	-4249.38	261.3068	2.017028	0.679491	0.320509	1.219247
37860	-4004.388	-4265.491	261.1032	1.916973	0.783749	0.216251	1.461789
37866	-4005.622	-4266.664	261.0419	1.798537	0.674447	0.325553	1.595419
37872	-3988.766	-4250.087	261.3213	1.992577	0.752973	0.247027	1.227637
37878	-3995.231	-4256.438	261.2075	1.967654	0.671537	0.328463	1.341244
37884	-4000.559	-4261.717	261.1588	2.015121	0.718279	0.281721	1.342296
37890	-4006.483	-4267.709	261.2262	2.179691	0.687932	0.312068	1.148183
37896	-3991.297	-4252.602	261.3051	2.044656	0.59414	0.40586	1.197131
37902	-4014.567	-4275.931	261.3636	1.874167	0.760699	0.239301	1.290781
37908	-4005.773	-4267.087	261.3136	1.924135	0.802051	0.197949	1.290781
37914	-3996.922	-4258.042	261.1206	1.853638	0.781678	0.218322	1.496456
37920	-3968.252	-4229.496	261.2446	2.087667	0.696219	0.303781	1.212111
37926	-3960.51	-4221.793	261.2822	1.972283	0.649488	0.350512	1.277125
37932	-3962.882	-4223.791	260.9096	1.834522	0.638659	0.361341	1.664845
37938	-3977.194	-4238.286	261.0921	1.929537	0.612556	0.387444	1.460682
37944	-3979.591	-4240.687	261.096	1.984531	0.623054	0.376946	1.415505
37950	-3976.754	-4237.922	261.1678	1.996845	0.692532	0.307468	1.349642
37956	-3984.539	-4245.631	261.0914	2.002348	0.690681	0.309319	1.405305
37962	-3973.528	-4234.627	261.0989	1.946796	0.733301	0.266699	1.442303
37968	-3973.898	-4235.114	261.2156	2.047744	0.671454	0.328546	1.269831
37974	-3966.592	-4227.809	261.2166	2.077322	0.671454	0.328546	1.244418
37980	-3977.698	-4238.895	261.1967	2.030776	0.649412	0.350588	1.299204
37986	-3982.513	-4243.818	261.305	2.123152	0.609117	0.390883	1.128348
37992	-3967.835	-4229.207	261.3716	2.139483	0.69628	0.30372	1.051736
37998	-3978.744	-4240.143	261.399	2.081201	0.69628	0.30372	1.080795
38004	-3967.806	-4229.177	261.3709	2.109258	0.69628	0.30372	1.080795
38010	-3973.91	-4235.224	261.3134	2.240558	0.690969	0.309031	1.010074
38016	-3980.191	-4241.578	261.3866	2.172946	0.690969	0.309031	1.004514
38022	-4001.259	-4262.677	261.4179	2.192339	0.753292	0.246708	0.9527233
38028	-4004.431	-4265.926	261.4945	2.136807	0.734098	0.265902	0.9302128
38034	-3985.862	-4247.154	261.2918	2.235159	0.725571	0.274429	1.036519
38040	-4011.435	-4272.801	261.3656	2.248413	0.729327	0.270673	0.9486875
38046	-3996.156	-4257.564	261.4075	2.248413	0.660588	0.339412	0.9031145
38052	-3993.927	-4255.284	261.357	2.129902	0.751566	0.248434	1.074511
38058	-3999.426	-4260.785	261.3591	2.159096	0.702964	0.297036	1.044933
38064	-3989.816	-4251.019	261.203	2.118255	0.655445	0.344555	1.221414
38070	-3976.148	-4237.509	261.3609	2.108743	0.604481	0.395519	1.090611
38076	-3990.316	-4251.706	261.3901	2.079525	0.658904	0.341096	1.090611
38082	-3985.337	-4246.791	261.4545	2.192773	0.673739	0.326261	0.91278
38088	-3986.258	-4247.631	261.373	2.192773	0.644047	0.355953	0.99828
38094	-3994.797	-4255.959	261.1617	1.923066	0.647202	0.352798	1.412255
38100	-3983.973	-4245.195	261.2219	1.947682	0.638559	0.361441	1.345708
38106	-3989.754	-4251.109	261.3553	2.015687	0.66298	0.33702	1.17879
38112	-3984.858	-4246.177	261.3198	2.153584	0.670031	0.329969	1.087144
38118	-3987.036	-4248.33	261.2937	2.137982	0.714568	0.285432	1.125163
38124	-3985.692	-4247.085	261.3931	2.149248	0.624901	0.375099	1.021496
38130	-3981.403	-4242.737	261.3336	2.31337	0.63516	0.36484	0.9130966
38136	-3988.433	-4249.809	261.3754	2.29087	0.643292	0.356708	0.8914718
38142	-3976.885	-4238.278	261.3931	2.27269	0.633905	0.366095	0.8920143
38148	-3990.269	-4251.661	261.3914	2.21454	0.821903	0.178097	0.9572013
38154	-3985.38	-4246.648	261.268	2.165297	0.829973	0.170027	1.123735
38160	-3988.97	-4250.29	261.3198	2.113494	0.715598	0.284402	1.123735
38166	-3999.285	-4260.449	261.1643	2.155046	0.735917	0.264083	1.223006
38172	-3975.208	-4236.415	261.207	2.112403	0.75348	0.24652	1.223006
38178	-3973.783	-4235.053	261.2694	2.1092	0.680356	0.319644	1.17215
38184	-3998.04	-4259.279	261.2386	2.105935	0.534978	0.465022	1.201626
38190	-3980.221	-4241.508	261.2875	2.025959	0.689743	0.310257	1.228037
38196	-3999.276	-4260.603	261.3275	1.985926	0.689743	0.310257	1.228037
38202	-3990.063	-4251.396	261.3335	2.106949	0.735442	0.264558	1.117252
38208	-3978.585	-4239.841	261.256	2.072893	0.653324	0.346676	1.214985
38214	-3999.383	-4260.622	261.2395	1.945557	0.659602	0.340398	1.333393
38220	-3979.166	-4240.288	261.1218	1.889846	0.686866	0.313134	1.468295
38226	-3995.556	-4256.63	261.0742	1.918359	0.686866	0.313134	1.482681
38232	-3991.442	-4252.477	261.0347	1.987132	0.743427	0.256573	1.460497
38238	-3997.722	-4258.86	261.1378	2.040873	0.743427	0.256573	1.33849
38244	-4004.834	-4265.93	261.0964	2.025545	0.632578	0.367422	1.383323
38250	-4007.719	-4268.818	261.0995	1.94668	0.720538	0.279462	1.441954
38256	-3996.266	-4257.365	261.0996	1.946698	0.720538	0.279462	1.441888
38262	-3990.046	-4251.483	261.437	2.137744	0.639587	0.360413	0.9892715
38268	-3986.495	-4247.749	261.2536	2.113941	0.791115	0.208885	1.181772
38274	-3984.126	-4245.358	261.2318	2.133802	0.693649	0.306351	1.183463
38280	-3976.558	-4237.935	261.3764	2.092205	0.682721	0.317279	1.09158
38286	-3974.799	-4236.037	261.2383	2.116514	0.564045	0.435955	1.192816
38292	-3983.423	-4244.719	261.2969	2.057866	0.751388	0.248612	1.192816
38298	-3979.907	-4241.242	261.3345	2.092475	0.717815	0.282185	1.129416
38304	-3985.036	-4246.279	261.2429	2.092475	0.658006	0.341994	1.209445
38310	-3983.316	-4244.744	261.4284	2.160612	0.721006	0.278994	0.9747662
38316	-3991.263	-4252.627	261.3635	2.066161	0.519201	0.480799	1.126986
38322	-3984.62	-4245.804	261.1835	2.067928	0.708607	0.291393	1.27958
38328	-3980.872	-4242.25	261.3787	2.019746	0.708607	0.291393	1.154766
38334	-3974.847	-4236.169	261.3219	2.032356	0.709979	0.290021	1.193285
38340	-3986.001	-4247.389	261.3882	2.061149	0.782963	0.217037	1.109153
38346	-3980.887	-4242.203	261.3155	2.106898	0.662058	0.337942	1.133478
38352	-3994.703	-4256.107	261.4035	2.018963	0.692903	0.307097	1.133478
38358	-3987.629	-4248.893	261.2643	1.967069	0.683136	0.316864	1.29599
38364	-3995.582	-4256.747	261.1654	2.065963	0.683136	0.316864	1.29599
38370	-3996.657	-4257.98	261.3224	2.097427	0.550691	0.449309	1.135816
38376	-3994.68	-4256.075	261.3952	2.097427	0.677907	0.322093	1.069134
38382	-3994.447	-4255.811	261.3638	2.100459	0.723879	0.276121	1.095513
38388	-3987.133	-4248.499	261.3667	2.100842	0.688775	0.311225	1.092554
38394	-4002.735	-4264.1	261.3644	2.045956	0.726224	0.273776	1.144201
38400	-4001.942	-4263.273	261.3313	2.245905	0.717288	0.282712	0.9867575
38406	-4007.082	-4268.512	261.4298	2.230539	0.680388	0.319612	0.8981749
38412	-3991.091	-4252.433	261.3425	1.983135	0.645248	0.354752	1.217734
38418	-3989.164	-4250.573	261.4093	2.105494	0.725306	0.274694	1.048143
38424	-3999.707	-4261.017	261.3108	2.226499	0.799895	0.200105	1.026476
38430	-3989.458	-4250.815	261.3569	2.228425	0.78334	0.21666	0.9784847
38436	-3984.538	-4245.964	261.4266	2.228425	0.682654	0.317346	0.9041732
38442	-4003.443	-4264.229	260.7865	1.794976	0.648167	0.351833	1.779473
38448	-4010.962	-4271.707	260.7459	1.835583	0.750204	0.249796	1.779473
38454	-4006.238	-4267.541	261.3037	2.304892	0.611522	0.388478	0.9544045
38460	-3999.583	-4260.972	261.3898	2.033125	0.746534	0.253466	1.133055
38466	-3991.831	-4253.172	261.3411	2.007774	0.596158	0.403842	1.197902
38472	-3977.887	-4239.185	261.2984	2.164808	0.596158	0.403842	1.096516
38478	-3983.412	-4244.77	261.3585	2.164808	0.671493	0.328507	1.039972
38484	-3996.847	-4258.241	261.3944	2.241241	0.724715	0.275285	0.9255139
38490	-3986.511	-4247.937	261.4263	2.113381	0.662415	0.337585	1.024158
38496	-3985.731	-4247.045	261.3146	2.081111	0.676823	0.323177	1.1572
38502	-3966.284	-4227.565	261.2805	2.11516	0.722377	0.277623	1.1572
38508	-3978.116	-4239.412	261.2966	2.164608	0.748255	0.251745	1.098372
38514	-3984.711	-4245.995	261.284	2.106778	0.693126	0.306874	1.161482
38520	-3985.285	-4246.515	261.2302	2.082444	0.662999	0.337001	1.228687
38526	-3983.646	-4244.824	261.1779	2.001948	0.713223	0.286777	1.337501
38532	-3977.512	-4238.694	261.1821	1.966827	0.666893	0.333107	1.362095
38538	-3975.461	-4236.733	261.2713	1.966827	0.666893	0.333107	1.290523
38544	-3981.62	-4242.846	261.2257	1.927917	0.666893	0.333107	1.358357
38550	-3992.26	-4253.508	261.2482	1.997249	0.787726	0.212274	1.284528
38556	-3980.138	-4241.515	261.3775	2.010031	0.712363	0.287637	1.164347
38562	-3985.95	-4247.289	261.3392	2.107397	0.680911	0.319089	1.111676
38568	-3999.87	-4261.278	261.4083	2.160397	0.757115	0.242885	0.9953433
38574	-3989.37	-4250.763	261.3927	2.16018	0.640794	0.359206	1.011184
38580	-3989.957	-4251.239	261.2822	1.817119	0.682336	0.317664	1.400947
38586	-3983.608	-4244.852	261.2444	1.944494	0.733929	0.266071	1.330319
38592	-3977.874	-4239.085	261.2112	2.016427	0.570091	0.429909	1.299026
38598	-3985.204	-4246.559	261.3549	2.092541	0.74669	0.25331	1.110943
38604	-3978.639	-4240.053	261.4141	1.998806	0.568305	0.431695	1.141973
38610	-3993.523	-4254.82	261.2973	2.178194	0.623989	0.376011	1.085197
38616	-3981.858	-4243.147	261.2889	2.030158	0.654197	0.345803	1.223321
38622	-3984.598	-4245.935	261.3363	2.031129	0.654197	0.345803	1.181863
38628	-3990.204	-4251.6	261.3962	1.996681	0.823115	0.176885	1.159689
38634	-3986.193	-4247.46	261.2673	1.986159	0.711152	0.288848	1.277966
38640	-3980.857	-4242.017	261.1596	1.925953	0.711152	0.288848	1.411672
38646	-3971.212	-4232.52	261.3086	2.004945	0.76822	0.23178	1.22798
38652	-3972.653	-4233.917	261.2647	1.982746	0.73165	0.26835	1.28286
38658	-3980.365	-4241.633	261.2678	1.920302	0.770222	0.229778	1.330945
38664	-3980.603	-4241.878	261.2756	2.05081	0.630427	0.369573	1.217065
38670	-3973.529	-4234.847	261.3183	2.008077	0.613403	0.386597	1.217065
38676	-3969.965	-4231.317	261.3525	1.997662	0.713892	0.286108	1.196811
38682	-3979.129	-4240.363	261.2334	2.018473	0.713892	0.286108	1.279224
38688	-3987.51	-4248.886	261.3761	2.041278	0.741847	0.258153	1.138002
38694	-3986.873	-4248.206	261.3324	2.058017	0.663054	0.336946	1.161806
38700	-3997.025	-4258.42	261.3945	2.008557	0.663054	0.336946	1.15074
38706	-3997.319	-4258.51	261.1908	2.016907	0.660912	0.339088	1.315191
38712	-3995.541	-4256.657	261.1164	1.970827	0.632445	0.367555	1.410363
38718	-3987.692	-4248.837	261.1447	1.923462	0.702065	0.297935	1.425082
38724	-3996.101	-4256.903	260.8021	1.828841	0.649025	0.350975	1.744955
38730	-3998.607	-4259.467	260.8596	1.823112	0.705018	0.294982	1.70849
38736	-3974.504	-4235.665	261.1617	2.013741	0.701741	0.298259	1.341037
38742	-3983.816	-4244.954	261.1378	1.885771	0.711553	0.288447	1.459167
38748	-3967.722	-4228.6	260.8785	1.837136	0.686353	0.313647	1.685181
38754	-3963.085	-4223.961	260.8758	1.839811	0.718652	0.281348	1.685181
38760	-3965.911	-4226.96	261.0494	1.909193	0.718652	0.281348	1.508224
38766	-3972.68	-4233.719	261.0382	1.909193	0.718652	0.281348	1.516576
38772	-3979.451	-4240.486	261.0346	1.912784	0.60062	0.39938	1.516576
38778	-3974.195	-4235.145	260.9498	1.912784	0.591102	0.408898	1.57923
38784	-4011.553	-4272.845	261.2915	2.006325	0.591102	0.408898	1.241133
38790	-3986.994	-4248.4	261.4063	2.076941	0.753174	0.246826	1.077982
38796	-3974.349	-4235.702	261.3525	2.172829	0.695799	0.304201	1.038042
38802	-3977.83	-4239.274	261.4445	2.128371	0.660925	0.339075	0.9911473
38808	-3982.918	-4244.299	261.3815	2.179481	0.720068	0.279932	1.003072
38814	-3993.973	-4255.319	261.3458	2.282632	0.756152	0.243848	0.9333438
38820	-4002.856	-4264.25	261.3944	2.282632	0.733416	0.266584	0.8791443
38826	-3998.63	-4260.029	261.3986	2.342577	0.642178	0.357822	0.7996538
38832	-3989.728	-4251.155	261.4272	2.342577	0.61047	0.38953	0.7597622
38838	-3992.473	-4253.805	261.3328	2.3749	0.655029	0.344971	0.8425398
38844	-3991.942	-4253.433	261.4906	2.246846	0.645115	0.354885	0.8046267
38850	-3973.915	-4235.379	261.4642	2.244341	0.645115	0.354885	0.8414857
38856	-3990.344	-4251.799	261.4542	2.0631	0.603028	0.396972	1.045762
38862	-3977.713	-4238.865	261.1519	2.013434	0.691683	0.308317	1.349066
38868	-3989.584	-4250.742	261.1578	2.007573	0.484871	0.515129	1.349066
38874	-3978.054	-4239.206	261.1515	2.013889	0.773245	0.226755	1.349066
38880	-3971.541	-4232.694	261.1531	2.012315	0.607784	0.392216	1.349066
38886	-3980.342	-4241.696	261.3548	2.009543	0.69288	0.30712	1.184517
38892	-3981.575	-4242.838	261.2626	2.019658	0.69288	0.30712	1.254141
38898	-3983.74	-4245.052	261.3113	1.970948	0.626885	0.373115	1.254141
38904	-3979.306	-4240.638	261.3321	2.008788	0.718684	0.281316	1.204696
38910	-3997.195	-4258.551	261.3563	2.100387	0.716341	0.283659	1.102461
38916	-3991.771	-4253.055	261.284	2.100387	0.716341	0.283659	1.167138
38922	-3988.83	-4250.085	261.2552	2.100387	0.716341	0.283659	1.192104
38928	-3983.088	-4244.273	261.1849	2.062381	0.724117	0.275883	1.28303
38934	-4007.973	-4269.236	261.2623	2.002804	0.596739	0.403261	1.268375
38940	-3997.82	-4258.964	261.1439	2.016	0.68026	0.31974	1.35337
38946	-3992.486	-4253.556	261.0698	2.013425	0.644729	0.355271	1.413417
38952	-3990.186	-4251.391	261.2044	1.994398	0.694647	0.305353	1.322329
38958	-3996.724	-4258.055	261.3309	2.028306	0.694647	0.305353	1.188956
38964	-4000.306	-4261.459	261.1534	1.969506	0.70703	0.29297	1.38257
38970	-4000.821	-4262.115	261.294	1.926585	0.732628	0.267372	1.304799
38976	-4008.295	-4269.535	261.2398	1.957915	0.659525	0.340475	1.323223
38982	-4010.285	-4271.628	261.3434	2.016344	0.605389	0.394611	1.188547
38988	-4007.411	-4268.749	261.3374	2.041783	0.675915	0.324085	1.17163
38994	-4016.995	-4278.362	261.3677	2.136999	0.619212	0.380788	1.057757
39000	-4016.372	-4277.659	261.2865	2.124781	0.769531	0.230469	1.143441
39006	-4000.642	-4262.015	261.3722	2.124781	0.728081	0.271919	1.065069
39012	-4010.811	-4272.149	261.3384	2.158624	0.687871	0.312129	1.065069
39018	-3996.421	-4257.774	261.3529	2.144118	0.654953	0.345047	1.065069
39024	-3984.496	-4245.832	261.3361	2.085613	0.666567	0.333433	1.134129
39030	-3986.03	-4247.464	261.434	2.24523	0.61185	0.38815	0.87649
39036	-3991.571	-4252.946	261.3752	2.232525	0.713758	0.286242	0.9553158
39042	-3987.365	-4248.533	261.168	2.094082	0.734411	0.265589	1.270847
39048	-4007.431	-4268.824	261.3925	2.085403	0.725528	0.274472	1.082957
39054	-3996.44	-4257.651	261.2106	2.104525	0.772236	0.227764	1.226623
39060	-3995.599	-4256.852	261.2531	2.137603	0.577867	0.422133	1.161612
39066	-3992.862	-4254.196	261.3345	2.153181	0.683766	0.316234	1.073772
39072	-3992.52	-4253.892	261.3719	2.178909	0.758108	0.241892	1.013206
39078	-4012.88	-4274.208	261.3287	2.182871	0.758108	0.241892	1.051223
39084	-4010.968	-4272.348	261.3799	2.19877	0.688522	0.311478	0.9852647
39090	-3992.455	-4253.849	261.3945	2.19877	0.63483	0.36517	0.9703455
39096	-3982.882	-4244.287	261.4049	2.278843	0.779568	0.220432	0.8712347
39102	-3987.579	-4249.001	261.4225	2.290739	0.696176	0.303824	0.8357161
39108	-3994.728	-4256.144	261.4162	2.187103	0.767331	0.232669	0.9599772
39114	-3984.616	-4246.028	261.4127	2.187103	0.705467	0.294533	0.9635673
39120	-3994.511	-4255.88	261.3684	2.192288	0.683599	0.316401	1.003414
39126	-3988.578	-4249.973	261.3951	2.212518	0.724759	0.275241	0.9554675
39132	-3993.327	-4254.702	261.375	2.332424	0.712778	0.287222	0.842807
39138	-3992.539	-4253.877	261.338	2.369457	0.626469	0.373531	0.842807
39144	-3986.174	-4247.513	261.3393	2.267341	0.78655	0.21345	0.9564393
39150	-3987.452	-4248.85	261.3984	2.213368	0.595281	0.404719	0.9510857
39156	-3995.698	-4257.162	261.4637	2.160426	0.635806	0.364194	0.9379331
39162	-4000.756	-4262.23	261.4744	2.085686	0.66636	0.33364	1.003968
39168	-3996.037	-4257.43	261.3932	2.09116	0.750386	0.249614	1.076903
39174	-4003.405	-4264.606	261.2016	2.09116	0.603622	0.396378	1.245376
39180	-3999.261	-4260.61	261.3494	2.14576	0.657619	0.342381	1.066768
39186	-3987.563	-4249.017	261.4544	2.200196	0.815267	0.184733	0.9046619
39192	-3995.733	-4257.191	261.4579	2.019985	0.701817	0.298183	1.08292
39198	-3998.454	-4259.802	261.3483	2.167585	0.623187	0.376813	1.047168
39204	-3994.078	-4255.451	261.373	2.167585	0.772642	0.227358	1.023232
39210	-3996.517	-4257.857	261.34	2.129545	0.587933	0.412067	1.090686
39216	-3991.669	-4252.996	261.3269	2.158324	0.783146	0.216854	1.076109
39222	-3993.365	-4254.701	261.3365	2.268643	0.579491	0.420509	0.9580096
39228	-3992.951	-4254.394	261.4434	2.268643	0.67095	0.32905	0.8371602
39234	-3989.276	-4250.664	261.3875	2.154143	0.795276	0.204724	1.022158
39240	-3985.043	-4246.331	261.2888	2.154143	0.705223	0.294777	1.115024
39246	-3995.56	-4256.764	261.2034	2.037459	0.679117	0.320883	1.288244
39252	-4009.973	-4270.88	260.907	1.821137	0.817119	0.182881	1.676255
39258	-3991.342	-4252.362	261.0205	1.85196	0.673347	0.326653	1.571983
39264	-3979.299	-4240.291	260.9917	1.877841	0.705937	0.294063	1.574116
39270	-3989.756	-4250.614	260.8576	1.825856	0.742815	0.257185	1.707941
39276	-3996.623	-4257.731	261.108	1.814651	0.657103	0.342897	1.534984
39282	-4009.157	-4270.036	260.8786	1.814651	0.64992	0.35008	1.70104
39288	-3995.689	-4256.604	260.9148	1.884018	0.64992	0.35008	1.62553
39294	-3988.398	-4249.154	260.7565	1.810919	0.793204	0.206796	1.789247
39300	-3996.746	-4257.244	260.4979	1.764108	0.70064	0.29936	1.996789
39306	-3995.421	-4256.066	260.6445	1.822444	0.804485	0.195515	1.85842
39312	-3995.306	-4256.572	261.2665	2.173308	0.634066	0.365934	1.117866
39318	-4002.359	-4263.67	261.3102	2.164851	0.661986	0.338014	1.085531
39324	-3995.691	-4257.021	261.3297	2.249117	0.632529	0.367471	0.9851964
39330	-3992.774	-4254.178	261.4036	2.30526	0.668032	0.331968	0.8410775
39336	-3988.2	-4249.635	261.435	2.212356	0.733037	0.266963	0.9126797
39342	-3986.974	-4248.295	261.3212	2.214672	0.670815	0.329185	1.027822
39348	-3995.782	-4257.093	261.3107	2.193332	0.678322	0.321678	1.058427
39354	-3986.065	-4247.469	261.4044	2.228436	0.678322	0.321678	0.928616
39360	-3986.595	-4248.004	261.4094	2.211056	0.752518	0.247482	0.9419244
39366	-3982.608	-4244.034	261.426	2.194366	0.691823	0.308177	0.9419244
39372	-3991.11	-4252.573	261.4629	2.219622	0.691823	0.308177	0.872668
39378	-3996.715	-4258.016	261.3002	2.221248	0.632069	0.367931	1.041791
39384	-3987.691	-4248.98	261.2893	2.134106	0.659487	0.340513	1.132607
39390	-3995.763	-4257.197	261.4336	2.045562	0.717586	0.282414	1.081717
39396	-4002.975	-4264.343	261.3678	2.111404	0.664953	0.335047	1.081717
39402	-3991.496	-4252.884	261.3877	2.226811	0.68388	0.31612	0.9482039
39408	-4002.646	-4263.921	261.2752	2.208198	0.71827	0.28173	1.077845
39414	-3988.538	-4249.945	261.4069	2.036783	0.66878	0.33122	1.114286
39420	-3979.009	-4240.349	261.3401	2.037762	0.716312	0.283688	1.172858
39426	-3987.485	-4248.743	261.2585	1.993168	0.683696	0.316304	1.279433
39432	-3985.893	-4247.203	261.3097	2.011023	0.692306	0.307694	1.221899
39438	-3985.149	-4246.458	261.3083	1.94169	0.701306	0.298694	1.280758
39444	-3989.532	-4250.907	261.3751	2.005922	0.746247	0.253753	1.17002
39450	-3991.647	-4253.031	261.3835	2.006416	0.649741	0.350259	1.162259
39456	-3987.06	-4248.383	261.3229	2.109438	0.649741	0.350259	1.124552
39462	-3995.738	-4257.082	261.3445	2.090646	0.593067	0.406933	1.122024
39468	-3997.068	-4258.159	261.0907	1.978888	0.77853	0.22147	1.423991
39474	-3982.27	-4243.68	261.4094	2.298488	0.483201	0.516799	0.8422324
39480	-3984.001	-4245.478	261.4767	2.183238	0.734147	0.265853	0.8986763
39486	-3982.433	-4243.913	261.4792	2.206864	0.734147	0.265853	0.8685401
39492	-3983.755	-4245.167	261.412	2.274033	0.790861	0.209139	0.8685401
39498	-3989.329	-4250.815	261.4863	2.193195	0.538867	0.461133	0.876245
39504	-3997.673	-4258.963	261.2908	2.078667	0.806262	0.193738	1.180151
39510	-3989.844	-4251.187	261.3434	2.148887	0.806262	0.193738	1.069493
39516	-3992.433	-4253.781	261.3479	2.148887	0.719177	0.280823	1.065276
39522	-3990.611	-4251.987	261.3758	2.145789	0.605892	0.394108	1.041644
39528	-3975.533	-4236.9	261.3664	2.155207	0.711051	0.288949	1.041644
39534	-3979.506	-4240.86	261.3543	2.130007	0.719001	0.280999	1.077006
39540	-3976.799	-4238.19	261.3913	2.117682	0.691826	0.308174	1.053714
39546	-3972.081	-4233.497	261.4156	2.125432	0.542806	0.457194	1.022837
39552	-3975.878	-4237.301	261.4229	2.125432	0.783657	0.216343	1.015615
39558	-3973.69	-4235.038	261.3488	2.216839	0.709654	0.290346	0.9984281
39564	-3985.311	-4246.642	261.3304	2.20536	0.713114	0.286886	1.027974
39570	-3993.409	-4254.796	261.387	2.225681	0.64188	0.35812	0.9501561
39576	-3989.433	-4250.873	261.4397	2.225681	0.694666	0.305334	0.8925011
39582	-3984.146	-4245.57	261.4243	2.241107	0.681939	0.318061	0.8925011
39588	-3996.96	-4258.297	261.337	2.266018	0.681939	0.318061	0.9602688
39594	-3980.09	-4241.521	261.4314	2.255176	0.681939	0.318061	0.8679494
39600	-4005.864	-4267.359	261.4958	2.175141	0.789078	0.210922	0.886101
39606	-3980.34	-4241.759	261.4195	2.280841	0.709052	0.290948	0.8514372
39612	-3995.379	-4256.375	260.9959	1.848944	0.695126	0.304874	1.592181
39618	-3999.383	-4260.493	261.1103	2.021224	0.640256	0.359744	1.375782
39624	-4009.963	-4271.291	261.3283	2.237142	0.583235	0.416765	0.9986554
39630	-4008.908	-4270.326	261.4177	2.228655	0.638613	0.361387	0.9137528
39636	-3991.871	-4253.115	261.2432	2.199568	0.702061	0.297939	1.115188
39642	-3988.912	-4250.275	261.363	2.199568	0.702879	0.297121	1.001508
39648	-3985.204	-4246.593	261.3891	2.185388	0.674199	0.325801	0.9894969
39654	-3989.26	-4250.573	261.3129	2.179755	0.563034	0.436966	1.069144
39660	-3993.934	-4255.165	261.2305	2.207573	0.661252	0.338748	1.119363
39666	-3986.028	-4247.412	261.385	2.229702	0.602744	0.397256	0.9480347
39672	-3992.385	-4253.759	261.3742	2.19523	0.602744	0.397256	0.9946721
39678	-3982.553	-4243.927	261.3742	2.19523	0.714636	0.285364	0.9946721
39684	-3999.403	-4260.819	261.4161	2.188614	0.68807	0.31193	0.9584433
39690	-3993.724	-4255.102	261.3783	2.306701	0.652936	0.347064	0.8697434
39696	-3981.291	-4242.599	261.3084	2.301082	0.691928	0.308072	0.9534725
39702	-3964.709	-4226.039	261.3307	2.224395	0.774251	0.225749	1.00899
39708	-3982.469	-4243.894	261.4253	2.108382	0.660221	0.339779	1.029923
39714	-3988.958	-4250.293	261.3344	2.108382	0.617278	0.382722	1.115154
39720	-3992.586	-4254.017	261.432	2.084793	0.75015	0.24985	1.04627
39726	-3980.57	-4241.972	261.4023	2.055304	0.66224	0.33776	1.101664
39732	-3992.352	-4253.668	261.3158	2.027539	0.693799	0.306201	1.202622
39738	-3992.454	-4253.835	261.3813	2.157478	0.735594	0.264406	1.024973
39744	-3985.146	-4246.527	261.3813	2.157478	0.660517	0.339483	1.024973
39750	-3999.248	-4260.65	261.4019	2.157478	0.707544	0.292456	1.00468
39756	-4000.725	-4262.072	261.3474	2.207956	0.754232	0.245768	1.008661
39762	-3992.872	-4254.279	261.4076	2.158645	0.70249	0.29751	0.9977936
39768	-3990.233	-4251.643	261.4104	2.124236	0.70249	0.29751	1.029035
39774	-3987.755	-4249.157	261.402	2.057242	0.666224	0.333776	1.100138
39780	-3978.318	-4239.668	261.3497	2.015878	0.725979	0.274021	1.183453
39786	-3983.984	-4245.103	261.119	2.01608	0.720969	0.279031	1.373036
39792	-3981.902	-4243.197	261.2956	1.984348	0.717564	0.282436	1.256084
39798	-3981.313	-4242.528	261.2152	1.991239	0.61788	0.38212	1.316165
39804	-3974.405	-4235.644	261.2392	2.072685	0.61788	0.38212	1.229348
39810	-3989.04	-4250.351	261.3108	2.072685	0.655724	0.344276	1.167938
39816	-4000.507	-4261.96	261.4525	2.171746	0.672437	0.327563	0.9378131
39822	-3991.458	-4252.581	261.1236	1.952848	0.648957	0.351043	1.418709
39828	-4001.664	-4262.966	261.3014	1.989098	0.684874	0.315126	1.247287
39834	-3989.44	-4250.623	261.1835	1.949469	0.690018	0.309982	1.374664
39840	-3992.599	-4253.536	260.9372	1.808268	0.729808	0.270192	1.663901
39846	-3989.093	-4250.156	261.063	1.907758	0.623163	0.376837	1.499125
39852	-3997.407	-4258.334	260.9276	1.789195	0.771924	0.228076	1.684332
39858	-3995.221	-4256.069	260.8472	1.803003	0.693854	0.306146	1.731379
39864	-4001.651	-4262.416	260.7654	1.746657	0.751893	0.248107	1.827501
39870	-3999.064	-4260.041	260.9771	1.83498	0.712724	0.287276	1.615983
39876	-3990.72	-4251.638	260.9182	1.883206	0.757098	0.242902	1.623729
39882	-3986.152	-4247.263	261.1117	1.943355	0.585399	0.414601	1.43519
39888	-4001.235	-4262.397	261.1615	1.943355	0.716004	0.283996	1.396628
39894	-3992.587	-4253.559	260.9715	1.859337	0.680354	0.319646	1.602334
39900	-3981.061	-4242.131	261.07	1.909665	0.728834	0.271166	1.492445
39906	-3992.372	-4253.29	260.9186	1.901154	0.68187	0.31813	1.61042
39912	-3993.519	-4254.579	261.0601	1.904227	0.588899	0.411101	1.503921
39918	-3988.61	-4249.403	260.7924	1.880948	0.696502	0.303498	1.715112
39924	-3997.066	-4258.023	260.9573	1.923854	0.696502	0.303498	1.565613
39930	-4000.276	-4261.197	260.9214	1.941698	0.586125	0.413875	1.57881
39936	-3993.85	-4254.572	260.7226	1.759183	0.829245	0.170755	1.848316
39942	-3993.228	-4253.922	260.6935	1.78819	0.691872	0.308128	1.848316
39948	-3997.193	-4257.896	260.7035	1.78819	0.720571	0.279429	1.841497
39954	-3994.039	-4254.783	260.7438	1.749568	0.631624	0.368376	1.840307
39960	-4009.919	-4271.327	261.4084	2.110241	0.765372	0.234628	1.044535
39966	-3985.259	-4246.69	261.4313	2.132221	0.669498	0.330502	1.000592
39972	-3986.288	-4247.72	261.4313	2.132221	0.738898	0.261102	1.000592
39978	-3981.311	-4242.771	261.4597	2.235486	0.65673	0.34327	0.8577546
39984	-3979.96	-4241.36	261.3991	2.277893	0.798053	0.201947	0.8791135
39990	-3978.859	-4240.227	261.3682	2.332701	0.765725	0.234275	0.8508455
39996	-3988.129	-4249.512	261.3831	2.475123	0.677817	0.322183	0.5839663
40002	-3987.701	-4249.04	261.3386	2.498198	0.665246	0.334754	0.6422844
40008	-3983.848	-4245.262	261.4136	2.419799	0.638309	0.361691	0.6498081
40014	-3980.508	-4241.927	261.4188	2.41454	0.611244	0.388756	0.6499086
40020	-3987.144	-4248.509	261.3652	2.095547	0.67947	0.32053	1.098789
40026	-4005.921	-4267.364	261.443	2.134755	0.733943	0.266057	0.9861968
40032	-3993.108	-4254.55	261.442	2.18744	0.718921	0.281079	0.9322297
40038	-3989.664	-4251.055	261.391	2.238406	0.67104	0.32896	0.9322297
40044	-3975.507	-4236.906	261.3995	2.165388	0.711594	0.288406	0.9992498
40050	-3998.031	-4259.433	261.4018	2.150197	0.752354	0.247646	1.011975
40056	-3990.219	-4251.579	261.3601	2.117233	0.614441	0.385559	1.083502
40062	-3996.711	-4258.052	261.3408	2.117233	0.614441	0.385559	1.101247
40068	-4000.871	-4262.257	261.3854	2.072606	0.649212	0.350788	1.101247
40074	-3996.717	-4258.208	261.4909	2.189413	0.659784	0.340216	0.8753344
40080	-3993.968	-4255.44	261.4719	2.208348	0.653605	0.346395	0.8753344
40086	-4009.791	-4271.17	261.3797	2.130224	0.702797	0.297203	1.052833
40092	-3988.753	-4250.068	261.3153	2.12965	0.735445	0.264555	1.113181
40098	-3983.985	-4245.401	261.4159	2.087581	0.735445	0.264555	1.058912
40104	-3988.219	-4249.553	261.3347	2.382636	0.672351	0.327649	0.8305806
40110	-3991.703	-4253.099	261.3954	2.396778	0.64845	0.35155	0.7255165
40116	-3998.877	-4260.215	261.3383	2.450576	0.765554	0.234446	0.7308537
40122	-3988.434	-4249.846	261.4117	2.377189	0.703042	0.296958	0.7308537
40128	-3982.125	-4243.515	261.3904	2.37866	0.726813	0.273187	0.7609077
40134	-3994.397	-4255.585	261.1887	2.102054	0.749039	0.250961	1.247092
40140	-3999.342	-4260.7	261.358	2.437015	0.699391	0.300609	0.720889
40146	-3990.908	-4252.288	261.3797	2.356902	0.699391	0.300609	0.8057351
40152	-3979.714	-4241.14	261.4262	2.354393	0.70545	0.29455	0.7436143
40158	-4006.503	-4267.888	261.3846	2.344866	0.686286	0.313714	0.8150224
40164	-3996.639	-4257.955	261.3164	2.26822	0.726694	0.273306	0.9792554
40170	-3981.419	-4242.789	261.3703	2.26822	0.726694	0.273306	0.9223685
40176	-3977.168	-4238.503	261.3341	2.196902	0.684646	0.315354	1.032578
40182	-3972.847	-4234.249	261.402	2.142598	0.702479	0.297521	1.019325
40188	-3991.993	-4253.398	261.4047	2.121827	0.651171	0.348829	1.036904
40194	-3988.965	-4250.266	261.301	2.077824	0.579172	0.420828	1.171974
40200	-3991.012	-4252.378	261.3653	2.150528	0.777848	0.222152	1.047171
40206	-3985.792	-4247.215	261.4232	2.092641	0.751122	0.248878	1.047171
40212	-3987.166	-4248.439	261.2737	2.140404	0.751122	0.248878	1.14086
40218	-3985.841	-4247.23	261.389	2.165164	0.648335	0.351665	1.009926
40224	-3981.577	-4242.953	261.3763	2.223113	0.674394	0.325606	0.9640525
40230	-3984.812	-4246.189	261.3763	2.223113	0.64555	0.35445	0.9640525
40236	-3990.814	-4252.275	261.4606	2.247641	0.757626	0.242374	0.8418545
40242	-3997.777	-4258.835	261.0573	1.922463	0.69321	0.30679	1.492366
40248	-4000.765	-4261.768	261.0029	1.850774	0.751329	0.248671	1.585741
40254	-4008.692	-4270.124	261.4327	1.975129	0.620979	0.379021	1.1465
40260	-3994.828	-4255.994	261.1664	1.898916	0.684723	0.315277	1.427295
40266	-3985.323	-4246.418	261.0941	1.898916	0.665781	0.334219	1.482328
40272	-3982.322	-4243.39	261.0688	1.886733	0.670801	0.329199	1.510503
40278	-3989.067	-4250.251	261.1832	1.957736	0.755511	0.244489	1.368369
40284	-3986.142	-4247.336	261.1936	1.855909	0.756388	0.243612	1.439425
40290	-4000.639	-4261.892	261.2522	1.914087	0.747793	0.252207	1.348332
40296	-3993.378	-4254.399	261.0201	1.784676	0.666207	0.333793	1.621274
40302	-4002.043	-4263.194	261.1514	1.917938	0.789734	0.210266	1.424195
40308	-4001.699	-4262.763	261.0639	1.883338	0.731825	0.268175	1.516683
40314	-4001.788	-4262.955	261.1666	1.90462	0.650877	0.349123	1.422724
40320	-4007.818	-4268.968	261.1501	2.036521	0.650877	0.349123	1.332085
40326	-3998.735	-4260.067	261.3316	2.077277	0.650877	0.349123	1.145549
40332	-4007.678	-4268.017	260.3395	1.725124	0.701297	0.298703	2.127127
40338	-4009.771	-4270.074	260.3034	1.733572	0.658811	0.341189	2.145181
40344	-4002.793	-4263.908	261.1147	1.860637	0.689429	0.310571	1.495648
40350	-4006.711	-4267.089	260.378	1.719175	0.611069	0.388931	2.105797
40356	-3999.643	-4259.369	259.7258	1.567997	0.660834	0.339166	2.615986
40362	-3998.557	-4258.543	259.9863	1.593349	0.795528	0.204472	2.437739
40368	-3997.585	-4257.605	260.0198	1.559909	0.663425	0.336575	2.437739
40374	-3983.318	-4242.899	259.5807	1.5801	0.768922	0.231078	2.697906
40380	-3980.13	-4238.786	258.656	1.403158	0.64021	0.35979	3.358156
40386	-3983.15	-4242.294	259.1437	1.431574	0.630655	0.369345	3.052394
40392	-3995.773	-4257.115	261.3421	2.067778	0.697635	0.302365	1.144701
40398	-4007.123	-4268.368	261.2454	2.054522	0.705381	0.294619	1.239404
40404	-3999.129	-4259.809	260.6799	1.661493	0.655823	0.344177	1.943599
40410	-4004.604	-4265.866	261.2618	1.981082	0.657373	0.342627	1.286636
40416	-4007.931	-4268.874	260.9432	1.901113	0.654279	0.345721	1.592549
40422	-3986.022	-4246.598	260.5764	1.757977	0.620751	0.379249	1.948346
40428	-3993.445	-4254.316	260.8706	1.829587	0.613261	0.386739	1.696134
40434	-3991.852	-4252.757	260.9041	1.79603	0.678558	0.321442	1.696134
40440	-3987.251	-4248.497	261.2465	2.00182	0.660741	0.339259	1.282167
40446	-4000.958	-4261.982	261.0246	1.893526	0.744348	0.255652	1.538343
40452	-4009.024	-4270.078	261.0547	1.992204	0.63613	0.36387	1.441402
40458	-3988.789	-4249.954	261.1644	1.934118	0.695438	0.304562	1.40156
40464	-3996.074	-4257.197	261.1228	1.991253	0.767044	0.232956	1.389458
40470	-3988.697	-4249.959	261.2623	1.860424	0.663059	0.336941	1.38269
40476	-3999.8	-4261.09	261.2899	1.966022	0.695084	0.304916	1.275947
40482	-3997.934	-4259.209	261.2751	2.143892	0.70227	0.29773	1.136568
40488	-3997.801	-4258.996	261.195	2.003499	0.70227	0.29773	1.322554
40494	-3987.429	-4248.672	261.243	2.000798	0.629029	0.370971	1.2859
40500	-3985.726	-4247.055	261.3294	2.110742	0.661293	0.338707	1.11754
40506	-4004.21	-4265.57	261.3604	2.110742	0.801315	0.198685	1.089199
40512	-3987.666	-4249.002	261.3364	2.16981	0.710755	0.289245	1.056312
40518	-3984.159	-4245.565	261.4065	2.190997	0.737968	0.262032	0.9660279
40524	-3988.869	-4250.329	261.4605	2.190997	0.707255	0.292745	0.9080553
40530	-4007.574	-4268.911	261.337	2.118213	0.72702	0.27298	1.103837
40536	-3994.857	-4256.205	261.3472	2.100382	0.78491	0.21509	1.110748
40542	-3999.735	-4261.076	261.3407	2.137611	0.704538	0.295462	1.082578
40548	-3999.488	-4260.694	261.2055	2.134697	0.709957	0.290043	1.205306
40554	-4008.95	-4270.104	261.1537	1.986399	0.77066	0.22934	1.369071
40560	-3984.216	-4245.397	261.181	1.959115	0.77066	0.22934	1.369071
40566	-3986.846	-4248.023	261.1769	2.092667	0.752045	0.247955	1.264635
40572	-3987.035	-4248.401	261.3657	2.458804	0.7253	0.2747	0.6681548
40578	-3986.821	-4248.19	261.3687	2.299081	0.700008	0.299992	0.8897177
40584	-3974.247	-4235.664	261.4168	2.220824	0.733414	0.266586	0.9233206
40590	-3979.257	-4240.544	261.2869	2.155269	0.744519	0.255481	1.115704
40596	-3983.825	-4245.219	261.3937	2.048496	0.694196	0.305804	1.115704
40602	-3985.552	-4246.746	261.1943	2.069331	0.761685	0.238315	1.269567
40608	-3982.174	-4243.277	261.1029	2.138444	0.761449	0.238551	1.287868
40614	-3985.554	-4246.896	261.3423	2.156185	0.666361	0.333639	1.06367
40620	-3989.404	-4250.736	261.3322	2.102681	0.729684	0.270316	1.122259
40626	-4012.093	-4273.385	261.2921	2.017372	0.823623	0.176377	1.23138
40632	-3979.539	-4240.867	261.3286	2.10075	0.621826	0.378174	1.127231
40638	-3987.686	-4249.068	261.3822	2.044556	0.701614	0.298386	1.129594
40644	-3994.68	-4255.85	261.1699	1.940386	0.668132	0.331868	1.392435
40650	-3996.77	-4258.078	261.308	2.035806	0.72386	0.27614	1.202189
40656	-3999.734	-4261.089	261.3547	2.145166	0.684599	0.315401	1.06234
40662	-3995.889	-4257.087	261.1977	2.015428	0.651491	0.348509	1.31083
40668	-3993.986	-4255.459	261.4725	1.968303	0.678385	0.321615	1.116972
40674	-3997.522	-4258.925	261.4032	2.037584	0.695069	0.304931	1.116972
40680	-3988.01	-4249.455	261.4451	2.082922	0.663116	0.336884	1.035446
40686	-3991.341	-4252.625	261.2841	2.082922	0.683716	0.316284	1.182244
40692	-3993.857	-4255.138	261.2802	2.158823	0.649006	0.350994	1.11856
40698	-3994.938	-4256.297	261.3589	2.092411	0.718471	0.281529	1.107434
40704	-4002.904	-4264.284	261.3799	2.173052	0.763574	0.236426	1.011075
40710	-3978.384	-4239.789	261.4049	2.173052	0.649883	0.350117	0.9859946
40716	-3989.312	-4250.72	261.4087	2.148255	0.686965	0.313035	1.007094
40722	-3987.006	-4248.393	261.3875	2.192924	0.707125	0.292875	0.9835528
40728	-3995.555	-4256.796	261.2406	2.192924	0.751393	0.248607	1.123503
40734	-4000.017	-4261.256	261.2392	2.160753	0.703819	0.296181	1.153454
40740	-3991.574	-4252.874	261.3001	2.101469	0.676507	0.323493	1.15203
40746	-3995.157	-4256.4	261.2437	2.059946	0.645722	0.354278	1.236269
40752	-4000.108	-4261.388	261.28	2.048895	0.627043	0.372957	1.214987
40758	-3992.288	-4253.612	261.3233	2.034819	0.645082	0.354918	1.189952
40764	-3997.686	-4258.303	260.6174	1.790101	0.734543	0.265457	1.898955
40770	-3992.652	-4253.27	260.6174	1.790101	0.737907	0.262093	1.898955
40776	-3988.988	-4249.711	260.7224	1.775284	0.74598	0.25402	1.837351
40782	-3995.431	-4255.893	260.4611	1.819412	0.73142	0.26858	1.984457
40788	-4002.045	-4262.811	260.7662	1.77102	0.72732	0.27268	1.810159
40794	-4003.499	-4264.542	261.0424	1.892009	0.711661	0.288339	1.526275
40800	-3994.389	-4255.768	261.3793	2.019027	0.671639	0.328361	1.154902
40806	-4003.083	-4264.306	261.223	2.115976	0.613102	0.386898	1.206323
40812	-3991.71	-4253.086	261.3762	2.221989	0.644291	0.355709	0.9652893
40818	-3979.304	-4240.764	261.4599	2.221989	0.633282	0.366718	0.8734254
40824	-3992.189	-4253.565	261.3761	2.224296	0.586872	0.413128	0.9630283
40830	-3990.263	-4251.728	261.4656	2.049545	0.661509	0.338491	1.047864
40836	-3988.585	-4249.789	261.2041	2.01099	0.746736	0.253264	1.309235
40842	-4003.299	-4264.082	260.7827	1.793517	0.596234	0.403766	1.783123
40848	-4010.152	-4270.798	260.6465	1.735583	0.659777	0.340223	1.916169
40854	-3993.068	-4254.32	261.2523	1.879925	0.721407	0.278593	1.375282
40860	-3997.001	-4258.048	261.0468	1.878866	0.804987	0.195013	1.532732
40866	-3999.428	-4260.613	261.1852	1.877919	0.760134	0.239866	1.428984
40872	-4003.167	-4264.458	261.291	2.053892	0.593889	0.406111	1.201276
40878	-4002.784	-4263.96	261.1761	2.053892	0.761611	0.238389	1.29714
40884	-4005.808	-4267.047	261.2395	1.990483	0.76097	0.23903	1.29714
40890	-3995.678	-4256.974	261.2965	2.013868	0.706145	0.293855	1.230608
40896	-3999.653	-4260.859	261.2063	2.0463	0.668303	0.331697	1.278625
40902	-4001.19	-4262.388	261.1987	2.100493	0.692374	0.307626	1.24003
40908	-3994.638	-4256.039	261.4009	2.093135	0.698933	0.301067	1.067841
40914	-3979.706	-4241.107	261.4017	2.202573	0.639442	0.360558	0.9589119
40920	-4011.485	-4272.919	261.4347	2.288413	0.654032	0.345968	0.8231892
40926	-4003.239	-4264.689	261.4494	2.288413	0.694893	0.305107	0.8041488
40932	-4003.111	-4264.518	261.4072	2.223938	0.707233	0.292767	0.9304236
40938	-3992.592	-4253.982	261.3902	2.228744	0.632066	0.367934	0.9435184
40944	-4001.413	-4262.795	261.3825	2.280023	0.58718	0.41282	0.8957251
40950	-4003.168	-4264.653	261.4847	2.250788	0.671314	0.328686	0.8072535
40956	-4002.414	-4263.843	261.4289	2.262535	0.617657	0.382343	0.8622105
40962	-4000.003	-4261.462	261.4592	2.238704	0.634769	0.365231	0.85443
40968	-3984.962	-4246.368	261.4064	2.184365	0.728423	0.271577	0.9729734
40974	-3988.867	-4250.256	261.389	2.187838	0.854649	0.145351	0.9871194
40980	-3995.296	-4256.613	261.3166	2.514432	0.728784	0.271216	0.6549161
40986	-3994.857	-4256.227	261.3694	2.461657	0.718574	0.281426	0.6549161
40992	-3991.483	-4252.727	261.2441	1.991663	0.662586	0.337414	1.292402
40998	-3988.982	-4250.313	261.3313	2.171032	0.707718	0.292282	1.06004
41004	-3993.145	-4254.565	261.4206	2.148964	0.673483	0.326517	0.9944698
41010	-3987.432	-4248.848	261.4165	2.183123	0.621339	0.378661	0.9638278
41016	-3975.939	-4237.358	261.4186	2.166801	0.72169	0.27831	0.9784645
41022	-3980.266	-4241.653	261.387	2.171813	0.760439	0.239561	1.005286
41028	-3990.082	-4251.47	261.3884	2.170397	0.65216	0.34784	1.005286
41034	-4003.135	-4264.489	261.3541	2.177424	0.598035	0.401965	1.032059
41040	-3987.243	-4248.571	261.3279	2.203601	0.76188	0.23812	1.032059
41046	-3981.031	-4242.41	261.3793	2.15223	0.661119	0.338881	1.032059
41052	-3977.728	-4239.113	261.3846	2.15223	0.661119	0.338881	1.026896
41058	-3988.908	-4250.241	261.3327	2.085569	0.64818	0.35182	1.137161
41064	-3983.807	-4245.166	261.3584	2.103339	0.745042	0.254958	1.097859
41070	-3972.215	-4233.522	261.3065	2.084929	0.69825	0.30175	1.160961
41076	-3973.769	-4235.124	261.3544	2.086583	0.654962	0.345038	1.116753
41082	-3977.374	-4238.635	261.2605	2.089005	0.763174	0.236826	1.19735
41088	-3987.193	-4248.457	261.2643	2.089005	0.522914	0.477086	1.194045
41094	-4004.705	-4266.059	261.3531	2.137423	0.647795	0.352205	1.071113
41100	-4011.081	-4272.54	261.4593	2.117322	0.665246	0.334754	0.9874022
41106	-4001.778	-4263.143	261.3651	2.305147	0.763514	0.236486	0.8869775
41112	-3999.148	-4260.565	261.4171	2.253119	0.702119	0.297881	0.8869775
41118	-3995.793	-4257.236	261.4435	2.253119	0.702119	0.297881	0.855935
41124	-4000.934	-4262.296	261.3614	2.360787	0.611998	0.388002	0.8244004
41130	-4004.961	-4266.116	261.1545	1.97179	0.72149	0.27851	1.379878
41136	-3990.977	-4251.866	260.8881	1.858678	0.738309	0.261691	1.662938
41142	-3989.854	-4250.837	260.9832	1.858678	0.752078	0.247922	1.594356
41148	-3989.663	-4250.678	261.0157	1.826166	0.657693	0.342307	1.594356
41154	-3984.941	-4245.704	260.7626	1.751877	0.711148	0.288852	1.825789
41160	-3982.178	-4242.451	260.2728	1.670519	0.65067	0.34933	2.205988
41166	-3997.118	-4257.913	260.7955	1.723312	0.712963	0.287037	1.822842
41172	-4003.762	-4265.151	261.3888	2.245609	0.592563	0.407437	0.9268556
41178	-4003.352	-4264.71	261.358	2.220665	0.716036	0.283964	0.985284
41184	-3989.593	-4249.993	260.4007	1.720362	0.735198	0.264802	2.090095
41190	-3976.093	-4236.864	260.7711	1.660505	0.77621	0.22379	1.882575
41196	-3986.1	-4246.784	260.6834	1.748228	0.703921	0.296079	1.882575
41202	-3987.28	-4248.142	260.8615	1.760063	0.644331	0.355669	1.751532
41208	-3997.205	-4258.041	260.8354	1.803674	0.661648	0.338352	1.739246
41214	-4007.322	-4268.115	260.7931	1.803674	0.705486	0.294514	1.768801
41220	-4010.608	-4271.897	261.2889	2.134404	0.675457	0.324543	1.132649
41226	-3969.969	-4231.258	261.2887	2.097516	0.641356	0.358644	1.165529
41232	-3998.95	-4259.367	260.4177	1.797308	0.572495	0.427505	2.028098
41238	-3994.191	-4254.855	260.6633	1.815396	0.572495	0.427505	1.850404
41244	-3992.954	-4253.537	260.5831	1.748644	0.835893	0.164107	1.950115
41250	-3988.313	-4248.993	260.6809	1.790091	0.755136	0.244864	1.855645
41256	-3982.259	-4243.124	260.8654	1.825903	0.755136	0.244864	1.702437
41262	-3971.258	-4232.23	260.9721	1.829819	0.737341	0.262659	1.623308
41268	-3982.05	-4243.128	261.0773	1.840336	0.666655	0.333345	1.538709
41274	-3971.125	-4232.149	261.0236	1.83742	0.702849	0.297151	1.580345
41280	-3989.16	-4250.128	260.9679	1.893095	0.741387	0.258613	1.580345
41286	-3994.74	-4255.845	261.1056	2.055089	0.620881	0.379119	1.352772
41292	-3996.935	-4258.171	261.2361	2.014729	0.656713	0.343287	1.280138
41298	-3989.852	-4251.113	261.2607	1.95774	0.76795	0.23205	1.306521
41304	-4001.761	-4262.998	261.237	1.981394	0.687842	0.312158	1.306521
41310	-3986.067	-4247.296	261.2293	2.024917	0.687842	0.312158	1.277287
41316	-3988.998	-4249.962	260.9636	1.843124	0.687842	0.312158	1.619842
41322	-4000.584	-4261.457	260.8738	1.773739	0.737281	0.262719	1.733272
41328	-4005.698	-4266.803	261.1042	1.897932	0.722312	0.277688	1.475474
41334	-4001.484	-4262.795	261.3109	2.084879	0.618545	0.381455	1.157109
41340	-3997.91	-4259.059	261.1484	1.86735	0.666481	0.333519	1.465138
41346	-3993.223	-4254.076	260.8527	1.832429	0.671658	0.328342	1.706791
41352	-4010.324	-4271.381	261.0569	1.88172	0.673642	0.326358	1.523124
41358	-4011.954	-4272.898	260.9439	1.896398	0.666596	0.333404	1.595457
41364	-4005.101	-4266.389	261.288	1.970045	0.59885	0.40115	1.274152
41370	-3995.91	-4256.919	261.0082	1.876016	0.649771	0.350229	1.563353
41376	-3997.853	-4258.981	261.1286	1.905288	0.58542	0.41458	1.45135
41382	-3987.194	-4248.39	261.1962	1.916909	0.76152	0.23848	1.390227
41388	-3987.38	-4248.488	261.1074	1.861	0.687276	0.312724	1.500838
41394	-3987.861	-4248.898	261.0364	1.861	0.661205	0.338795	1.553677
41400	-3997.92	-4258.686	260.7661	1.755753	0.661205	0.338795	1.820763
41406	-3988.683	-4249.39	260.7069	1.685482	0.635549	0.364451	1.909183
41412	-3983.321	-4243.872	260.5501	1.76012	0.717965	0.282035	1.964539
41418	-3971.972	-4232.669	260.6976	1.76012	0.705535	0.294465	1.864721
41424	-3983.649	-4244.36	260.7108	1.774069	0.660178	0.339822	1.846162
41430	-3994.915	-4255.457	260.5419	1.728182	0.660178	0.339822	1.991434
41436	-3986.135	-4246.792	260.6573	1.674813	0.702927	0.297073	1.949877
41442	-3989.455	-4249.539	260.0837	1.583599	0.750388	0.249612	2.382434
41448	-3984.619	-4244.996	260.3774	1.659601	0.6163	0.3837	2.14516
41454	-3985.764	-4246.389	260.6253	1.713917	0.6163	0.3837	1.945083
41460	-3999.755	-4260.894	261.1394	1.890757	0.722329	0.277671	1.454174
41466	-4004.173	-4265.408	261.2351	1.9365	0.722329	0.277671	1.344148
41472	-3994.83	-4255.792	260.962	1.869333	0.674581	0.325419	1.602001
41478	-3994.428	-4255.561	261.133	1.869333	0.64124	0.35876	1.475298
41484	-3992.936	-4253.594	260.658	1.725643	0.639036	0.360964	1.915104
41490	-3986.448	-4247.429	260.9812	1.822191	0.715509	0.284491	1.622272
41496	-3974.76	-4235.818	261.0588	1.980232	0.676296	0.323704	1.447429
41502	-3986.167	-4247.107	260.9406	1.800265	0.755204	0.244796	1.667189
41508	-3982.224	-4243.327	261.1032	1.85574	0.734417	0.265583	1.507964
41514	-3981.819	-4242.721	260.9017	1.866143	0.735624	0.264376	1.647865
41520	-3974.53	-4235.506	260.9764	1.83135	0.685773	0.314227	1.619106
41526	-3990.057	-4250.619	260.5619	1.735637	0.718977	0.281023	1.973053
41532	-3991.949	-4252.683	260.7344	1.732497	0.738438	0.261562	1.858446
41538	-3992.858	-4253.681	260.8224	1.880871	0.720881	0.279119	1.693949
41544	-3988.528	-4249.828	261.3	2.042126	0.683485	0.316515	1.203685
41550	-3996.265	-4257.513	261.2476	1.956662	0.687885	0.312115	1.317964
41556	-3995.739	-4257.015	261.2753	1.910207	0.683665	0.316335	1.333001
41562	-4010.145	-4271.491	261.3462	2.065021	0.74492	0.25508	1.143426
41568	-3997.148	-4258.456	261.3084	2.117113	0.645746	0.354254	1.130701
41574	-3985.494	-4246.898	261.4048	1.985165	0.657026	0.342974	1.162221
41580	-3986.32	-4247.641	261.321	2.023622	0.614943	0.385057	1.201525
41586	-4002.188	-4263.52	261.332	2.026884	0.79843	0.20157	1.189302
41592	-3985.109	-4245.639	260.5302	1.70541	0.583848	0.416152	2.014385
41598	-3991.213	-4252.01	260.7966	1.713586	0.618231	0.381769	1.82875
41604	-3988.041	-4248.979	260.9383	1.909311	0.626124	0.373876	1.590121
41610	-4002.22	-4263.109	260.8887	1.871335	0.641558	0.358442	1.653494
41616	-3993.938	-4254.701	260.763	1.730731	0.686739	0.313261	1.840105
41622	-3999.981	-4261.413	261.4322	2.224282	0.709224	0.290776	0.9025435
41628	-3990.615	-4252	261.3859	2.360302	0.709224	0.290776	0.7929413
41634	-3980.867	-4242.293	261.4259	2.286852	0.709224	0.290776	0.8362464
41640	-3991.138	-4252.519	261.3806	2.293304	0.680972	0.319028	0.8827079
41646	-3995.579	-4257.023	261.4436	2.256008	0.752616	0.247384	0.8524012
41652	-3998.135	-4259.556	261.4204	2.274438	0.730592	0.269408	0.8581747
41658	-3981.314	-4242.743	261.4281	2.274438	0.717945	0.282055	0.8487947
41664	-3994.497	-4255.922	261.425	2.281689	0.805233	0.194767	0.843813
41670	-3999.288	-4260.38	261.0916	1.83576	0.585747	0.414253	1.531503
41676	-3990.267	-4250.936	260.6689	1.777533	0.711684	0.288316	1.872483
41682	-3999.419	-4260.577	261.158	1.837012	0.692727	0.307273	1.480869
41688	-3977.98	-4238.843	260.8627	1.906237	0.704687	0.295313	1.64706
41694	-3977.204	-4238.107	260.9028	1.866196	0.669292	0.330708	1.64706
41700	-3983.464	-4244.288	260.8243	1.835719	0.689147	0.310853	1.724474
41706	-3995.16	-4256.227	261.0671	1.828915	0.725686	0.274314	1.554654
41712	-3996.237	-4257.594	261.3573	1.986056	0.725686	0.274314	1.202592
41718	-3997.417	-4258.706	261.289	2.066493	0.685076	0.314924	1.192204
41724	-4003.849	-4265.11	261.2608	2.036935	0.685076	0.314924	1.241212
41730	-3995.086	-4256.435	261.3495	2.345337	0.784002	0.215998	0.8581518
41736	-3995.69	-4257.073	261.3829	2.345337	0.592456	0.407544	0.8166339
41742	-4001.134	-4262.473	261.3396	2.396121	0.724145	0.275855	0.806882
41748	-3995.545	-4256.897	261.3521	2.334493	0.789789	0.210211	0.8679288
41754	-4004.858	-4266.208	261.3497	2.334994	0.768678	0.231322	0.8702007
41760	-3984.766	-4246.212	261.4457	2.284248	0.671067	0.328933	0.8145089
41766	-3991.235	-4252.669	261.4343	2.284248	0.645006	0.354994	0.829061
41772	-3990.326	-4251.717	261.3907	2.300564	0.661337	0.338663	0.8623349
41778	-3992.603	-4254.025	261.4226	2.190328	0.670175	0.329825	0.9499092
41784	-3997.084	-4258.533	261.4494	2.216174	0.642773	0.357227	0.8923033
41790	-3998.78	-4260.173	261.3926	2.315336	0.616381	0.383619	0.8422109
41796	-3997.347	-4258.787	261.4404	2.265592	0.728286	0.271714	0.8445536
41802	-3980.148	-4241.515	261.367	2.213237	0.733364	0.266636	0.9837373
41808	-3976.603	-4238.055	261.4517	2.128524	0.772577	0.227423	0.9837373
41814	-3989.101	-4250.506	261.4044	2.185634	0.772577	0.227423	0.9737098
41820	-3981.772	-4243.19	261.4181	2.185634	0.568078	0.431922	0.9595317
41826	-3990.126	-4251.393	261.2666	2.044772	0.735548	0.264452	1.229752
41832	-3983.369	-4244.624	261.2546	2.056782	0.611907	0.388093	1.229752
41838	-3980.467	-4241.646	261.1792	2.023434	0.677632	0.322368	1.319288
41844	-3976.019	-4237.338	261.3187	2.048907	0.677632	0.322368	1.181773
41850	-3985.143	-4246.376	261.2335	2.05208	0.639187	0.360813	1.251369
41856	-3998.467	-4259.739	261.2717	2.047372	0.670799	0.329201	1.223289
41862	-3981.571	-4242.905	261.3334	2.088543	0.674664	0.325336	1.133911
41868	-4011.393	-4272.805	261.4112	2.099714	0.642587	0.357413	1.051833
41874	-4000.705	-4262.021	261.3164	2.073847	0.73441	0.26559	1.161951
41880	-4000.555	-4261.785	261.2301	2.056691	0.805279	0.194721	1.25037
41886	-3975.401	-4236.659	261.258	2.051843	0.691839	0.308161	1.231029
41892	-3995.698	-4256.993	261.2957	2.219092	0.686739	0.313261	1.048196
41898	-3991.63	-4253.001	261.3712	2.340264	0.725229	0.274771	0.8378345
41904	-3986.734	-4248.084	261.3497	2.359767	0.713054	0.286946	0.8403232
41910	-4000.275	-4261.62	261.345	2.383003	0.682393	0.317607	0.8169822
41916	-4000.406	-4261.799	261.3925	2.400278	0.636368	0.363632	0.7244948
41922	-3990.677	-4252.059	261.3823	2.416489	0.77139	0.22861	0.7146613
41928	-3992.435	-4253.812	261.3765	2.39498	0.681385	0.318615	0.7572792
41934	-3990.332	-4251.71	261.3787	2.404803	0.61935	0.38065	0.7392422
41940	-3992.099	-4253.48	261.3807	2.446467	0.697335	0.302665	0.6628544
41946	-3997.437	-4258.732	261.2953	2.553084	0.609908	0.390092	0.6138339
41952	-3990.904	-4252.158	261.2547	2.603137	0.666828	0.333172	0.5852587
41958	-3983.3	-4244.581	261.2818	2.56304	0.666828	0.333172	0.6231652
41964	-3991.115	-4252.419	261.3041	2.56304	0.666828	0.333172	0.5448908
41970	-3980.429	-4241.783	261.3543	2.465312	0.647758	0.352242	0.6776968
41976	-3990.388	-4251.721	261.3329	2.497055	0.764185	0.235815	0.6570292
41982	-3978.755	-4240.214	261.4584	2.363683	0.777164	0.222836	0.6729594
41988	-3985.212	-4246.645	261.4334	2.35826	0.721805	0.278195	0.7262858
41994	-3978.995	-4240.38	261.3857	2.35826	0.76403	0.23597	0.7959443
42000	-3994.273	-4255.667	261.3943	2.35826	0.60895	0.39105	0.7842106
42006	-3983.763	-4245.118	261.355	2.35826	0.745516	0.254484	0.8356918
42012	-3999.577	-4260.858	261.2813	2.468559	0.746668	0.253332	0.7878973
42018	-3995.882	-4257.194	261.3119	2.504547	0.721073	0.278927	0.6836808
42024	-4015.319	-4276.637	261.3182	2.504547	0.645806	0.354194	0.6716839
42030	-4002.916	-4264.111	261.1951	2.075218	0.723076	0.276924	1.264005
42036	-4012.017	-4273.319	261.3024	2.065473	0.600816	0.399184	1.181503
42042	-4003.88	-4265.243	261.3631	2.21237	0.728641	0.271359	0.9885356
42048	-3999.395	-4260.842	261.4478	2.103187	0.714123	0.285877	1.012989
42054	-3978.971	-4240.314	261.3426	2.103187	0.63359	0.36641	1.112461
42060	-3975.395	-4236.771	261.3763	2.074929	0.708682	0.291318	1.107447
42066	-3998.954	-4260.324	261.3702	1.958333	0.711271	0.288729	1.215274
42072	-3995.653	-4256.867	261.214	2.009391	0.737302	0.262698	1.302495
42078	-3993.375	-4254.575	261.2004	2.022941	0.737302	0.262698	1.302495
42084	-3990.055	-4251.264	261.2097	1.89661	0.734187	0.265813	1.395546
42090	-3988.746	-4249.921	261.1751	1.951345	0.73196	0.26804	1.379822
42096	-3987.911	-4249.064	261.1534	1.916057	0.627859	0.372141	1.424072
42102	-3995.396	-4256.427	261.0304	2.060009	0.714945	0.285055	1.407892
42108	-3989.079	-4250.258	261.1787	1.838847	0.603426	0.396574	1.463807
42114	-3986.548	-4247.909	261.3603	2.407166	0.595809	0.404191	0.7631415
42120	-3985.504	-4246.864	261.36	2.455231	0.710768	0.289232	0.6860055
42126	-3990.189	-4251.526	261.3374	2.411307	0.748195	0.251805	0.7895225
42132	-4009.351	-4270.303	260.9517	1.893387	0.543363	0.456637	1.591965
42138	-4006.014	-4267.096	261.0817	1.872859	0.777889	0.222111	1.511261
42144	-3988.759	-4250.228	261.4693	2.305178	0.723621	0.276379	0.7528563
42150	-3998.48	-4259.851	261.3713	2.341155	0.699315	0.300685	0.8366203
42156	-3998.22	-4259.651	261.4301	2.397631	0.632405	0.367595	0.6617297
42162	-3983.375	-4244.763	261.3874	2.440299	0.66997	0.33003	0.6617297
42168	-3979.07	-4240.434	261.3635	2.440299	0.723728	0.276272	0.7062603
42174	-3984.162	-4245.504	261.3417	2.440299	0.550594	0.449406	0.7415169
42180	-3966.841	-4228.215	261.3743	2.396156	0.700382	0.299618	0.7588013
42186	-3980.397	-4241.789	261.3914	2.353121	0.566488	0.433512	0.7951614
42192	-3994.238	-4255.14	260.9017	1.813819	0.648641	0.351359	1.685207
42198	-3990.368	-4251.375	261.007	1.897723	0.657582	0.342418	1.548264
42204	-3983.289	-4244.712	261.423	2.252933	0.667204	0.332796	0.8804029
42210	-3995.707	-4257.109	261.4019	2.237182	0.649088	0.350912	0.9217242
42216	-3992.87	-4254.276	261.4065	2.232609	0.736396	0.263604	0.9217242
42222	-3999.173	-4259.793	260.6203	1.750421	0.599319	0.400681	1.923853
42228	-3996.525	-4257.177	260.6513	1.71848	0.655724	0.344276	1.92449
42234	-3994.145	-4254.725	260.5799	1.655928	0.632253	0.367747	2.014254
42240	-4018.639	-4279.901	261.262	1.983758	0.746947	0.253053	1.284284
42246	-4014.176	-4275.506	261.3292	1.869065	0.615044	0.384956	1.322819
42252	-4010.163	-4271.12	260.9575	1.822213	0.695461	0.304539	1.639304
42258	-3991.005	-4251.875	260.8698	1.875984	0.652169	0.347831	1.66365
42264	-3981.646	-4242.59	260.9439	1.825775	0.751352	0.248648	1.646513
42270	-3986.618	-4247.56	260.9424	1.827307	0.659476	0.340524	1.646513
42276	-3995.853	-4256.665	260.8125	1.741096	0.655261	0.344739	1.798825
42282	-3987.562	-4248.763	261.2004	1.988195	0.695808	0.304192	1.330515
42288	-3986.094	-4247.091	260.9965	1.962757	0.611234	0.388766	1.507703
42294	-3993.628	-4254.609	260.9816	1.817737	0.586007	0.413993	1.625187
42300	-3997.709	-4258.668	260.9595	1.839813	0.542093	0.457907	1.625187
42306	-3966.48	-4227.57	261.0908	1.830319	0.721722	0.278278	1.536138
42312	-3980.75	-4241.733	260.9827	1.840484	0.714685	0.285315	1.607917
42318	-4000.639	-4261.666	261.027	1.806396	0.716536	0.283464	1.600496
42324	-3997.449	-4258.27	260.8215	1.835884	0.716536	0.283464	1.726372
42330	-3997.497	-4258.293	260.7952	1.810179	0.658729	0.341271	1.7628
42336	-3994.536	-4255.639	261.1036	1.835723	0.712581	0.287419	1.522623
42342	-3998.027	-4259.133	261.1057	1.806244	0.668259	0.331741	1.542878
42348	-3993.889	-4254.847	260.9579	1.780007	0.668259	0.331741	1.669257
42354	-4006.871	-4267.581	260.7096	1.725187	0.661139	0.338861	1.880418
42360	-4019.099	-4279.707	260.6081	1.736827	0.670341	0.329659	1.941229
42366	-4011.126	-4271.438	260.3117	1.543906	0.627627	0.372373	2.262447
42372	-4000.743	-4261.588	260.8448	1.747167	0.71995	0.28005	1.772147
42378	-3993.536	-4254.303	260.7664	1.751102	0.648201	0.351799	1.823714
42384	-4007.389	-4268.272	260.8831	1.751102	0.673357	0.326643	1.742671
42390	-3992.559	-4253.435	260.8765	1.872023	0.660802	0.339198	1.661678
42396	-4001.329	-4262.27	260.9417	1.791922	0.670372	0.329628	1.672351
42402	-3990.439	-4251.08	260.6412	1.792924	0.59545	0.40455	1.880856
42408	-3993.498	-4254.437	260.9391	1.838228	0.781512	0.218488	1.64104
42414	-4000.296	-4261.318	261.0222	1.838228	0.708725	0.291275	1.580806
42420	-3986.313	-4247.266	260.9529	1.800651	0.649882	0.350118	1.658142
42426	-3995.196	-4256.135	260.9389	1.765508	0.729191	0.270809	1.693164
42432	-3997.513	-4258.289	260.7755	1.754392	0.774407	0.225593	1.815217
42438	-3995.405	-4256.183	260.7782	1.751656	0.657951	0.342049	1.815217
42444	-3989.546	-4250.605	261.0589	1.799062	0.647983	0.352017	1.582612
42450	-4004.098	-4264.685	260.5862	1.769059	0.71991	0.28009	1.93428
42456	-4001.645	-4262.735	261.0906	1.761738	0.668701	0.331299	1.586699
42462	-3987.553	-4248.274	260.7206	1.649558	0.765828	0.234172	1.924195
42468	-4004.934	-4265.563	260.6296	1.740571	0.595609	0.404391	1.924195
42474	-3999.732	-4260.309	260.5771	1.793082	0.72739	0.27261	1.924195
42480	-3996.474	-4257.259	260.7847	1.702263	0.750354	0.249646	1.844733
42486	-3997.474	-4257.868	260.3938	1.609047	0.714469	0.285531	2.167354
42492	-3993.766	-4253.818	260.052	1.606277	0.687294	0.312706	2.388142
42498	-3981.542	-4241.492	259.9501	1.57282	0.673191	0.326809	2.473351
42504	-3997.771	-4257.801	260.0303	1.620409	0.732099	0.267901	2.392965
42510	-3990.94	-4250.782	259.8415	1.626565	0.654693	0.345307	2.507707
42516	-3989.201	-4249.055	259.8537	1.545003	0.756098	0.243902	2.550933
42522	-3983.859	-4243.938	260.0788	1.524403	0.720862	0.279138	2.422932
42528	-3992.123	-4252.685	260.5617	1.669518	0.703618	0.296382	2.017317
42534	-3984.314	-4244.864	260.55	1.717807	0.703618	0.296382	1.992935
42540	-3981.234	-4241.635	260.4009	1.662677	0.721892	0.278108	2.127773
42546	-3996.514	-4257.073	260.5591	1.72561	0.650194	0.349806	1.981644
42552	-3997.479	-4258.467	260.9879	1.809391	0.664401	0.335599	1.626684
42558	-4012.913	-4273.596	260.683	1.879248	0.685671	0.314329	1.79283
42564	-3994.113	-4254.767	260.654	1.791726	0.739312	0.260688	1.872932
42570	-3999.453	-4260.201	260.7484	1.852513	0.739716	0.260284	1.765939
42576	-3983.137	-4243.882	260.7443	1.846384	0.691106	0.308894	1.773089
42582	-3991.884	-4252.751	260.8671	1.846384	0.664427	0.335573	1.686674
42588	-3985.624	-4246.85	261.2267	1.979441	0.664427	0.335573	1.316461
42594	-3971.926	-4233.085	261.1587	1.964732	0.639998	0.360002	1.382129
42600	-3987.649	-4248.808	261.1587	1.964732	0.74057	0.25943	1.382129
42606	-4009.151	-4270.342	261.1905	1.932545	0.7148	0.2852	1.382429
42612	-3996.42	-4257.568	261.1483	1.941926	0.692931	0.307069	1.407994
42618	-3995.905	-4257.15	261.2452	1.939433	0.730844	0.269156	1.333725
42624	-4000.558	-4261.763	261.2051	1.929753	0.722733	0.277267	1.373213
42630	-3990.301	-4251.571	261.2702	1.888898	0.663245	0.336755	1.354072
42636	-3986.777	-4247.877	261.0997	1.857124	0.716919	0.283081	1.509554
42642	-3993.478	-4254.65	261.1716	1.861723	0.620115	0.379885	1.451805
42648	-4003.288	-4264.409	261.1205	1.848934	0.781641	0.218359	1.500079
42654	-3990.883	-4252.192	261.3092	1.993029	0.711589	0.288411	1.237462
42660	-3984.416	-4245.725	261.3093	2.10951	0.722149	0.277851	1.13669
42666	-3985.125	-4246.51	261.3852	2.032398	0.722149	0.277851	1.137757
42672	-3980.554	-4241.933	261.3791	2.094871	0.58868	0.41132	1.08659
42678	-3991.101	-4252.528	261.4266	2.099031	0.604935	0.395065	1.037805
42684	-3991.952	-4253.17	261.2179	2.080501	0.678119	0.321881	1.240643
42690	-3989.981	-4251.171	261.189	1.946871	0.678119	0.321881	1.372376
42696	-3991.323	-4252.581	261.2586	1.957458	0.564529	0.435471	1.308414
42702	-4006.43	-4267.128	260.6982	1.726956	0.742033	0.257967	1.886972
42708	-4006.187	-4266.997	260.8103	1.829179	0.742033	0.257967	1.738966
42714	-3995.19	-4256.024	260.8339	1.827832	0.732348	0.267652	1.723314
42720	-3985.756	-4247.148	261.3918	2.10047	0.687391	0.312609	1.069541
42726	-3992.847	-4254.137	261.2905	2.102836	0.639963	0.360037	1.159302
42732	-3985.173	-4246.379	261.2062	2.030915	0.716883	0.283117	1.291313
42738	-3967.116	-4228.191	261.0747	2.051795	0.716883	0.283117	1.379711
42744	-3977.188	-4238.264	261.0763	2.050283	0.700433	0.299567	1.379711
42750	-3989.834	-4250.878	261.0447	2.058587	0.700433	0.299567	1.397899
42756	-3982.043	-4243.14	261.097	2.006268	0.665722	0.334278	1.397899
42762	-3977.07	-4238.208	261.138	1.926639	0.654937	0.345063	1.4278
42768	-3980.535	-4241.556	261.021	1.867613	0.728598	0.271402	1.560121
42774	-3983.911	-4244.917	261.0061	1.78755	0.728598	0.271402	1.62926
42780	-3988.695	-4249.628	260.9326	1.861051	0.762306	0.237694	1.62926
42786	-3997.527	-4258.075	260.548	1.819127	0.751149	0.248851	1.926264
42792	-3985.073	-4245.295	260.2223	1.640087	0.751149	0.248851	2.258118
42798	-3982.686	-4243.035	260.3488	1.77605	0.647317	0.352683	2.08764
42804	-3990.95	-4251.645	260.6945	1.897293	0.645207	0.354793	1.772311
42810	-3988.567	-4249.396	260.829	1.985592	0.716018	0.283982	1.614172
42816	-3976.789	-4237.661	260.8719	1.882663	0.69776	0.30224	1.657366
42822	-3998.541	-4259.499	260.9577	1.9274	0.658402	0.341598	1.562686
42828	-3992.662	-4253.534	260.8718	1.860662	0.62557	0.37443	1.673196
42834	-3988.262	-4249.37	261.108	1.939772	0.802847	0.197153	1.440742
42840	-3991.502	-4252.837	261.3348	2.239579	0.683051	0.316949	0.989609
42846	-4005.691	-4267.037	261.347	2.23287	0.75243	0.24757	0.9841226
42852	-3985.293	-4246.63	261.3373	2.24781	0.707786	0.292214	0.9787476
42858	-3990.574	-4251.901	261.3275	2.238893	0.707786	0.292214	0.9977104
42864	-3993.877	-4254.264	260.3875	1.604868	0.717192	0.282808	2.174196
42870	-3986.324	-4246.652	260.3271	1.567392	0.70616	0.29384	2.237485
42876	-3999.998	-4259.97	259.9719	1.517938	0.70616	0.29384	2.494092
42882	-3987.603	-4248.698	261.0947	1.938589	0.656333	0.343667	1.451806
42888	-3989.194	-4250.255	261.0611	2.040241	0.799997	0.200003	1.39937
42894	-3992.467	-4253.784	261.3163	2.040241	0.625202	0.374798	1.191314
42900	-4001.74	-4262.946	261.2059	2.00342	0.625202	0.374798	1.313861
42906	-3996.814	-4258.089	261.2753	2.027456	0.58661	0.41339	1.236985
42912	-3980.888	-4242.376	261.4884	2.1482	0.696344	0.303656	0.9244691
42918	-3988.682	-4250.027	261.3455	2.291106	0.60149	0.39851	0.9244691
42924	-3985.518	-4246.919	261.4009	2.342429	0.77059	0.22941	0.7967779
42930	-3999.832	-4261.287	261.4547	2.276502	0.740699	0.259301	0.8128197
42936	-3979.78	-4241.235	261.4547	2.276502	0.571815	0.428185	0.8128197
42942	-3983.122	-4244.559	261.4367	2.276502	0.701471	0.298529	0.8356521
42948	-3974.031	-4235.428	261.3979	2.31536	0.624738	0.375262	0.8356521
42954	-3983.594	-4244.969	261.3755	2.391401	0.572753	0.427247	0.7640255
42960	-3986.232	-4247.634	261.4018	2.347749	0.650646	0.349354	0.7883265
42966	-3980.366	-4241.724	261.3582	2.390937	0.716432	0.283568	0.7889768
42972	-3990.466	-4251.782	261.3159	1.989831	0.639812	0.360188	1.234492
42978	-3987.843	-4249.149	261.3055	2.042771	0.659803	0.340197	1.198399
42984	-3984.226	-4245.474	261.2483	2.017925	0.733668	0.266332	1.267445
42990	-3996.403	-4257.821	261.418	2.313972	0.61259	0.38741	0.8117772
42996	-3988.591	-4249.991	261.4003	2.331295	0.760894	0.239106	0.8122593
